[09-Aug-2026 23:16:35 Asia/Riyadh] [REQ] sid=11veh3e6thh8c8p6ktg0fg6cch user=no GET /login cookie=no
[09-Aug-2026 23:16:35 Asia/Riyadh] [REQ] sid=11veh3e6thh8c8p6ktg0fg6cch user=no POST /login cookie=yes
[09-Aug-2026 23:16:35 Asia/Riyadh] [CSRF DEBUG] method=POST uri=/login sid=11veh3e6thh8c8p6ktg0fg6cch sentlen=64 stored=3fbc83f51bedfddfb3f4547f333f82486dab44a5a7e4469b42c80b28bdf300ff
[09-Aug-2026 23:16:35 Asia/Riyadh] [REQ] sid=11veh3e6thh8c8p6ktg0fg6cch user=no GET /login cookie=yes
[09-Aug-2026 23:16:36 Asia/Riyadh] [REQ] sid=11veh3e6thh8c8p6ktg0fg6cch user=no POST /login cookie=yes
[09-Aug-2026 23:16:36 Asia/Riyadh] [CSRF DEBUG] method=POST uri=/login sid=11veh3e6thh8c8p6ktg0fg6cch sentlen=64 stored=3fbc83f51bedfddfb3f4547f333f82486dab44a5a7e4469b42c80b28bdf300ff
[09-Aug-2026 23:16:36 Asia/Riyadh] [REQ] sid=11veh3e6thh8c8p6ktg0fg6cch user=no GET /login cookie=yes
[09-Aug-2026 23:16:36 Asia/Riyadh] [REQ] sid=11veh3e6thh8c8p6ktg0fg6cch user=no POST /admin/change-password cookie=yes
[09-Aug-2026 23:16:36 Asia/Riyadh] [CSRF DEBUG] method=POST uri=/admin/change-password sid=11veh3e6thh8c8p6ktg0fg6cch sentlen=64 stored=3fbc83f51bedfddfb3f4547f333f82486dab44a5a7e4469b42c80b28bdf300ff
[09-Aug-2026 23:16:36 Asia/Riyadh] [REQ] sid=11veh3e6thh8c8p6ktg0fg6cch user=no GET /login cookie=yes
[09-Aug-2026 23:16:36 Asia/Riyadh] [REQ] sid=11veh3e6thh8c8p6ktg0fg6cch user=no GET /admin/clients cookie=yes
[09-Aug-2026 23:16:36 Asia/Riyadh] [REQ] sid=11veh3e6thh8c8p6ktg0fg6cch user=no POST /admin/clients/store cookie=yes
[09-Aug-2026 23:16:36 Asia/Riyadh] [REQ] sid=11veh3e6thh8c8p6ktg0fg6cch user=no GET /login cookie=yes
[09-Aug-2026 23:16:55 Asia/Riyadh] [REQ] sid=rpk6el25trrnhfc590ncbjibn9 user=no GET /login cookie=no
[09-Aug-2026 23:16:56 Asia/Riyadh] [REQ] sid=rpk6el25trrnhfc590ncbjibn9 user=no POST /login cookie=yes
[09-Aug-2026 23:16:56 Asia/Riyadh] [CSRF DEBUG] method=POST uri=/login sid=rpk6el25trrnhfc590ncbjibn9 sentlen=64 stored=5a9909414cc2cff399bb5d481b41bfd7b5e6655c19b3270ca824a5b86f30d775
[09-Aug-2026 23:16:56 Asia/Riyadh] [REQ] sid=rpk6el25trrnhfc590ncbjibn9 user=no GET /login cookie=yes
[09-Aug-2026 23:16:56 Asia/Riyadh] [REQ] sid=rpk6el25trrnhfc590ncbjibn9 user=no POST /login cookie=yes
[09-Aug-2026 23:16:56 Asia/Riyadh] [CSRF DEBUG] method=POST uri=/login sid=rpk6el25trrnhfc590ncbjibn9 sentlen=64 stored=5a9909414cc2cff399bb5d481b41bfd7b5e6655c19b3270ca824a5b86f30d775
[09-Aug-2026 23:16:56 Asia/Riyadh] [REQ] sid=rpk6el25trrnhfc590ncbjibn9 user=no GET /login cookie=yes
[09-Aug-2026 23:16:56 Asia/Riyadh] [REQ] sid=rpk6el25trrnhfc590ncbjibn9 user=no POST /admin/change-password cookie=yes
[09-Aug-2026 23:16:56 Asia/Riyadh] [CSRF DEBUG] method=POST uri=/admin/change-password sid=rpk6el25trrnhfc590ncbjibn9 sentlen=64 stored=5a9909414cc2cff399bb5d481b41bfd7b5e6655c19b3270ca824a5b86f30d775
[09-Aug-2026 23:16:56 Asia/Riyadh] [REQ] sid=rpk6el25trrnhfc590ncbjibn9 user=no GET /login cookie=yes
[09-Aug-2026 23:16:56 Asia/Riyadh] [REQ] sid=rpk6el25trrnhfc590ncbjibn9 user=no GET /admin/clients cookie=yes
[09-Aug-2026 23:16:57 Asia/Riyadh] [REQ] sid=rpk6el25trrnhfc590ncbjibn9 user=no POST /admin/clients/store cookie=yes
[09-Aug-2026 23:16:57 Asia/Riyadh] [REQ] sid=rpk6el25trrnhfc590ncbjibn9 user=no GET /login cookie=yes
[09-Aug-2026 23:16:57 Asia/Riyadh] [REQ] sid=rpk6el25trrnhfc590ncbjibn9 user=no GET /admin/documents/upload cookie=yes
[09-Aug-2026 23:16:57 Asia/Riyadh] [REQ] sid=rpk6el25trrnhfc590ncbjibn9 user=no POST /admin/documents/store cookie=yes
[09-Aug-2026 23:16:57 Asia/Riyadh] [REQ] sid=rpk6el25trrnhfc590ncbjibn9 user=no GET /login cookie=yes
[09-Aug-2026 23:16:57 Asia/Riyadh] [REQ] sid=rpk6el25trrnhfc590ncbjibn9 user=no GET /admin/documents cookie=yes
[09-Aug-2026 23:16:57 Asia/Riyadh] [REQ] sid=rpk6el25trrnhfc590ncbjibn9 user=no POST /admin/documents/1/activate cookie=yes
[09-Aug-2026 23:16:57 Asia/Riyadh] [REQ] sid=rpk6el25trrnhfc590ncbjibn9 user=no GET /login cookie=yes
[09-Aug-2026 23:16:58 Asia/Riyadh] [REQ] sid=rpk6el25trrnhfc590ncbjibn9 user=no GET /verify/ cookie=yes
[09-Aug-2026 23:16:58 Asia/Riyadh] [REQ] sid=rpk6el25trrnhfc590ncbjibn9 user=no GET /verify//file cookie=yes
[09-Aug-2026 23:16:58 Asia/Riyadh] [REQ] sid=rpk6el25trrnhfc590ncbjibn9 user=no GET /admin/verifications cookie=yes
[09-Aug-2026 23:16:58 Asia/Riyadh] [REQ] sid=rpk6el25trrnhfc590ncbjibn9 user=no GET /admin/documents cookie=yes
[09-Aug-2026 23:16:58 Asia/Riyadh] [REQ] sid=rpk6el25trrnhfc590ncbjibn9 user=no POST /admin/documents/1/disable cookie=yes
[09-Aug-2026 23:16:58 Asia/Riyadh] [REQ] sid=rpk6el25trrnhfc590ncbjibn9 user=no GET /login cookie=yes
[09-Aug-2026 23:16:58 Asia/Riyadh] [REQ] sid=rpk6el25trrnhfc590ncbjibn9 user=no GET /verify/ cookie=yes
[09-Aug-2026 23:16:59 Asia/Riyadh] [REQ] sid=rpk6el25trrnhfc590ncbjibn9 user=no GET /verify/aaaaaaaaaaaaaaaaaaaaaaaaaaaaaaaa cookie=yes
[09-Aug-2026 23:16:59 Asia/Riyadh] [REQ] sid=rpk6el25trrnhfc590ncbjibn9 user=no GET /admin/documents cookie=yes
[09-Aug-2026 23:16:59 Asia/Riyadh] [REQ] sid=rpk6el25trrnhfc590ncbjibn9 user=no POST /admin/documents/1/delete cookie=yes
[09-Aug-2026 23:16:59 Asia/Riyadh] [REQ] sid=rpk6el25trrnhfc590ncbjibn9 user=no GET /login cookie=yes
[09-Aug-2026 23:16:59 Asia/Riyadh] [REQ] sid=rpk6el25trrnhfc590ncbjibn9 user=no GET /logout cookie=yes
[09-Aug-2026 23:16:59 Asia/Riyadh] [REQ] sid=vafjsvpck5pimf2m159hpbb12s user=no GET /login cookie=yes
[09-Aug-2026 23:16:59 Asia/Riyadh] [REQ] sid=vafjsvpck5pimf2m159hpbb12s user=no GET /admin cookie=yes
[09-Aug-2026 23:17:28 Asia/Riyadh] [REQ] sid=cnl89u3b0d4gv7ojtjf6b4rdmn user=no GET /login cookie=no
[09-Aug-2026 23:17:29 Asia/Riyadh] [REQ] sid=cnl89u3b0d4gv7ojtjf6b4rdmn user=no POST /login cookie=yes
[09-Aug-2026 23:17:29 Asia/Riyadh] [CSRF DEBUG] method=POST uri=/login sid=cnl89u3b0d4gv7ojtjf6b4rdmn sentlen=64 stored=3b9dc1c9bc7b5363db49ceb8921094650ca2de88ad939f6f081878a20cded203
[09-Aug-2026 23:17:29 Asia/Riyadh] [REQ] sid=cnl89u3b0d4gv7ojtjf6b4rdmn user=no GET /login cookie=yes
[09-Aug-2026 23:17:29 Asia/Riyadh] [REQ] sid=cnl89u3b0d4gv7ojtjf6b4rdmn user=no POST /login cookie=yes
[09-Aug-2026 23:17:29 Asia/Riyadh] [CSRF DEBUG] method=POST uri=/login sid=cnl89u3b0d4gv7ojtjf6b4rdmn sentlen=64 stored=3b9dc1c9bc7b5363db49ceb8921094650ca2de88ad939f6f081878a20cded203
[09-Aug-2026 23:17:29 Asia/Riyadh] [REQ] sid=cnl89u3b0d4gv7ojtjf6b4rdmn user=no GET /login cookie=yes
[09-Aug-2026 23:17:29 Asia/Riyadh] [REQ] sid=cnl89u3b0d4gv7ojtjf6b4rdmn user=no POST /admin/change-password cookie=yes
[09-Aug-2026 23:17:29 Asia/Riyadh] [CSRF DEBUG] method=POST uri=/admin/change-password sid=cnl89u3b0d4gv7ojtjf6b4rdmn sentlen=64 stored=3b9dc1c9bc7b5363db49ceb8921094650ca2de88ad939f6f081878a20cded203
[09-Aug-2026 23:17:29 Asia/Riyadh] [REQ] sid=cnl89u3b0d4gv7ojtjf6b4rdmn user=no GET /login cookie=yes
[09-Aug-2026 23:17:30 Asia/Riyadh] [REQ] sid=cnl89u3b0d4gv7ojtjf6b4rdmn user=no GET /admin/clients cookie=yes
[09-Aug-2026 23:17:30 Asia/Riyadh] [REQ] sid=cnl89u3b0d4gv7ojtjf6b4rdmn user=no POST /admin/clients/store cookie=yes
[09-Aug-2026 23:17:30 Asia/Riyadh] [REQ] sid=cnl89u3b0d4gv7ojtjf6b4rdmn user=no GET /login cookie=yes
[09-Aug-2026 23:17:30 Asia/Riyadh] [REQ] sid=cnl89u3b0d4gv7ojtjf6b4rdmn user=no GET /admin/documents/upload cookie=yes
[09-Aug-2026 23:17:30 Asia/Riyadh] [REQ] sid=cnl89u3b0d4gv7ojtjf6b4rdmn user=no POST /admin/documents/store cookie=yes
[09-Aug-2026 23:17:30 Asia/Riyadh] [REQ] sid=cnl89u3b0d4gv7ojtjf6b4rdmn user=no GET /login cookie=yes
[09-Aug-2026 23:17:30 Asia/Riyadh] [REQ] sid=cnl89u3b0d4gv7ojtjf6b4rdmn user=no GET /admin/documents cookie=yes
[09-Aug-2026 23:17:31 Asia/Riyadh] [REQ] sid=cnl89u3b0d4gv7ojtjf6b4rdmn user=no POST /admin/documents/1/activate cookie=yes
[09-Aug-2026 23:17:31 Asia/Riyadh] [REQ] sid=cnl89u3b0d4gv7ojtjf6b4rdmn user=no GET /login cookie=yes
[09-Aug-2026 23:17:31 Asia/Riyadh] [REQ] sid=cnl89u3b0d4gv7ojtjf6b4rdmn user=no GET /verify/ cookie=yes
[09-Aug-2026 23:17:31 Asia/Riyadh] [REQ] sid=cnl89u3b0d4gv7ojtjf6b4rdmn user=no GET /verify//file cookie=yes
[09-Aug-2026 23:17:31 Asia/Riyadh] [REQ] sid=cnl89u3b0d4gv7ojtjf6b4rdmn user=no GET /admin/verifications cookie=yes
[09-Aug-2026 23:17:31 Asia/Riyadh] [REQ] sid=cnl89u3b0d4gv7ojtjf6b4rdmn user=no GET /admin/documents cookie=yes
[09-Aug-2026 23:17:31 Asia/Riyadh] [REQ] sid=cnl89u3b0d4gv7ojtjf6b4rdmn user=no POST /admin/documents/1/disable cookie=yes
[09-Aug-2026 23:17:32 Asia/Riyadh] [REQ] sid=cnl89u3b0d4gv7ojtjf6b4rdmn user=no GET /login cookie=yes
[09-Aug-2026 23:17:32 Asia/Riyadh] [REQ] sid=cnl89u3b0d4gv7ojtjf6b4rdmn user=no GET /verify/ cookie=yes
[09-Aug-2026 23:17:32 Asia/Riyadh] [REQ] sid=cnl89u3b0d4gv7ojtjf6b4rdmn user=no GET /verify/aaaaaaaaaaaaaaaaaaaaaaaaaaaaaaaa cookie=yes
[09-Aug-2026 23:17:32 Asia/Riyadh] [REQ] sid=cnl89u3b0d4gv7ojtjf6b4rdmn user=no GET /admin/documents cookie=yes
[09-Aug-2026 23:17:32 Asia/Riyadh] [REQ] sid=cnl89u3b0d4gv7ojtjf6b4rdmn user=no POST /admin/documents/1/delete cookie=yes
[09-Aug-2026 23:17:32 Asia/Riyadh] [REQ] sid=cnl89u3b0d4gv7ojtjf6b4rdmn user=no GET /login cookie=yes
[09-Aug-2026 23:17:32 Asia/Riyadh] [REQ] sid=cnl89u3b0d4gv7ojtjf6b4rdmn user=no GET /logout cookie=yes
[09-Aug-2026 23:17:32 Asia/Riyadh] [REQ] sid=i5u5biqt079iadojivfafitgem user=no GET /login cookie=yes
[09-Aug-2026 23:17:33 Asia/Riyadh] [REQ] sid=i5u5biqt079iadojivfafitgem user=no GET /admin cookie=yes
[09-Aug-2026 23:18:26 Asia/Riyadh] [REQ] sid=31gghrjkpr1ef85qe4en7jeoj2 user=no GET /login cookie=no
[09-Aug-2026 23:18:27 Asia/Riyadh] [REQ] sid=31gghrjkpr1ef85qe4en7jeoj2 user=no POST /login cookie=yes
[09-Aug-2026 23:18:27 Asia/Riyadh] [CSRF DEBUG] method=POST uri=/login sid=31gghrjkpr1ef85qe4en7jeoj2 sentlen=64 stored=065c0e1c113cc212fbe6c3290463985ea32c8fd077a27e35051e855cea0b5fd7
[09-Aug-2026 23:18:27 Asia/Riyadh] [REQ] sid=31gghrjkpr1ef85qe4en7jeoj2 user=no GET /login cookie=yes
[09-Aug-2026 23:18:27 Asia/Riyadh] [REQ] sid=31gghrjkpr1ef85qe4en7jeoj2 user=no POST /login cookie=yes
[09-Aug-2026 23:18:27 Asia/Riyadh] [CSRF DEBUG] method=POST uri=/login sid=31gghrjkpr1ef85qe4en7jeoj2 sentlen=64 stored=065c0e1c113cc212fbe6c3290463985ea32c8fd077a27e35051e855cea0b5fd7
[09-Aug-2026 23:18:27 Asia/Riyadh] [REQ] sid=tk2l4qb56kilmmq7slut5mmfni user=yes GET /admin cookie=yes
[09-Aug-2026 23:18:27 Asia/Riyadh] [REQ] sid=tk2l4qb56kilmmq7slut5mmfni user=yes GET /admin/change-password cookie=yes
[09-Aug-2026 23:18:28 Asia/Riyadh] [REQ] sid=tk2l4qb56kilmmq7slut5mmfni user=yes POST /admin/change-password cookie=yes
[09-Aug-2026 23:18:28 Asia/Riyadh] [CSRF DEBUG] method=POST uri=/admin/change-password sid=tk2l4qb56kilmmq7slut5mmfni sentlen=64 stored=065c0e1c113cc212fbe6c3290463985ea32c8fd077a27e35051e855cea0b5fd7
[09-Aug-2026 23:18:28 Asia/Riyadh] [REQ] sid=tk2l4qb56kilmmq7slut5mmfni user=yes GET /admin cookie=yes
[09-Aug-2026 23:18:28 Asia/Riyadh] [REQ] sid=tk2l4qb56kilmmq7slut5mmfni user=yes GET /admin/clients cookie=yes
[09-Aug-2026 23:18:28 Asia/Riyadh] [REQ] sid=tk2l4qb56kilmmq7slut5mmfni user=yes POST /admin/clients/store cookie=yes
[09-Aug-2026 23:18:28 Asia/Riyadh] [CSRF DEBUG] method=POST uri=/admin/clients/store sid=tk2l4qb56kilmmq7slut5mmfni sentlen=0 stored=065c0e1c113cc212fbe6c3290463985ea32c8fd077a27e35051e855cea0b5fd7
[09-Aug-2026 23:18:28 Asia/Riyadh] [REQ] sid=tk2l4qb56kilmmq7slut5mmfni user=yes GET /admin/documents/upload cookie=yes
[09-Aug-2026 23:18:29 Asia/Riyadh] [REQ] sid=tk2l4qb56kilmmq7slut5mmfni user=yes POST /admin/documents/store cookie=yes
[09-Aug-2026 23:18:29 Asia/Riyadh] [CSRF DEBUG] method=POST uri=/admin/documents/store sid=tk2l4qb56kilmmq7slut5mmfni sentlen=64 stored=065c0e1c113cc212fbe6c3290463985ea32c8fd077a27e35051e855cea0b5fd7
[09-Aug-2026 23:18:29 Asia/Riyadh] [REQ] sid=tk2l4qb56kilmmq7slut5mmfni user=yes GET /admin/documents/upload cookie=yes
[09-Aug-2026 23:18:29 Asia/Riyadh] [REQ] sid=tk2l4qb56kilmmq7slut5mmfni user=yes GET /admin/documents cookie=yes
[09-Aug-2026 23:18:29 Asia/Riyadh] [REQ] sid=tk2l4qb56kilmmq7slut5mmfni user=yes POST /admin/documents/1/activate cookie=yes
[09-Aug-2026 23:18:29 Asia/Riyadh] [CSRF DEBUG] method=POST uri=/admin/documents/1/activate sid=tk2l4qb56kilmmq7slut5mmfni sentlen=0 stored=065c0e1c113cc212fbe6c3290463985ea32c8fd077a27e35051e855cea0b5fd7
[09-Aug-2026 23:18:29 Asia/Riyadh] [REQ] sid=tk2l4qb56kilmmq7slut5mmfni user=yes GET /verify/ cookie=yes
[09-Aug-2026 23:18:29 Asia/Riyadh] [REQ] sid=tk2l4qb56kilmmq7slut5mmfni user=yes GET /verify//file cookie=yes
[09-Aug-2026 23:18:30 Asia/Riyadh] [REQ] sid=tk2l4qb56kilmmq7slut5mmfni user=yes GET /admin/verifications cookie=yes
[09-Aug-2026 23:18:30 Asia/Riyadh] [REQ] sid=tk2l4qb56kilmmq7slut5mmfni user=yes GET /admin/documents cookie=yes
[09-Aug-2026 23:18:30 Asia/Riyadh] [REQ] sid=tk2l4qb56kilmmq7slut5mmfni user=yes POST /admin/documents/1/disable cookie=yes
[09-Aug-2026 23:18:30 Asia/Riyadh] [CSRF DEBUG] method=POST uri=/admin/documents/1/disable sid=tk2l4qb56kilmmq7slut5mmfni sentlen=0 stored=065c0e1c113cc212fbe6c3290463985ea32c8fd077a27e35051e855cea0b5fd7
[09-Aug-2026 23:18:30 Asia/Riyadh] [REQ] sid=tk2l4qb56kilmmq7slut5mmfni user=yes GET /verify/ cookie=yes
[09-Aug-2026 23:18:30 Asia/Riyadh] [REQ] sid=tk2l4qb56kilmmq7slut5mmfni user=yes GET /verify/aaaaaaaaaaaaaaaaaaaaaaaaaaaaaaaa cookie=yes
[09-Aug-2026 23:18:30 Asia/Riyadh] [REQ] sid=tk2l4qb56kilmmq7slut5mmfni user=yes GET /admin/documents cookie=yes
[09-Aug-2026 23:18:31 Asia/Riyadh] [REQ] sid=tk2l4qb56kilmmq7slut5mmfni user=yes POST /admin/documents/1/delete cookie=yes
[09-Aug-2026 23:18:31 Asia/Riyadh] [CSRF DEBUG] method=POST uri=/admin/documents/1/delete sid=tk2l4qb56kilmmq7slut5mmfni sentlen=0 stored=065c0e1c113cc212fbe6c3290463985ea32c8fd077a27e35051e855cea0b5fd7
[09-Aug-2026 23:18:31 Asia/Riyadh] [REQ] sid=tk2l4qb56kilmmq7slut5mmfni user=yes GET /logout cookie=yes
[09-Aug-2026 23:18:31 Asia/Riyadh] [REQ] sid=lvagorhsn3qbhovm4h99dsq31p user=no GET /login cookie=yes
[09-Aug-2026 23:18:31 Asia/Riyadh] [REQ] sid=lvagorhsn3qbhovm4h99dsq31p user=no GET /admin cookie=yes
[09-Aug-2026 23:19:55 Asia/Riyadh] [REQ] sid=7c6ce4fta0q02o6dqsb20knsmd user=no GET /login cookie=no
[09-Aug-2026 23:19:55 Asia/Riyadh] [REQ] sid=7c6ce4fta0q02o6dqsb20knsmd user=no POST /login cookie=yes
[09-Aug-2026 23:19:55 Asia/Riyadh] [CSRF DEBUG] method=POST uri=/login sid=7c6ce4fta0q02o6dqsb20knsmd sentlen=64 stored=5483ff3500e1012f2df17b84342285e28e5c18b972789d728e28480a71c33c3c
[09-Aug-2026 23:19:56 Asia/Riyadh] [REQ] sid=7c6ce4fta0q02o6dqsb20knsmd user=no GET /login cookie=yes
[09-Aug-2026 23:19:56 Asia/Riyadh] [REQ] sid=7c6ce4fta0q02o6dqsb20knsmd user=no POST /login cookie=yes
[09-Aug-2026 23:19:56 Asia/Riyadh] [CSRF DEBUG] method=POST uri=/login sid=7c6ce4fta0q02o6dqsb20knsmd sentlen=64 stored=5483ff3500e1012f2df17b84342285e28e5c18b972789d728e28480a71c33c3c
[09-Aug-2026 23:19:56 Asia/Riyadh] [REQ] sid=por7g9916ijs8d21ni3sflf340 user=yes GET /admin cookie=yes
[09-Aug-2026 23:19:56 Asia/Riyadh] [REQ] sid=por7g9916ijs8d21ni3sflf340 user=yes GET /admin/change-password cookie=yes
[09-Aug-2026 23:19:56 Asia/Riyadh] [REQ] sid=por7g9916ijs8d21ni3sflf340 user=yes POST /admin/change-password cookie=yes
[09-Aug-2026 23:19:56 Asia/Riyadh] [CSRF DEBUG] method=POST uri=/admin/change-password sid=por7g9916ijs8d21ni3sflf340 sentlen=64 stored=5483ff3500e1012f2df17b84342285e28e5c18b972789d728e28480a71c33c3c
[09-Aug-2026 23:19:56 Asia/Riyadh] [REQ] sid=por7g9916ijs8d21ni3sflf340 user=yes GET /admin cookie=yes
[09-Aug-2026 23:19:57 Asia/Riyadh] [REQ] sid=por7g9916ijs8d21ni3sflf340 user=yes POST /admin/clients/store cookie=yes
[09-Aug-2026 23:19:57 Asia/Riyadh] [CSRF DEBUG] method=POST uri=/admin/clients/store sid=por7g9916ijs8d21ni3sflf340 sentlen=64 stored=5483ff3500e1012f2df17b84342285e28e5c18b972789d728e28480a71c33c3c
[09-Aug-2026 23:19:57 Asia/Riyadh] [REQ] sid=por7g9916ijs8d21ni3sflf340 user=yes GET /admin/clients cookie=yes
[09-Aug-2026 23:19:57 Asia/Riyadh] [REQ] sid=por7g9916ijs8d21ni3sflf340 user=yes POST /admin/documents/store cookie=yes
[09-Aug-2026 23:19:57 Asia/Riyadh] [CSRF DEBUG] method=POST uri=/admin/documents/store sid=por7g9916ijs8d21ni3sflf340 sentlen=64 stored=5483ff3500e1012f2df17b84342285e28e5c18b972789d728e28480a71c33c3c
[09-Aug-2026 23:19:57 Asia/Riyadh] PHP Deprecated:  Optional parameter $filename declared before required parameter $fore_color is implicitly treated as a required parameter in D:\client1\vendor\phpqrcode\qrimage.php on line 30
[09-Aug-2026 23:19:57 Asia/Riyadh] PHP Deprecated:  Optional parameter $pixelPerPoint declared before required parameter $fore_color is implicitly treated as a required parameter in D:\client1\vendor\phpqrcode\qrimage.php on line 30
[09-Aug-2026 23:19:57 Asia/Riyadh] PHP Deprecated:  Optional parameter $outerFrame declared before required parameter $fore_color is implicitly treated as a required parameter in D:\client1\vendor\phpqrcode\qrimage.php on line 30
[09-Aug-2026 23:19:57 Asia/Riyadh] PHP Deprecated:  Optional parameter $saveandprint declared before required parameter $fore_color is implicitly treated as a required parameter in D:\client1\vendor\phpqrcode\qrimage.php on line 30
[09-Aug-2026 23:19:57 Asia/Riyadh] PHP Deprecated:  Optional parameter $filename declared before required parameter $fore_color is implicitly treated as a required parameter in D:\client1\vendor\phpqrcode\qrvect.php on line 140
[09-Aug-2026 23:19:57 Asia/Riyadh] PHP Deprecated:  Optional parameter $pixelPerPoint declared before required parameter $fore_color is implicitly treated as a required parameter in D:\client1\vendor\phpqrcode\qrvect.php on line 140
[09-Aug-2026 23:19:57 Asia/Riyadh] PHP Deprecated:  Optional parameter $outerFrame declared before required parameter $fore_color is implicitly treated as a required parameter in D:\client1\vendor\phpqrcode\qrvect.php on line 140
[09-Aug-2026 23:19:57 Asia/Riyadh] PHP Deprecated:  Optional parameter $saveandprint declared before required parameter $fore_color is implicitly treated as a required parameter in D:\client1\vendor\phpqrcode\qrvect.php on line 140
[09-Aug-2026 23:19:57 Asia/Riyadh] [QR LIB] Creation of dynamic property QRencode::$cmyk is deprecated
[09-Aug-2026 23:19:57 Asia/Riyadh] [QR LIB] Implicit conversion from float 0.2 to int loses precision
[09-Aug-2026 23:19:57 Asia/Riyadh] [QR LIB] Implicit conversion from float 0.4 to int loses precision
[09-Aug-2026 23:19:57 Asia/Riyadh] [QR LIB] Implicit conversion from float 0.6 to int loses precision
[09-Aug-2026 23:19:57 Asia/Riyadh] [QR LIB] Implicit conversion from float 0.8 to int loses precision
[09-Aug-2026 23:19:57 Asia/Riyadh] [QR LIB] Implicit conversion from float 1.2 to int loses precision
[09-Aug-2026 23:19:57 Asia/Riyadh] [QR LIB] Implicit conversion from float 1.4 to int loses precision
[09-Aug-2026 23:19:57 Asia/Riyadh] [QR LIB] Implicit conversion from float 1.6 to int loses precision
[09-Aug-2026 23:19:57 Asia/Riyadh] [QR LIB] Implicit conversion from float 1.8 to int loses precision
[09-Aug-2026 23:19:57 Asia/Riyadh] [QR LIB] Implicit conversion from float 2.2 to int loses precision
[09-Aug-2026 23:19:57 Asia/Riyadh] [QR LIB] Implicit conversion from float 2.4 to int loses precision
[09-Aug-2026 23:19:57 Asia/Riyadh] [QR LIB] Implicit conversion from float 2.6 to int loses precision
[09-Aug-2026 23:19:57 Asia/Riyadh] [QR LIB] Implicit conversion from float 2.8 to int loses precision
[09-Aug-2026 23:19:57 Asia/Riyadh] [QR LIB] Implicit conversion from float 3.2 to int loses precision
[09-Aug-2026 23:19:57 Asia/Riyadh] [QR LIB] Implicit conversion from float 3.4 to int loses precision
[09-Aug-2026 23:19:57 Asia/Riyadh] [QR LIB] Implicit conversion from float 3.6 to int loses precision
[09-Aug-2026 23:19:57 Asia/Riyadh] [QR LIB] Implicit conversion from float 3.8 to int loses precision
[09-Aug-2026 23:19:57 Asia/Riyadh] [QR LIB] Implicit conversion from float 4.2 to int loses precision
[09-Aug-2026 23:19:57 Asia/Riyadh] [QR LIB] Implicit conversion from float 4.4 to int loses precision
[09-Aug-2026 23:19:57 Asia/Riyadh] [QR LIB] Implicit conversion from float 4.6 to int loses precision
[09-Aug-2026 23:19:57 Asia/Riyadh] [QR LIB] Implicit conversion from float 4.8 to int loses precision
[09-Aug-2026 23:19:57 Asia/Riyadh] [QR LIB] Implicit conversion from float 5.2 to int loses precision
[09-Aug-2026 23:19:57 Asia/Riyadh] [QR LIB] Implicit conversion from float 5.4 to int loses precision
[09-Aug-2026 23:19:57 Asia/Riyadh] [QR LIB] Implicit conversion from float 5.6 to int loses precision
[09-Aug-2026 23:19:57 Asia/Riyadh] [QR LIB] Implicit conversion from float 5.8 to int loses precision
[09-Aug-2026 23:19:57 Asia/Riyadh] [QR LIB] Implicit conversion from float 6.2 to int loses precision
[09-Aug-2026 23:19:57 Asia/Riyadh] [QR LIB] Implicit conversion from float 6.4 to int loses precision
[09-Aug-2026 23:19:57 Asia/Riyadh] [QR LIB] Implicit conversion from float 6.6 to int loses precision
[09-Aug-2026 23:19:57 Asia/Riyadh] [QR LIB] Implicit conversion from float 6.8 to int loses precision
[09-Aug-2026 23:19:57 Asia/Riyadh] [QR LIB] Implicit conversion from float 7.2 to int loses precision
[09-Aug-2026 23:19:57 Asia/Riyadh] [QR LIB] Implicit conversion from float 7.4 to int loses precision
[09-Aug-2026 23:19:57 Asia/Riyadh] [QR LIB] Implicit conversion from float 7.6 to int loses precision
[09-Aug-2026 23:19:57 Asia/Riyadh] [QR LIB] Implicit conversion from float 7.8 to int loses precision
[09-Aug-2026 23:19:57 Asia/Riyadh] [QR LIB] Implicit conversion from float 8.2 to int loses precision
[09-Aug-2026 23:19:57 Asia/Riyadh] [QR LIB] Implicit conversion from float 8.4 to int loses precision
[09-Aug-2026 23:19:57 Asia/Riyadh] [QR LIB] Implicit conversion from float 8.6 to int loses precision
[09-Aug-2026 23:19:57 Asia/Riyadh] [QR LIB] Implicit conversion from float 8.8 to int loses precision
[09-Aug-2026 23:19:57 Asia/Riyadh] [QR LIB] Implicit conversion from float 9.2 to int loses precision
[09-Aug-2026 23:19:57 Asia/Riyadh] [QR LIB] Implicit conversion from float 9.4 to int loses precision
[09-Aug-2026 23:19:57 Asia/Riyadh] [QR LIB] Implicit conversion from float 9.6 to int loses precision
[09-Aug-2026 23:19:57 Asia/Riyadh] [QR LIB] Implicit conversion from float 9.8 to int loses precision
[09-Aug-2026 23:19:57 Asia/Riyadh] [QR LIB] Implicit conversion from float 10.2 to int loses precision
[09-Aug-2026 23:19:57 Asia/Riyadh] [QR LIB] Implicit conversion from float 10.4 to int loses precision
[09-Aug-2026 23:19:57 Asia/Riyadh] [QR LIB] Implicit conversion from float 10.6 to int loses precision
[09-Aug-2026 23:19:57 Asia/Riyadh] [QR LIB] Implicit conversion from float 10.8 to int loses precision
[09-Aug-2026 23:19:57 Asia/Riyadh] [QR LIB] Implicit conversion from float 11.2 to int loses precision
[09-Aug-2026 23:19:57 Asia/Riyadh] [QR LIB] Implicit conversion from float 11.4 to int loses precision
[09-Aug-2026 23:19:57 Asia/Riyadh] [QR LIB] Implicit conversion from float 11.6 to int loses precision
[09-Aug-2026 23:19:57 Asia/Riyadh] [QR LIB] Implicit conversion from float 11.8 to int loses precision
[09-Aug-2026 23:19:57 Asia/Riyadh] [QR LIB] Implicit conversion from float 12.2 to int loses precision
[09-Aug-2026 23:19:57 Asia/Riyadh] [QR LIB] Implicit conversion from float 12.4 to int loses precision
[09-Aug-2026 23:19:57 Asia/Riyadh] [QR LIB] Implicit conversion from float 12.6 to int loses precision
[09-Aug-2026 23:19:57 Asia/Riyadh] [QR LIB] Implicit conversion from float 12.8 to int loses precision
[09-Aug-2026 23:19:57 Asia/Riyadh] [QR LIB] Implicit conversion from float 0.2 to int loses precision
[09-Aug-2026 23:19:57 Asia/Riyadh] [QR LIB] Implicit conversion from float 0.4 to int loses precision
[09-Aug-2026 23:19:57 Asia/Riyadh] [QR LIB] Implicit conversion from float 0.6 to int loses precision
[09-Aug-2026 23:19:57 Asia/Riyadh] [QR LIB] Implicit conversion from float 0.8 to int loses precision
[09-Aug-2026 23:19:57 Asia/Riyadh] [QR LIB] Implicit conversion from float 1.2 to int loses precision
[09-Aug-2026 23:19:57 Asia/Riyadh] [QR LIB] Implicit conversion from float 1.4 to int loses precision
[09-Aug-2026 23:19:57 Asia/Riyadh] [QR LIB] Implicit conversion from float 1.6 to int loses precision
[09-Aug-2026 23:19:57 Asia/Riyadh] [QR LIB] Implicit conversion from float 1.8 to int loses precision
[09-Aug-2026 23:19:57 Asia/Riyadh] [QR LIB] Implicit conversion from float 2.2 to int loses precision
[09-Aug-2026 23:19:57 Asia/Riyadh] [QR LIB] Implicit conversion from float 2.4 to int loses precision
[09-Aug-2026 23:19:57 Asia/Riyadh] [QR LIB] Implicit conversion from float 2.6 to int loses precision
[09-Aug-2026 23:19:57 Asia/Riyadh] [QR LIB] Implicit conversion from float 2.8 to int loses precision
[09-Aug-2026 23:19:57 Asia/Riyadh] [QR LIB] Implicit conversion from float 3.2 to int loses precision
[09-Aug-2026 23:19:57 Asia/Riyadh] [QR LIB] Implicit conversion from float 3.4 to int loses precision
[09-Aug-2026 23:19:57 Asia/Riyadh] [QR LIB] Implicit conversion from float 3.6 to int loses precision
[09-Aug-2026 23:19:57 Asia/Riyadh] [QR LIB] Implicit conversion from float 3.8 to int loses precision
[09-Aug-2026 23:19:57 Asia/Riyadh] [QR LIB] Implicit conversion from float 4.2 to int loses precision
[09-Aug-2026 23:19:57 Asia/Riyadh] [QR LIB] Implicit conversion from float 4.4 to int loses precision
[09-Aug-2026 23:19:57 Asia/Riyadh] [QR LIB] Implicit conversion from float 4.6 to int loses precision
[09-Aug-2026 23:19:57 Asia/Riyadh] [QR LIB] Implicit conversion from float 4.8 to int loses precision
[09-Aug-2026 23:19:57 Asia/Riyadh] [QR LIB] Implicit conversion from float 5.2 to int loses precision
[09-Aug-2026 23:19:57 Asia/Riyadh] [QR LIB] Implicit conversion from float 5.4 to int loses precision
[09-Aug-2026 23:19:57 Asia/Riyadh] [QR LIB] Implicit conversion from float 5.6 to int loses precision
[09-Aug-2026 23:19:57 Asia/Riyadh] [QR LIB] Implicit conversion from float 5.8 to int loses precision
[09-Aug-2026 23:19:57 Asia/Riyadh] [QR LIB] Implicit conversion from float 6.2 to int loses precision
[09-Aug-2026 23:19:57 Asia/Riyadh] [QR LIB] Implicit conversion from float 6.4 to int loses precision
[09-Aug-2026 23:19:57 Asia/Riyadh] [QR LIB] Implicit conversion from float 6.6 to int loses precision
[09-Aug-2026 23:19:57 Asia/Riyadh] [QR LIB] Implicit conversion from float 6.8 to int loses precision
[09-Aug-2026 23:19:57 Asia/Riyadh] [QR LIB] Implicit conversion from float 7.2 to int loses precision
[09-Aug-2026 23:19:57 Asia/Riyadh] [QR LIB] Implicit conversion from float 7.4 to int loses precision
[09-Aug-2026 23:19:57 Asia/Riyadh] [QR LIB] Implicit conversion from float 7.6 to int loses precision
[09-Aug-2026 23:19:57 Asia/Riyadh] [QR LIB] Implicit conversion from float 7.8 to int loses precision
[09-Aug-2026 23:19:57 Asia/Riyadh] [QR LIB] Implicit conversion from float 8.2 to int loses precision
[09-Aug-2026 23:19:57 Asia/Riyadh] [QR LIB] Implicit conversion from float 8.4 to int loses precision
[09-Aug-2026 23:19:57 Asia/Riyadh] [QR LIB] Implicit conversion from float 8.6 to int loses precision
[09-Aug-2026 23:19:57 Asia/Riyadh] [QR LIB] Implicit conversion from float 8.8 to int loses precision
[09-Aug-2026 23:19:57 Asia/Riyadh] [QR LIB] Implicit conversion from float 9.2 to int loses precision
[09-Aug-2026 23:19:57 Asia/Riyadh] [QR LIB] Implicit conversion from float 9.4 to int loses precision
[09-Aug-2026 23:19:57 Asia/Riyadh] [QR LIB] Implicit conversion from float 9.6 to int loses precision
[09-Aug-2026 23:19:57 Asia/Riyadh] [QR LIB] Implicit conversion from float 9.8 to int loses precision
[09-Aug-2026 23:19:57 Asia/Riyadh] [QR LIB] Implicit conversion from float 10.2 to int loses precision
[09-Aug-2026 23:19:57 Asia/Riyadh] [QR LIB] Implicit conversion from float 10.4 to int loses precision
[09-Aug-2026 23:19:57 Asia/Riyadh] [QR LIB] Implicit conversion from float 10.6 to int loses precision
[09-Aug-2026 23:19:57 Asia/Riyadh] [QR LIB] Implicit conversion from float 10.8 to int loses precision
[09-Aug-2026 23:19:57 Asia/Riyadh] [QR LIB] Implicit conversion from float 11.2 to int loses precision
[09-Aug-2026 23:19:57 Asia/Riyadh] [QR LIB] Implicit conversion from float 11.4 to int loses precision
[09-Aug-2026 23:19:57 Asia/Riyadh] [QR LIB] Implicit conversion from float 11.6 to int loses precision
[09-Aug-2026 23:19:57 Asia/Riyadh] [QR LIB] Implicit conversion from float 11.8 to int loses precision
[09-Aug-2026 23:19:57 Asia/Riyadh] [QR LIB] Implicit conversion from float 12.2 to int loses precision
[09-Aug-2026 23:19:57 Asia/Riyadh] [QR LIB] Implicit conversion from float 12.4 to int loses precision
[09-Aug-2026 23:19:57 Asia/Riyadh] [QR LIB] Implicit conversion from float 12.6 to int loses precision
[09-Aug-2026 23:19:57 Asia/Riyadh] [QR LIB] Implicit conversion from float 12.8 to int loses precision
[09-Aug-2026 23:19:57 Asia/Riyadh] [QR LIB] Implicit conversion from float 13.2 to int loses precision
[09-Aug-2026 23:19:57 Asia/Riyadh] [QR LIB] Implicit conversion from float 13.4 to int loses precision
[09-Aug-2026 23:19:57 Asia/Riyadh] [QR LIB] Implicit conversion from float 13.6 to int loses precision
[09-Aug-2026 23:19:57 Asia/Riyadh] [QR LIB] Implicit conversion from float 13.8 to int loses precision
[09-Aug-2026 23:19:57 Asia/Riyadh] [QR LIB] Implicit conversion from float 14.2 to int loses precision
[09-Aug-2026 23:19:57 Asia/Riyadh] [QR LIB] Implicit conversion from float 14.4 to int loses precision
[09-Aug-2026 23:19:57 Asia/Riyadh] [QR LIB] Implicit conversion from float 14.6 to int loses precision
[09-Aug-2026 23:19:57 Asia/Riyadh] [QR LIB] Implicit conversion from float 14.8 to int loses precision
[09-Aug-2026 23:19:57 Asia/Riyadh] [QR LIB] Implicit conversion from float 15.2 to int loses precision
[09-Aug-2026 23:19:57 Asia/Riyadh] [QR LIB] Implicit conversion from float 15.4 to int loses precision
[09-Aug-2026 23:19:57 Asia/Riyadh] [QR LIB] Implicit conversion from float 15.6 to int loses precision
[09-Aug-2026 23:19:57 Asia/Riyadh] [QR LIB] Implicit conversion from float 15.8 to int loses precision
[09-Aug-2026 23:19:57 Asia/Riyadh] [QR LIB] Implicit conversion from float 16.2 to int loses precision
[09-Aug-2026 23:19:57 Asia/Riyadh] [QR LIB] Implicit conversion from float 16.4 to int loses precision
[09-Aug-2026 23:19:57 Asia/Riyadh] [QR LIB] Implicit conversion from float 16.6 to int loses precision
[09-Aug-2026 23:19:57 Asia/Riyadh] [QR LIB] Implicit conversion from float 16.8 to int loses precision
[09-Aug-2026 23:19:57 Asia/Riyadh] [QR LIB] Implicit conversion from float 17.2 to int loses precision
[09-Aug-2026 23:19:57 Asia/Riyadh] [QR LIB] Implicit conversion from float 17.4 to int loses precision
[09-Aug-2026 23:19:57 Asia/Riyadh] [QR LIB] Implicit conversion from float 17.6 to int loses precision
[09-Aug-2026 23:19:57 Asia/Riyadh] [QR LIB] Implicit conversion from float 17.8 to int loses precision
[09-Aug-2026 23:19:57 Asia/Riyadh] [QR LIB] Implicit conversion from float 18.2 to int loses precision
[09-Aug-2026 23:19:57 Asia/Riyadh] [QR LIB] Implicit conversion from float 18.4 to int loses precision
[09-Aug-2026 23:19:57 Asia/Riyadh] [QR LIB] Implicit conversion from float 18.6 to int loses precision
[09-Aug-2026 23:19:57 Asia/Riyadh] [QR LIB] Implicit conversion from float 18.8 to int loses precision
[09-Aug-2026 23:19:57 Asia/Riyadh] [QR LIB] Implicit conversion from float 19.2 to int loses precision
[09-Aug-2026 23:19:57 Asia/Riyadh] [QR LIB] Implicit conversion from float 19.4 to int loses precision
[09-Aug-2026 23:19:57 Asia/Riyadh] [QR LIB] Implicit conversion from float 19.6 to int loses precision
[09-Aug-2026 23:19:57 Asia/Riyadh] [QR LIB] Implicit conversion from float 19.8 to int loses precision
[09-Aug-2026 23:19:57 Asia/Riyadh] [QR LIB] Implicit conversion from float 20.2 to int loses precision
[09-Aug-2026 23:19:57 Asia/Riyadh] [QR LIB] Implicit conversion from float 20.4 to int loses precision
[09-Aug-2026 23:19:57 Asia/Riyadh] [QR LIB] Implicit conversion from float 20.6 to int loses precision
[09-Aug-2026 23:19:57 Asia/Riyadh] [QR LIB] Implicit conversion from float 20.8 to int loses precision
[09-Aug-2026 23:19:57 Asia/Riyadh] [QR LIB] Implicit conversion from float 21.2 to int loses precision
[09-Aug-2026 23:19:57 Asia/Riyadh] [QR LIB] Implicit conversion from float 21.4 to int loses precision
[09-Aug-2026 23:19:57 Asia/Riyadh] [QR LIB] Implicit conversion from float 21.6 to int loses precision
[09-Aug-2026 23:19:57 Asia/Riyadh] [QR LIB] Implicit conversion from float 21.8 to int loses precision
[09-Aug-2026 23:19:57 Asia/Riyadh] [QR LIB] Implicit conversion from float 22.2 to int loses precision
[09-Aug-2026 23:19:57 Asia/Riyadh] [QR LIB] Implicit conversion from float 22.4 to int loses precision
[09-Aug-2026 23:19:57 Asia/Riyadh] [QR LIB] Implicit conversion from float 22.6 to int loses precision
[09-Aug-2026 23:19:57 Asia/Riyadh] [QR LIB] Implicit conversion from float 22.8 to int loses precision
[09-Aug-2026 23:19:57 Asia/Riyadh] [QR LIB] Implicit conversion from float 23.2 to int loses precision
[09-Aug-2026 23:19:57 Asia/Riyadh] [QR LIB] Implicit conversion from float 23.4 to int loses precision
[09-Aug-2026 23:19:57 Asia/Riyadh] [QR LIB] Implicit conversion from float 23.6 to int loses precision
[09-Aug-2026 23:19:57 Asia/Riyadh] [QR LIB] Implicit conversion from float 23.8 to int loses precision
[09-Aug-2026 23:19:57 Asia/Riyadh] [QR LIB] Implicit conversion from float 24.2 to int loses precision
[09-Aug-2026 23:19:57 Asia/Riyadh] [QR LIB] Implicit conversion from float 24.4 to int loses precision
[09-Aug-2026 23:19:57 Asia/Riyadh] [QR LIB] Implicit conversion from float 24.6 to int loses precision
[09-Aug-2026 23:19:57 Asia/Riyadh] [QR LIB] Implicit conversion from float 24.8 to int loses precision
[09-Aug-2026 23:19:57 Asia/Riyadh] [QR LIB] Implicit conversion from float 25.2 to int loses precision
[09-Aug-2026 23:19:57 Asia/Riyadh] [QR LIB] Implicit conversion from float 25.4 to int loses precision
[09-Aug-2026 23:19:57 Asia/Riyadh] [QR LIB] Implicit conversion from float 25.6 to int loses precision
[09-Aug-2026 23:19:57 Asia/Riyadh] [QR LIB] Implicit conversion from float 25.8 to int loses precision
[09-Aug-2026 23:19:57 Asia/Riyadh] [REQ] sid=por7g9916ijs8d21ni3sflf340 user=yes GET /admin/documents cookie=yes
[09-Aug-2026 23:19:58 Asia/Riyadh] [REQ] sid=por7g9916ijs8d21ni3sflf340 user=yes GET /admin/documents cookie=yes
[09-Aug-2026 23:19:58 Asia/Riyadh] [REQ] sid=por7g9916ijs8d21ni3sflf340 user=yes GET /admin/documents/1/qr cookie=yes
[09-Aug-2026 23:19:58 Asia/Riyadh] [REQ] sid=por7g9916ijs8d21ni3sflf340 user=yes POST /admin/documents/1/activate cookie=yes
[09-Aug-2026 23:19:58 Asia/Riyadh] [CSRF DEBUG] method=POST uri=/admin/documents/1/activate sid=por7g9916ijs8d21ni3sflf340 sentlen=64 stored=5483ff3500e1012f2df17b84342285e28e5c18b972789d728e28480a71c33c3c
[09-Aug-2026 23:19:58 Asia/Riyadh] [REQ] sid=por7g9916ijs8d21ni3sflf340 user=yes GET /admin/documents cookie=yes
[09-Aug-2026 23:19:58 Asia/Riyadh] [REQ] sid=por7g9916ijs8d21ni3sflf340 user=yes GET /verify/a1fde3871aaa1420f83ea81a3d803d7e cookie=yes
[09-Aug-2026 23:19:58 Asia/Riyadh] [REQ] sid=por7g9916ijs8d21ni3sflf340 user=yes GET /verify/a1fde3871aaa1420f83ea81a3d803d7e/file cookie=yes
[09-Aug-2026 23:19:58 Asia/Riyadh] [REQ] sid=por7g9916ijs8d21ni3sflf340 user=yes GET /admin/verifications cookie=yes
[09-Aug-2026 23:19:59 Asia/Riyadh] [REQ] sid=por7g9916ijs8d21ni3sflf340 user=yes POST /admin/documents/1/disable cookie=yes
[09-Aug-2026 23:19:59 Asia/Riyadh] [CSRF DEBUG] method=POST uri=/admin/documents/1/disable sid=por7g9916ijs8d21ni3sflf340 sentlen=64 stored=5483ff3500e1012f2df17b84342285e28e5c18b972789d728e28480a71c33c3c
[09-Aug-2026 23:19:59 Asia/Riyadh] [REQ] sid=por7g9916ijs8d21ni3sflf340 user=yes GET /admin/documents cookie=yes
[09-Aug-2026 23:19:59 Asia/Riyadh] [REQ] sid=por7g9916ijs8d21ni3sflf340 user=yes GET /verify/a1fde3871aaa1420f83ea81a3d803d7e cookie=yes
[09-Aug-2026 23:19:59 Asia/Riyadh] [REQ] sid=por7g9916ijs8d21ni3sflf340 user=yes GET /verify/aaaaaaaaaaaaaaaaaaaaaaaaaaaaaaaa cookie=yes
[09-Aug-2026 23:19:59 Asia/Riyadh] [REQ] sid=por7g9916ijs8d21ni3sflf340 user=yes POST /admin/documents/1/delete cookie=yes
[09-Aug-2026 23:19:59 Asia/Riyadh] [CSRF DEBUG] method=POST uri=/admin/documents/1/delete sid=por7g9916ijs8d21ni3sflf340 sentlen=64 stored=5483ff3500e1012f2df17b84342285e28e5c18b972789d728e28480a71c33c3c
[09-Aug-2026 23:19:59 Asia/Riyadh] [REQ] sid=por7g9916ijs8d21ni3sflf340 user=yes GET /admin/documents cookie=yes
[09-Aug-2026 23:19:59 Asia/Riyadh] [REQ] sid=por7g9916ijs8d21ni3sflf340 user=yes GET /logout cookie=yes
[09-Aug-2026 23:20:00 Asia/Riyadh] [REQ] sid=7h8beh99qjc661qhc8ondecmel user=no GET /login cookie=yes
[09-Aug-2026 23:20:00 Asia/Riyadh] [REQ] sid=7h8beh99qjc661qhc8ondecmel user=no GET /admin cookie=yes
[09-Aug-2026 23:20:15 Asia/Riyadh] [REQ] sid=7h8beh99qjc661qhc8ondecmel user=no GET /verify/aaaaaaaaaaaaaaaaaaaaaaaaaaaaaaaa cookie=yes
[09-Aug-2026 23:20:15 Asia/Riyadh] [REQ] sid=7h8beh99qjc661qhc8ondecmel user=no GET /admin cookie=yes
[09-Aug-2026 23:20:21 Asia/Riyadh] [REQ] sid=7h8beh99qjc661qhc8ondecmel user=no GET /verify/aaaaaaaaaaaaaaaaaaaaaaaaaaaaaaaa cookie=yes
[09-Aug-2026 23:20:25 Asia/Riyadh] [REQ] sid=7h8beh99qjc661qhc8ondecmel user=no GET /verify/aaaaaaaaaaaaaaaaaaaaaaaaaaaaaaaa cookie=yes
[09-Aug-2026 23:20:36 Asia/Riyadh] [REQ] sid=4mtc7jbgdlkbvs6bkuof9k9jpm user=no GET /login cookie=no
[09-Aug-2026 23:20:36 Asia/Riyadh] [REQ] sid=4mtc7jbgdlkbvs6bkuof9k9jpm user=no POST /login cookie=yes
[09-Aug-2026 23:20:36 Asia/Riyadh] [CSRF DEBUG] method=POST uri=/login sid=4mtc7jbgdlkbvs6bkuof9k9jpm sentlen=64 stored=1182d4cb4da558ede899cb8d66a95bb5def65680b8ad4ec03e2f33d472a5aa77
[09-Aug-2026 23:20:36 Asia/Riyadh] [REQ] sid=4mtc7jbgdlkbvs6bkuof9k9jpm user=no GET /login cookie=yes
[09-Aug-2026 23:20:36 Asia/Riyadh] [REQ] sid=4mtc7jbgdlkbvs6bkuof9k9jpm user=no POST /login cookie=yes
[09-Aug-2026 23:20:36 Asia/Riyadh] [CSRF DEBUG] method=POST uri=/login sid=4mtc7jbgdlkbvs6bkuof9k9jpm sentlen=64 stored=1182d4cb4da558ede899cb8d66a95bb5def65680b8ad4ec03e2f33d472a5aa77
[09-Aug-2026 23:20:37 Asia/Riyadh] [REQ] sid=g11siod4ovjc6e00874sigg2mv user=yes GET /admin cookie=yes
[09-Aug-2026 23:20:37 Asia/Riyadh] [REQ] sid=g11siod4ovjc6e00874sigg2mv user=yes GET /admin/change-password cookie=yes
[09-Aug-2026 23:20:37 Asia/Riyadh] [REQ] sid=g11siod4ovjc6e00874sigg2mv user=yes POST /admin/change-password cookie=yes
[09-Aug-2026 23:20:37 Asia/Riyadh] [CSRF DEBUG] method=POST uri=/admin/change-password sid=g11siod4ovjc6e00874sigg2mv sentlen=64 stored=1182d4cb4da558ede899cb8d66a95bb5def65680b8ad4ec03e2f33d472a5aa77
[09-Aug-2026 23:20:37 Asia/Riyadh] [REQ] sid=g11siod4ovjc6e00874sigg2mv user=yes GET /admin cookie=yes
[09-Aug-2026 23:20:37 Asia/Riyadh] [REQ] sid=g11siod4ovjc6e00874sigg2mv user=yes POST /admin/clients/store cookie=yes
[09-Aug-2026 23:20:37 Asia/Riyadh] [CSRF DEBUG] method=POST uri=/admin/clients/store sid=g11siod4ovjc6e00874sigg2mv sentlen=64 stored=1182d4cb4da558ede899cb8d66a95bb5def65680b8ad4ec03e2f33d472a5aa77
[09-Aug-2026 23:20:37 Asia/Riyadh] [REQ] sid=g11siod4ovjc6e00874sigg2mv user=yes GET /admin/clients cookie=yes
[09-Aug-2026 23:20:38 Asia/Riyadh] [REQ] sid=g11siod4ovjc6e00874sigg2mv user=yes POST /admin/documents/store cookie=yes
[09-Aug-2026 23:20:38 Asia/Riyadh] [CSRF DEBUG] method=POST uri=/admin/documents/store sid=g11siod4ovjc6e00874sigg2mv sentlen=64 stored=1182d4cb4da558ede899cb8d66a95bb5def65680b8ad4ec03e2f33d472a5aa77
[09-Aug-2026 23:20:38 Asia/Riyadh] PHP Deprecated:  Optional parameter $filename declared before required parameter $fore_color is implicitly treated as a required parameter in D:\client1\vendor\phpqrcode\qrimage.php on line 30
[09-Aug-2026 23:20:38 Asia/Riyadh] PHP Deprecated:  Optional parameter $pixelPerPoint declared before required parameter $fore_color is implicitly treated as a required parameter in D:\client1\vendor\phpqrcode\qrimage.php on line 30
[09-Aug-2026 23:20:38 Asia/Riyadh] PHP Deprecated:  Optional parameter $outerFrame declared before required parameter $fore_color is implicitly treated as a required parameter in D:\client1\vendor\phpqrcode\qrimage.php on line 30
[09-Aug-2026 23:20:38 Asia/Riyadh] PHP Deprecated:  Optional parameter $saveandprint declared before required parameter $fore_color is implicitly treated as a required parameter in D:\client1\vendor\phpqrcode\qrimage.php on line 30
[09-Aug-2026 23:20:38 Asia/Riyadh] PHP Deprecated:  Optional parameter $filename declared before required parameter $fore_color is implicitly treated as a required parameter in D:\client1\vendor\phpqrcode\qrvect.php on line 140
[09-Aug-2026 23:20:38 Asia/Riyadh] PHP Deprecated:  Optional parameter $pixelPerPoint declared before required parameter $fore_color is implicitly treated as a required parameter in D:\client1\vendor\phpqrcode\qrvect.php on line 140
[09-Aug-2026 23:20:38 Asia/Riyadh] PHP Deprecated:  Optional parameter $outerFrame declared before required parameter $fore_color is implicitly treated as a required parameter in D:\client1\vendor\phpqrcode\qrvect.php on line 140
[09-Aug-2026 23:20:38 Asia/Riyadh] PHP Deprecated:  Optional parameter $saveandprint declared before required parameter $fore_color is implicitly treated as a required parameter in D:\client1\vendor\phpqrcode\qrvect.php on line 140
[09-Aug-2026 23:20:38 Asia/Riyadh] [QR LIB] Creation of dynamic property QRencode::$cmyk is deprecated
[09-Aug-2026 23:20:38 Asia/Riyadh] [QR LIB] Implicit conversion from float 0.2 to int loses precision
[09-Aug-2026 23:20:38 Asia/Riyadh] [QR LIB] Implicit conversion from float 0.4 to int loses precision
[09-Aug-2026 23:20:38 Asia/Riyadh] [QR LIB] Implicit conversion from float 0.6 to int loses precision
[09-Aug-2026 23:20:38 Asia/Riyadh] [QR LIB] Implicit conversion from float 0.8 to int loses precision
[09-Aug-2026 23:20:38 Asia/Riyadh] [QR LIB] Implicit conversion from float 1.2 to int loses precision
[09-Aug-2026 23:20:38 Asia/Riyadh] [QR LIB] Implicit conversion from float 1.4 to int loses precision
[09-Aug-2026 23:20:38 Asia/Riyadh] [QR LIB] Implicit conversion from float 1.6 to int loses precision
[09-Aug-2026 23:20:38 Asia/Riyadh] [QR LIB] Implicit conversion from float 1.8 to int loses precision
[09-Aug-2026 23:20:38 Asia/Riyadh] [QR LIB] Implicit conversion from float 2.2 to int loses precision
[09-Aug-2026 23:20:38 Asia/Riyadh] [QR LIB] Implicit conversion from float 2.4 to int loses precision
[09-Aug-2026 23:20:38 Asia/Riyadh] [QR LIB] Implicit conversion from float 2.6 to int loses precision
[09-Aug-2026 23:20:38 Asia/Riyadh] [QR LIB] Implicit conversion from float 2.8 to int loses precision
[09-Aug-2026 23:20:38 Asia/Riyadh] [QR LIB] Implicit conversion from float 3.2 to int loses precision
[09-Aug-2026 23:20:38 Asia/Riyadh] [QR LIB] Implicit conversion from float 3.4 to int loses precision
[09-Aug-2026 23:20:38 Asia/Riyadh] [QR LIB] Implicit conversion from float 3.6 to int loses precision
[09-Aug-2026 23:20:38 Asia/Riyadh] [QR LIB] Implicit conversion from float 3.8 to int loses precision
[09-Aug-2026 23:20:38 Asia/Riyadh] [QR LIB] Implicit conversion from float 4.2 to int loses precision
[09-Aug-2026 23:20:38 Asia/Riyadh] [QR LIB] Implicit conversion from float 4.4 to int loses precision
[09-Aug-2026 23:20:38 Asia/Riyadh] [QR LIB] Implicit conversion from float 4.6 to int loses precision
[09-Aug-2026 23:20:38 Asia/Riyadh] [QR LIB] Implicit conversion from float 4.8 to int loses precision
[09-Aug-2026 23:20:38 Asia/Riyadh] [QR LIB] Implicit conversion from float 5.2 to int loses precision
[09-Aug-2026 23:20:38 Asia/Riyadh] [QR LIB] Implicit conversion from float 5.4 to int loses precision
[09-Aug-2026 23:20:38 Asia/Riyadh] [QR LIB] Implicit conversion from float 5.6 to int loses precision
[09-Aug-2026 23:20:38 Asia/Riyadh] [QR LIB] Implicit conversion from float 5.8 to int loses precision
[09-Aug-2026 23:20:38 Asia/Riyadh] [QR LIB] Implicit conversion from float 6.2 to int loses precision
[09-Aug-2026 23:20:38 Asia/Riyadh] [QR LIB] Implicit conversion from float 6.4 to int loses precision
[09-Aug-2026 23:20:38 Asia/Riyadh] [QR LIB] Implicit conversion from float 6.6 to int loses precision
[09-Aug-2026 23:20:38 Asia/Riyadh] [QR LIB] Implicit conversion from float 6.8 to int loses precision
[09-Aug-2026 23:20:38 Asia/Riyadh] [QR LIB] Implicit conversion from float 7.2 to int loses precision
[09-Aug-2026 23:20:38 Asia/Riyadh] [QR LIB] Implicit conversion from float 7.4 to int loses precision
[09-Aug-2026 23:20:38 Asia/Riyadh] [QR LIB] Implicit conversion from float 7.6 to int loses precision
[09-Aug-2026 23:20:38 Asia/Riyadh] [QR LIB] Implicit conversion from float 7.8 to int loses precision
[09-Aug-2026 23:20:38 Asia/Riyadh] [QR LIB] Implicit conversion from float 8.2 to int loses precision
[09-Aug-2026 23:20:38 Asia/Riyadh] [QR LIB] Implicit conversion from float 8.4 to int loses precision
[09-Aug-2026 23:20:38 Asia/Riyadh] [QR LIB] Implicit conversion from float 8.6 to int loses precision
[09-Aug-2026 23:20:38 Asia/Riyadh] [QR LIB] Implicit conversion from float 8.8 to int loses precision
[09-Aug-2026 23:20:38 Asia/Riyadh] [QR LIB] Implicit conversion from float 9.2 to int loses precision
[09-Aug-2026 23:20:38 Asia/Riyadh] [QR LIB] Implicit conversion from float 9.4 to int loses precision
[09-Aug-2026 23:20:38 Asia/Riyadh] [QR LIB] Implicit conversion from float 9.6 to int loses precision
[09-Aug-2026 23:20:38 Asia/Riyadh] [QR LIB] Implicit conversion from float 9.8 to int loses precision
[09-Aug-2026 23:20:38 Asia/Riyadh] [QR LIB] Implicit conversion from float 10.2 to int loses precision
[09-Aug-2026 23:20:38 Asia/Riyadh] [QR LIB] Implicit conversion from float 10.4 to int loses precision
[09-Aug-2026 23:20:38 Asia/Riyadh] [QR LIB] Implicit conversion from float 10.6 to int loses precision
[09-Aug-2026 23:20:38 Asia/Riyadh] [QR LIB] Implicit conversion from float 10.8 to int loses precision
[09-Aug-2026 23:20:38 Asia/Riyadh] [QR LIB] Implicit conversion from float 11.2 to int loses precision
[09-Aug-2026 23:20:38 Asia/Riyadh] [QR LIB] Implicit conversion from float 11.4 to int loses precision
[09-Aug-2026 23:20:38 Asia/Riyadh] [QR LIB] Implicit conversion from float 11.6 to int loses precision
[09-Aug-2026 23:20:38 Asia/Riyadh] [QR LIB] Implicit conversion from float 11.8 to int loses precision
[09-Aug-2026 23:20:38 Asia/Riyadh] [QR LIB] Implicit conversion from float 12.2 to int loses precision
[09-Aug-2026 23:20:38 Asia/Riyadh] [QR LIB] Implicit conversion from float 12.4 to int loses precision
[09-Aug-2026 23:20:38 Asia/Riyadh] [QR LIB] Implicit conversion from float 12.6 to int loses precision
[09-Aug-2026 23:20:38 Asia/Riyadh] [QR LIB] Implicit conversion from float 12.8 to int loses precision
[09-Aug-2026 23:20:38 Asia/Riyadh] [QR LIB] Implicit conversion from float 0.2 to int loses precision
[09-Aug-2026 23:20:38 Asia/Riyadh] [QR LIB] Implicit conversion from float 0.4 to int loses precision
[09-Aug-2026 23:20:38 Asia/Riyadh] [QR LIB] Implicit conversion from float 0.6 to int loses precision
[09-Aug-2026 23:20:38 Asia/Riyadh] [QR LIB] Implicit conversion from float 0.8 to int loses precision
[09-Aug-2026 23:20:38 Asia/Riyadh] [QR LIB] Implicit conversion from float 1.2 to int loses precision
[09-Aug-2026 23:20:38 Asia/Riyadh] [QR LIB] Implicit conversion from float 1.4 to int loses precision
[09-Aug-2026 23:20:38 Asia/Riyadh] [QR LIB] Implicit conversion from float 1.6 to int loses precision
[09-Aug-2026 23:20:38 Asia/Riyadh] [QR LIB] Implicit conversion from float 1.8 to int loses precision
[09-Aug-2026 23:20:38 Asia/Riyadh] [QR LIB] Implicit conversion from float 2.2 to int loses precision
[09-Aug-2026 23:20:38 Asia/Riyadh] [QR LIB] Implicit conversion from float 2.4 to int loses precision
[09-Aug-2026 23:20:38 Asia/Riyadh] [QR LIB] Implicit conversion from float 2.6 to int loses precision
[09-Aug-2026 23:20:38 Asia/Riyadh] [QR LIB] Implicit conversion from float 2.8 to int loses precision
[09-Aug-2026 23:20:38 Asia/Riyadh] [QR LIB] Implicit conversion from float 3.2 to int loses precision
[09-Aug-2026 23:20:38 Asia/Riyadh] [QR LIB] Implicit conversion from float 3.4 to int loses precision
[09-Aug-2026 23:20:38 Asia/Riyadh] [QR LIB] Implicit conversion from float 3.6 to int loses precision
[09-Aug-2026 23:20:38 Asia/Riyadh] [QR LIB] Implicit conversion from float 3.8 to int loses precision
[09-Aug-2026 23:20:38 Asia/Riyadh] [QR LIB] Implicit conversion from float 4.2 to int loses precision
[09-Aug-2026 23:20:38 Asia/Riyadh] [QR LIB] Implicit conversion from float 4.4 to int loses precision
[09-Aug-2026 23:20:38 Asia/Riyadh] [QR LIB] Implicit conversion from float 4.6 to int loses precision
[09-Aug-2026 23:20:38 Asia/Riyadh] [QR LIB] Implicit conversion from float 4.8 to int loses precision
[09-Aug-2026 23:20:38 Asia/Riyadh] [QR LIB] Implicit conversion from float 5.2 to int loses precision
[09-Aug-2026 23:20:38 Asia/Riyadh] [QR LIB] Implicit conversion from float 5.4 to int loses precision
[09-Aug-2026 23:20:38 Asia/Riyadh] [QR LIB] Implicit conversion from float 5.6 to int loses precision
[09-Aug-2026 23:20:38 Asia/Riyadh] [QR LIB] Implicit conversion from float 5.8 to int loses precision
[09-Aug-2026 23:20:38 Asia/Riyadh] [QR LIB] Implicit conversion from float 6.2 to int loses precision
[09-Aug-2026 23:20:38 Asia/Riyadh] [QR LIB] Implicit conversion from float 6.4 to int loses precision
[09-Aug-2026 23:20:38 Asia/Riyadh] [QR LIB] Implicit conversion from float 6.6 to int loses precision
[09-Aug-2026 23:20:38 Asia/Riyadh] [QR LIB] Implicit conversion from float 6.8 to int loses precision
[09-Aug-2026 23:20:38 Asia/Riyadh] [QR LIB] Implicit conversion from float 7.2 to int loses precision
[09-Aug-2026 23:20:38 Asia/Riyadh] [QR LIB] Implicit conversion from float 7.4 to int loses precision
[09-Aug-2026 23:20:38 Asia/Riyadh] [QR LIB] Implicit conversion from float 7.6 to int loses precision
[09-Aug-2026 23:20:38 Asia/Riyadh] [QR LIB] Implicit conversion from float 7.8 to int loses precision
[09-Aug-2026 23:20:38 Asia/Riyadh] [QR LIB] Implicit conversion from float 8.2 to int loses precision
[09-Aug-2026 23:20:38 Asia/Riyadh] [QR LIB] Implicit conversion from float 8.4 to int loses precision
[09-Aug-2026 23:20:38 Asia/Riyadh] [QR LIB] Implicit conversion from float 8.6 to int loses precision
[09-Aug-2026 23:20:38 Asia/Riyadh] [QR LIB] Implicit conversion from float 8.8 to int loses precision
[09-Aug-2026 23:20:38 Asia/Riyadh] [QR LIB] Implicit conversion from float 9.2 to int loses precision
[09-Aug-2026 23:20:38 Asia/Riyadh] [QR LIB] Implicit conversion from float 9.4 to int loses precision
[09-Aug-2026 23:20:38 Asia/Riyadh] [QR LIB] Implicit conversion from float 9.6 to int loses precision
[09-Aug-2026 23:20:38 Asia/Riyadh] [QR LIB] Implicit conversion from float 9.8 to int loses precision
[09-Aug-2026 23:20:38 Asia/Riyadh] [QR LIB] Implicit conversion from float 10.2 to int loses precision
[09-Aug-2026 23:20:38 Asia/Riyadh] [QR LIB] Implicit conversion from float 10.4 to int loses precision
[09-Aug-2026 23:20:38 Asia/Riyadh] [QR LIB] Implicit conversion from float 10.6 to int loses precision
[09-Aug-2026 23:20:38 Asia/Riyadh] [QR LIB] Implicit conversion from float 10.8 to int loses precision
[09-Aug-2026 23:20:38 Asia/Riyadh] [QR LIB] Implicit conversion from float 11.2 to int loses precision
[09-Aug-2026 23:20:38 Asia/Riyadh] [QR LIB] Implicit conversion from float 11.4 to int loses precision
[09-Aug-2026 23:20:38 Asia/Riyadh] [QR LIB] Implicit conversion from float 11.6 to int loses precision
[09-Aug-2026 23:20:38 Asia/Riyadh] [QR LIB] Implicit conversion from float 11.8 to int loses precision
[09-Aug-2026 23:20:38 Asia/Riyadh] [QR LIB] Implicit conversion from float 12.2 to int loses precision
[09-Aug-2026 23:20:38 Asia/Riyadh] [QR LIB] Implicit conversion from float 12.4 to int loses precision
[09-Aug-2026 23:20:38 Asia/Riyadh] [QR LIB] Implicit conversion from float 12.6 to int loses precision
[09-Aug-2026 23:20:38 Asia/Riyadh] [QR LIB] Implicit conversion from float 12.8 to int loses precision
[09-Aug-2026 23:20:38 Asia/Riyadh] [QR LIB] Implicit conversion from float 13.2 to int loses precision
[09-Aug-2026 23:20:38 Asia/Riyadh] [QR LIB] Implicit conversion from float 13.4 to int loses precision
[09-Aug-2026 23:20:38 Asia/Riyadh] [QR LIB] Implicit conversion from float 13.6 to int loses precision
[09-Aug-2026 23:20:38 Asia/Riyadh] [QR LIB] Implicit conversion from float 13.8 to int loses precision
[09-Aug-2026 23:20:38 Asia/Riyadh] [QR LIB] Implicit conversion from float 14.2 to int loses precision
[09-Aug-2026 23:20:38 Asia/Riyadh] [QR LIB] Implicit conversion from float 14.4 to int loses precision
[09-Aug-2026 23:20:38 Asia/Riyadh] [QR LIB] Implicit conversion from float 14.6 to int loses precision
[09-Aug-2026 23:20:38 Asia/Riyadh] [QR LIB] Implicit conversion from float 14.8 to int loses precision
[09-Aug-2026 23:20:38 Asia/Riyadh] [QR LIB] Implicit conversion from float 15.2 to int loses precision
[09-Aug-2026 23:20:38 Asia/Riyadh] [QR LIB] Implicit conversion from float 15.4 to int loses precision
[09-Aug-2026 23:20:38 Asia/Riyadh] [QR LIB] Implicit conversion from float 15.6 to int loses precision
[09-Aug-2026 23:20:38 Asia/Riyadh] [QR LIB] Implicit conversion from float 15.8 to int loses precision
[09-Aug-2026 23:20:38 Asia/Riyadh] [QR LIB] Implicit conversion from float 16.2 to int loses precision
[09-Aug-2026 23:20:38 Asia/Riyadh] [QR LIB] Implicit conversion from float 16.4 to int loses precision
[09-Aug-2026 23:20:38 Asia/Riyadh] [QR LIB] Implicit conversion from float 16.6 to int loses precision
[09-Aug-2026 23:20:38 Asia/Riyadh] [QR LIB] Implicit conversion from float 16.8 to int loses precision
[09-Aug-2026 23:20:38 Asia/Riyadh] [QR LIB] Implicit conversion from float 17.2 to int loses precision
[09-Aug-2026 23:20:38 Asia/Riyadh] [QR LIB] Implicit conversion from float 17.4 to int loses precision
[09-Aug-2026 23:20:38 Asia/Riyadh] [QR LIB] Implicit conversion from float 17.6 to int loses precision
[09-Aug-2026 23:20:38 Asia/Riyadh] [QR LIB] Implicit conversion from float 17.8 to int loses precision
[09-Aug-2026 23:20:38 Asia/Riyadh] [QR LIB] Implicit conversion from float 18.2 to int loses precision
[09-Aug-2026 23:20:38 Asia/Riyadh] [QR LIB] Implicit conversion from float 18.4 to int loses precision
[09-Aug-2026 23:20:38 Asia/Riyadh] [QR LIB] Implicit conversion from float 18.6 to int loses precision
[09-Aug-2026 23:20:38 Asia/Riyadh] [QR LIB] Implicit conversion from float 18.8 to int loses precision
[09-Aug-2026 23:20:38 Asia/Riyadh] [QR LIB] Implicit conversion from float 19.2 to int loses precision
[09-Aug-2026 23:20:38 Asia/Riyadh] [QR LIB] Implicit conversion from float 19.4 to int loses precision
[09-Aug-2026 23:20:38 Asia/Riyadh] [QR LIB] Implicit conversion from float 19.6 to int loses precision
[09-Aug-2026 23:20:38 Asia/Riyadh] [QR LIB] Implicit conversion from float 19.8 to int loses precision
[09-Aug-2026 23:20:38 Asia/Riyadh] [QR LIB] Implicit conversion from float 20.2 to int loses precision
[09-Aug-2026 23:20:38 Asia/Riyadh] [QR LIB] Implicit conversion from float 20.4 to int loses precision
[09-Aug-2026 23:20:38 Asia/Riyadh] [QR LIB] Implicit conversion from float 20.6 to int loses precision
[09-Aug-2026 23:20:38 Asia/Riyadh] [QR LIB] Implicit conversion from float 20.8 to int loses precision
[09-Aug-2026 23:20:38 Asia/Riyadh] [QR LIB] Implicit conversion from float 21.2 to int loses precision
[09-Aug-2026 23:20:38 Asia/Riyadh] [QR LIB] Implicit conversion from float 21.4 to int loses precision
[09-Aug-2026 23:20:38 Asia/Riyadh] [QR LIB] Implicit conversion from float 21.6 to int loses precision
[09-Aug-2026 23:20:38 Asia/Riyadh] [QR LIB] Implicit conversion from float 21.8 to int loses precision
[09-Aug-2026 23:20:38 Asia/Riyadh] [QR LIB] Implicit conversion from float 22.2 to int loses precision
[09-Aug-2026 23:20:38 Asia/Riyadh] [QR LIB] Implicit conversion from float 22.4 to int loses precision
[09-Aug-2026 23:20:38 Asia/Riyadh] [QR LIB] Implicit conversion from float 22.6 to int loses precision
[09-Aug-2026 23:20:38 Asia/Riyadh] [QR LIB] Implicit conversion from float 22.8 to int loses precision
[09-Aug-2026 23:20:38 Asia/Riyadh] [QR LIB] Implicit conversion from float 23.2 to int loses precision
[09-Aug-2026 23:20:38 Asia/Riyadh] [QR LIB] Implicit conversion from float 23.4 to int loses precision
[09-Aug-2026 23:20:38 Asia/Riyadh] [QR LIB] Implicit conversion from float 23.6 to int loses precision
[09-Aug-2026 23:20:38 Asia/Riyadh] [QR LIB] Implicit conversion from float 23.8 to int loses precision
[09-Aug-2026 23:20:38 Asia/Riyadh] [QR LIB] Implicit conversion from float 24.2 to int loses precision
[09-Aug-2026 23:20:38 Asia/Riyadh] [QR LIB] Implicit conversion from float 24.4 to int loses precision
[09-Aug-2026 23:20:38 Asia/Riyadh] [QR LIB] Implicit conversion from float 24.6 to int loses precision
[09-Aug-2026 23:20:38 Asia/Riyadh] [QR LIB] Implicit conversion from float 24.8 to int loses precision
[09-Aug-2026 23:20:38 Asia/Riyadh] [QR LIB] Implicit conversion from float 25.2 to int loses precision
[09-Aug-2026 23:20:38 Asia/Riyadh] [QR LIB] Implicit conversion from float 25.4 to int loses precision
[09-Aug-2026 23:20:38 Asia/Riyadh] [QR LIB] Implicit conversion from float 25.6 to int loses precision
[09-Aug-2026 23:20:38 Asia/Riyadh] [QR LIB] Implicit conversion from float 25.8 to int loses precision
[09-Aug-2026 23:20:38 Asia/Riyadh] [REQ] sid=g11siod4ovjc6e00874sigg2mv user=yes GET /admin/documents cookie=yes
[09-Aug-2026 23:20:38 Asia/Riyadh] [REQ] sid=g11siod4ovjc6e00874sigg2mv user=yes GET /admin/documents cookie=yes
[09-Aug-2026 23:20:38 Asia/Riyadh] [REQ] sid=g11siod4ovjc6e00874sigg2mv user=yes GET /admin/documents/1/qr cookie=yes
[09-Aug-2026 23:20:39 Asia/Riyadh] [REQ] sid=g11siod4ovjc6e00874sigg2mv user=yes POST /admin/documents/1/activate cookie=yes
[09-Aug-2026 23:20:39 Asia/Riyadh] [CSRF DEBUG] method=POST uri=/admin/documents/1/activate sid=g11siod4ovjc6e00874sigg2mv sentlen=64 stored=1182d4cb4da558ede899cb8d66a95bb5def65680b8ad4ec03e2f33d472a5aa77
[09-Aug-2026 23:20:39 Asia/Riyadh] [REQ] sid=g11siod4ovjc6e00874sigg2mv user=yes GET /admin/documents cookie=yes
[09-Aug-2026 23:20:39 Asia/Riyadh] [REQ] sid=g11siod4ovjc6e00874sigg2mv user=yes GET /verify/3f2c611d74aa6a2b3044f9737bcfa012 cookie=yes
[09-Aug-2026 23:20:39 Asia/Riyadh] [REQ] sid=g11siod4ovjc6e00874sigg2mv user=yes GET /verify/3f2c611d74aa6a2b3044f9737bcfa012/file cookie=yes
[09-Aug-2026 23:20:39 Asia/Riyadh] [REQ] sid=g11siod4ovjc6e00874sigg2mv user=yes GET /admin/verifications cookie=yes
[09-Aug-2026 23:20:39 Asia/Riyadh] [REQ] sid=g11siod4ovjc6e00874sigg2mv user=yes POST /admin/documents/1/disable cookie=yes
[09-Aug-2026 23:20:39 Asia/Riyadh] [CSRF DEBUG] method=POST uri=/admin/documents/1/disable sid=g11siod4ovjc6e00874sigg2mv sentlen=64 stored=1182d4cb4da558ede899cb8d66a95bb5def65680b8ad4ec03e2f33d472a5aa77
[09-Aug-2026 23:20:39 Asia/Riyadh] [REQ] sid=g11siod4ovjc6e00874sigg2mv user=yes GET /admin/documents cookie=yes
[09-Aug-2026 23:20:40 Asia/Riyadh] [REQ] sid=g11siod4ovjc6e00874sigg2mv user=yes GET /verify/3f2c611d74aa6a2b3044f9737bcfa012 cookie=yes
[09-Aug-2026 23:20:40 Asia/Riyadh] [REQ] sid=g11siod4ovjc6e00874sigg2mv user=yes GET /verify/aaaaaaaaaaaaaaaaaaaaaaaaaaaaaaaa cookie=yes
[09-Aug-2026 23:20:40 Asia/Riyadh] [REQ] sid=g11siod4ovjc6e00874sigg2mv user=yes POST /admin/documents/1/delete cookie=yes
[09-Aug-2026 23:20:40 Asia/Riyadh] [CSRF DEBUG] method=POST uri=/admin/documents/1/delete sid=g11siod4ovjc6e00874sigg2mv sentlen=64 stored=1182d4cb4da558ede899cb8d66a95bb5def65680b8ad4ec03e2f33d472a5aa77
[09-Aug-2026 23:20:40 Asia/Riyadh] [REQ] sid=g11siod4ovjc6e00874sigg2mv user=yes GET /admin/documents cookie=yes
[09-Aug-2026 23:20:40 Asia/Riyadh] [REQ] sid=g11siod4ovjc6e00874sigg2mv user=yes GET /logout cookie=yes
[09-Aug-2026 23:20:40 Asia/Riyadh] [REQ] sid=5899k19p0725iqpou4muh9cqr9 user=no GET /login cookie=yes
[09-Aug-2026 23:20:41 Asia/Riyadh] [REQ] sid=5899k19p0725iqpou4muh9cqr9 user=no GET /admin cookie=yes
[09-Aug-2026 23:20:41 Asia/Riyadh] [REQ] sid=5899k19p0725iqpou4muh9cqr9 user=no GET /login cookie=yes
[09-Aug-2026 23:22:05 Asia/Riyadh] [REQ] sid=1l6nn8c62a74fcsu0nvrqgm3ik user=no GET / cookie=no
[09-Aug-2026 23:22:10 Asia/Riyadh] [REQ] sid=h0dqkv3att4r2t5pdqkqig7c4r user=no GET /login cookie=no
[09-Aug-2026 23:22:25 Asia/Riyadh] [REQ] sid=tj2taonvdhc8lug2gbhpc5ci0v user=no GET / cookie=no
[09-Aug-2026 23:22:27 Asia/Riyadh] [REQ] sid=tj2taonvdhc8lug2gbhpc5ci0v user=no GET / cookie=yes
[09-Aug-2026 23:22:27 Asia/Riyadh] [REQ] sid=tj2taonvdhc8lug2gbhpc5ci0v user=no GET /favicon.ico cookie=yes
[09-Aug-2026 23:22:30 Asia/Riyadh] [REQ] sid=tj2taonvdhc8lug2gbhpc5ci0v user=no GET / cookie=yes
[09-Aug-2026 23:22:31 Asia/Riyadh] [REQ] sid=tj2taonvdhc8lug2gbhpc5ci0v user=no GET / cookie=yes
[09-Aug-2026 23:22:39 Asia/Riyadh] [REQ] sid=tj2taonvdhc8lug2gbhpc5ci0v user=no GET / cookie=yes
[09-Aug-2026 23:23:00 Asia/Riyadh] [REQ] sid=tj2taonvdhc8lug2gbhpc5ci0v user=no GET / cookie=yes
[09-Aug-2026 23:23:01 Asia/Riyadh] [REQ] sid=tj2taonvdhc8lug2gbhpc5ci0v user=no GET / cookie=yes
[09-Aug-2026 23:23:02 Asia/Riyadh] [REQ] sid=tj2taonvdhc8lug2gbhpc5ci0v user=no GET / cookie=yes
[09-Aug-2026 23:23:56 Asia/Riyadh] [REQ] sid=11curk5i1cev3htdlqvth1bsfb user=no GET / cookie=no
[09-Aug-2026 23:23:56 Asia/Riyadh] [REQ] sid=11curk5i1cev3htdlqvth1bsfb user=no GET /favicon.ico cookie=yes
[09-Aug-2026 23:24:00 Asia/Riyadh] [REQ] sid=11curk5i1cev3htdlqvth1bsfb user=no GET / cookie=yes
[09-Aug-2026 23:25:38 Asia/Riyadh] [REQ] sid=nnk7aqla6q4kc49p1pp5c9grs8 user=no GET / cookie=no
[09-Aug-2026 23:25:39 Asia/Riyadh] [REQ] sid=1hmi3n4etakc7rohkr2t03ll5n user=no GET / cookie=no
[09-Aug-2026 23:25:39 Asia/Riyadh] [REQ] sid=7ckp5eoh1n0olp8r8u5gam1380 user=no GET /login cookie=no
[09-Aug-2026 23:25:44 Asia/Riyadh] [REQ] sid=u99mld80pa74k1uka6sdnbj332 user=no GET /login cookie=no
[09-Aug-2026 23:25:44 Asia/Riyadh] [REQ] sid=u99mld80pa74k1uka6sdnbj332 user=no POST /login cookie=yes
[09-Aug-2026 23:25:44 Asia/Riyadh] [CSRF DEBUG] method=POST uri=/login sid=u99mld80pa74k1uka6sdnbj332 sentlen=0 stored=61efc620ffe44d4bb8163a71a9af61e8a7e5386cdcd0efe5f283d13d848eb946
[09-Aug-2026 23:25:44 Asia/Riyadh] [REQ] sid=u99mld80pa74k1uka6sdnbj332 user=no GET / cookie=yes
[09-Aug-2026 23:25:49 Asia/Riyadh] [REQ] sid=1ouh6taspn14sv8g7o592gb4q2 user=no GET /login cookie=no
[09-Aug-2026 23:25:59 Asia/Riyadh] [REQ] sid=rh75pvojbsomlspb1coijcoe68 user=no GET /login cookie=no
[09-Aug-2026 23:26:00 Asia/Riyadh] [REQ] sid=rh75pvojbsomlspb1coijcoe68 user=no POST /login cookie=yes
[09-Aug-2026 23:26:00 Asia/Riyadh] [CSRF DEBUG] method=POST uri=/login sid=rh75pvojbsomlspb1coijcoe68 sentlen=64 stored=61d6139b3c58ec7b363b6c59930fcecb8e923dfdf168e9696fa0fe86ba7c6315
[09-Aug-2026 23:26:00 Asia/Riyadh] [REQ] sid=jn6qigdg33sgv7ds8li5j0ttb8 user=yes GET / cookie=yes
[09-Aug-2026 23:27:50 Asia/Riyadh] [REQ] sid=tj2taonvdhc8lug2gbhpc5ci0v user=no GET / cookie=yes
[09-Aug-2026 23:27:50 Asia/Riyadh] [REQ] sid=tj2taonvdhc8lug2gbhpc5ci0v user=no GET /login cookie=yes
[09-Aug-2026 23:27:50 Asia/Riyadh] [REQ] sid=tj2taonvdhc8lug2gbhpc5ci0v user=no GET /assets/vendor/bootstrap/bootstrap.rtl.min.css cookie=yes
[09-Aug-2026 23:27:50 Asia/Riyadh] [REQ] sid=tj2taonvdhc8lug2gbhpc5ci0v user=no GET /assets/vendor/bootstrap-icons/bootstrap-icons.min.css cookie=yes
[09-Aug-2026 23:27:50 Asia/Riyadh] [REQ] sid=tj2taonvdhc8lug2gbhpc5ci0v user=no GET /assets/css/app.css cookie=yes
[09-Aug-2026 23:27:50 Asia/Riyadh] [REQ] sid=tj2taonvdhc8lug2gbhpc5ci0v user=no GET /assets/vendor/bootstrap/bootstrap.bundle.min.js cookie=yes
[09-Aug-2026 23:27:50 Asia/Riyadh] [REQ] sid=tj2taonvdhc8lug2gbhpc5ci0v user=no GET /assets/js/app.js cookie=yes
[09-Aug-2026 23:28:22 Asia/Riyadh] [REQ] sid=tj2taonvdhc8lug2gbhpc5ci0v user=no POST /login cookie=yes
[09-Aug-2026 23:28:22 Asia/Riyadh] [CSRF DEBUG] method=POST uri=/login sid=tj2taonvdhc8lug2gbhpc5ci0v sentlen=64 stored=bfd30bfc96b91342f7dc5237cf4d5a40b2338e65bb0969a23d02e04ef426f68d
[09-Aug-2026 23:28:22 Asia/Riyadh] [REQ] sid=tj2taonvdhc8lug2gbhpc5ci0v user=no GET /login cookie=yes
[09-Aug-2026 23:28:22 Asia/Riyadh] [REQ] sid=tj2taonvdhc8lug2gbhpc5ci0v user=no GET /assets/vendor/bootstrap/bootstrap.rtl.min.css cookie=yes
[09-Aug-2026 23:28:22 Asia/Riyadh] [REQ] sid=tj2taonvdhc8lug2gbhpc5ci0v user=no GET /assets/vendor/bootstrap-icons/bootstrap-icons.min.css cookie=yes
[09-Aug-2026 23:28:22 Asia/Riyadh] [REQ] sid=tj2taonvdhc8lug2gbhpc5ci0v user=no GET /assets/css/app.css cookie=yes
[09-Aug-2026 23:28:23 Asia/Riyadh] [REQ] sid=tj2taonvdhc8lug2gbhpc5ci0v user=no GET /assets/vendor/bootstrap/bootstrap.bundle.min.js cookie=yes
[09-Aug-2026 23:28:23 Asia/Riyadh] [REQ] sid=tj2taonvdhc8lug2gbhpc5ci0v user=no GET /assets/js/app.js cookie=yes
[09-Aug-2026 23:29:03 Asia/Riyadh] [REQ] sid=tj2taonvdhc8lug2gbhpc5ci0v user=no POST /login cookie=yes
[09-Aug-2026 23:29:03 Asia/Riyadh] [CSRF DEBUG] method=POST uri=/login sid=tj2taonvdhc8lug2gbhpc5ci0v sentlen=64 stored=bfd30bfc96b91342f7dc5237cf4d5a40b2338e65bb0969a23d02e04ef426f68d
[09-Aug-2026 23:29:03 Asia/Riyadh] [REQ] sid=5js5iqikoiec0hlr9dn57j1tcr user=yes GET /admin cookie=yes
[09-Aug-2026 23:29:03 Asia/Riyadh] [REQ] sid=5js5iqikoiec0hlr9dn57j1tcr user=yes GET /assets/vendor/bootstrap/bootstrap.rtl.min.css cookie=yes
[09-Aug-2026 23:29:03 Asia/Riyadh] [REQ] sid=5js5iqikoiec0hlr9dn57j1tcr user=yes GET /assets/vendor/bootstrap-icons/bootstrap-icons.min.css cookie=yes
[09-Aug-2026 23:29:03 Asia/Riyadh] [REQ] sid=5js5iqikoiec0hlr9dn57j1tcr user=yes GET /assets/css/app.css cookie=yes
[09-Aug-2026 23:29:03 Asia/Riyadh] [REQ] sid=5js5iqikoiec0hlr9dn57j1tcr user=yes GET /assets/vendor/bootstrap/bootstrap.bundle.min.js cookie=yes
[09-Aug-2026 23:29:03 Asia/Riyadh] [REQ] sid=5js5iqikoiec0hlr9dn57j1tcr user=yes GET /assets/js/app.js cookie=yes
[09-Aug-2026 23:39:04 Asia/Riyadh] [REQ] sid=suu78j630gjnrhh5md8j755om3 user=no GET /admin/clients cookie=no
[09-Aug-2026 23:39:46 Asia/Riyadh] [REQ] sid=d51kj0gck4fig8uovf8vb1h44i user=no GET /login cookie=no
[09-Aug-2026 23:39:46 Asia/Riyadh] [REQ] sid=d51kj0gck4fig8uovf8vb1h44i user=no POST /login cookie=yes
[09-Aug-2026 23:39:46 Asia/Riyadh] [CSRF DEBUG] method=POST uri=/login sid=d51kj0gck4fig8uovf8vb1h44i sentlen=64 stored=cee64cbf1c9124b0161526034f40f015b194e17029d2b6e58823ad48b0c7bd5a
[09-Aug-2026 23:39:46 Asia/Riyadh] [REQ] sid=aslr705opf55pdk5353vlrus4a user=yes GET /admin/documents cookie=yes
[09-Aug-2026 23:39:47 Asia/Riyadh] [REQ] sid=aslr705opf55pdk5353vlrus4a user=yes GET /admin/clients cookie=yes
[09-Aug-2026 23:39:47 Asia/Riyadh] PHP Warning:  Undefined variable $paginator in D:\client1\views\admin\clients\index.php on line 100
[09-Aug-2026 23:39:47 Asia/Riyadh] [FATAL] Call to a member function hasPages() on null in D:\client1\views\admin\clients\index.php:100
[09-Aug-2026 23:46:17 Asia/Riyadh] [REQ] sid=nfvunadq1l9ir2pdte80jjvhul user=no GET /login cookie=no
[09-Aug-2026 23:46:31 Asia/Riyadh] [REQ] sid=8repha1bn98cos1gcrpohisbno user=no GET /login cookie=no
[09-Aug-2026 23:46:31 Asia/Riyadh] [REQ] sid=8repha1bn98cos1gcrpohisbno user=no POST /login cookie=yes
[09-Aug-2026 23:46:31 Asia/Riyadh] [CSRF DEBUG] method=POST uri=/login sid=8repha1bn98cos1gcrpohisbno sentlen=0 stored=546fd1bdf14f302bfd4af3dd83a2795bd2ef3fcf63dcbe9989f076a80dbd1850
[09-Aug-2026 23:46:35 Asia/Riyadh] [REQ] sid=4s8hqirbfjg11l9dguqnipubt1 user=no GET /login cookie=no
[09-Aug-2026 23:46:39 Asia/Riyadh] [REQ] sid=k88fp8c8du8ujt7rir8f0nstpm user=no GET /login cookie=no
[09-Aug-2026 23:46:40 Asia/Riyadh] [REQ] sid=k88fp8c8du8ujt7rir8f0nstpm user=no POST /login cookie=yes
[09-Aug-2026 23:46:40 Asia/Riyadh] [CSRF DEBUG] method=POST uri=/login sid=k88fp8c8du8ujt7rir8f0nstpm sentlen=64 stored=79a3abe415c84a73ee5dc0704072da4675735318cf7802a2ef310f20239ad225
[09-Aug-2026 23:47:18 Asia/Riyadh] [REQ] sid=3egadh3djcfdo3in0e28b6jd7t user=no GET /login cookie=no
[09-Aug-2026 23:47:19 Asia/Riyadh] [REQ] sid=3egadh3djcfdo3in0e28b6jd7t user=no POST /login cookie=yes
[09-Aug-2026 23:47:19 Asia/Riyadh] [CSRF DEBUG] method=POST uri=/login sid=3egadh3djcfdo3in0e28b6jd7t sentlen=64 stored=e8e249b7c38a626a8547958ca87d53dc70bab15eebf8679de8971fc622e64053
[09-Aug-2026 23:47:25 Asia/Riyadh] [REQ] sid=qk6bnk59jaam6rnvd1sin4hf4v user=yes GET /admin/documents cookie=yes
[09-Aug-2026 23:47:25 Asia/Riyadh] [REQ] sid=qk6bnk59jaam6rnvd1sin4hf4v user=yes GET /admin/documents/upload cookie=yes
[09-Aug-2026 23:47:32 Asia/Riyadh] [REQ] sid=u2pitiiks3m10a1fns2qvehast user=no GET /admin/documents/upload cookie=no
[09-Aug-2026 23:47:32 Asia/Riyadh] [REQ] sid=u2pitiiks3m10a1fns2qvehast user=no POST /admin/documents/store cookie=yes
[09-Aug-2026 23:47:32 Asia/Riyadh] [REQ] sid=u2pitiiks3m10a1fns2qvehast user=no GET /login cookie=yes
[09-Aug-2026 23:47:42 Asia/Riyadh] [REQ] sid=6r4u1pns6oprgp2q4v18qk16ti user=no GET /admin/documents/upload cookie=no
[09-Aug-2026 23:47:42 Asia/Riyadh] [REQ] sid=6r4u1pns6oprgp2q4v18qk16ti user=no POST /admin/documents/store cookie=yes
[09-Aug-2026 23:47:42 Asia/Riyadh] [REQ] sid=6r4u1pns6oprgp2q4v18qk16ti user=no GET /login cookie=yes
[09-Aug-2026 23:48:09 Asia/Riyadh] [REQ] sid=6r4u1pns6oprgp2q4v18qk16ti user=no GET /admin/documents/upload cookie=yes
[09-Aug-2026 23:48:10 Asia/Riyadh] [REQ] sid=6r4u1pns6oprgp2q4v18qk16ti user=no POST /admin/documents/store cookie=yes
[09-Aug-2026 23:48:10 Asia/Riyadh] [REQ] sid=6r4u1pns6oprgp2q4v18qk16ti user=no GET /login cookie=yes
[09-Aug-2026 23:48:20 Asia/Riyadh] [REQ] sid=haehnq6kkdegebc0e0uti7ffeo user=no GET /login cookie=no
[09-Aug-2026 23:48:20 Asia/Riyadh] [REQ] sid=haehnq6kkdegebc0e0uti7ffeo user=no POST /login cookie=yes
[09-Aug-2026 23:48:20 Asia/Riyadh] [CSRF DEBUG] method=POST uri=/login sid=haehnq6kkdegebc0e0uti7ffeo sentlen=64 stored=e4cf9905bb94fd3175ca8b504b045cfa95073e418b4fd55178ff422c5fa409f5
[09-Aug-2026 23:48:20 Asia/Riyadh] [REQ] sid=65rtn2lmesusais5fu3hhfp9md user=yes GET /admin/documents/upload cookie=yes
[09-Aug-2026 23:48:21 Asia/Riyadh] [REQ] sid=65rtn2lmesusais5fu3hhfp9md user=yes POST /admin/documents/store cookie=yes
[09-Aug-2026 23:48:21 Asia/Riyadh] [CSRF DEBUG] method=POST uri=/admin/documents/store sid=65rtn2lmesusais5fu3hhfp9md sentlen=64 stored=e4cf9905bb94fd3175ca8b504b045cfa95073e418b4fd55178ff422c5fa409f5
[09-Aug-2026 23:48:21 Asia/Riyadh] PHP Deprecated:  Optional parameter $filename declared before required parameter $fore_color is implicitly treated as a required parameter in D:\client1\vendor\phpqrcode\qrimage.php on line 30
[09-Aug-2026 23:48:21 Asia/Riyadh] PHP Deprecated:  Optional parameter $pixelPerPoint declared before required parameter $fore_color is implicitly treated as a required parameter in D:\client1\vendor\phpqrcode\qrimage.php on line 30
[09-Aug-2026 23:48:21 Asia/Riyadh] PHP Deprecated:  Optional parameter $outerFrame declared before required parameter $fore_color is implicitly treated as a required parameter in D:\client1\vendor\phpqrcode\qrimage.php on line 30
[09-Aug-2026 23:48:21 Asia/Riyadh] PHP Deprecated:  Optional parameter $saveandprint declared before required parameter $fore_color is implicitly treated as a required parameter in D:\client1\vendor\phpqrcode\qrimage.php on line 30
[09-Aug-2026 23:48:21 Asia/Riyadh] PHP Deprecated:  Optional parameter $filename declared before required parameter $fore_color is implicitly treated as a required parameter in D:\client1\vendor\phpqrcode\qrvect.php on line 140
[09-Aug-2026 23:48:21 Asia/Riyadh] PHP Deprecated:  Optional parameter $pixelPerPoint declared before required parameter $fore_color is implicitly treated as a required parameter in D:\client1\vendor\phpqrcode\qrvect.php on line 140
[09-Aug-2026 23:48:21 Asia/Riyadh] PHP Deprecated:  Optional parameter $outerFrame declared before required parameter $fore_color is implicitly treated as a required parameter in D:\client1\vendor\phpqrcode\qrvect.php on line 140
[09-Aug-2026 23:48:21 Asia/Riyadh] PHP Deprecated:  Optional parameter $saveandprint declared before required parameter $fore_color is implicitly treated as a required parameter in D:\client1\vendor\phpqrcode\qrvect.php on line 140
[09-Aug-2026 23:48:21 Asia/Riyadh] [QR LIB] Creation of dynamic property QRencode::$cmyk is deprecated
[09-Aug-2026 23:48:21 Asia/Riyadh] [QR LIB] Implicit conversion from float 0.25 to int loses precision
[09-Aug-2026 23:48:21 Asia/Riyadh] [QR LIB] Implicit conversion from float 0.5 to int loses precision
[09-Aug-2026 23:48:21 Asia/Riyadh] [QR LIB] Implicit conversion from float 0.75 to int loses precision
[09-Aug-2026 23:48:21 Asia/Riyadh] [QR LIB] Implicit conversion from float 1.25 to int loses precision
[09-Aug-2026 23:48:21 Asia/Riyadh] [QR LIB] Implicit conversion from float 1.5 to int loses precision
[09-Aug-2026 23:48:21 Asia/Riyadh] [QR LIB] Implicit conversion from float 1.75 to int loses precision
[09-Aug-2026 23:48:21 Asia/Riyadh] [QR LIB] Implicit conversion from float 2.25 to int loses precision
[09-Aug-2026 23:48:21 Asia/Riyadh] [QR LIB] Implicit conversion from float 2.5 to int loses precision
[09-Aug-2026 23:48:21 Asia/Riyadh] [QR LIB] Implicit conversion from float 2.75 to int loses precision
[09-Aug-2026 23:48:21 Asia/Riyadh] [QR LIB] Implicit conversion from float 3.25 to int loses precision
[09-Aug-2026 23:48:21 Asia/Riyadh] [QR LIB] Implicit conversion from float 3.5 to int loses precision
[09-Aug-2026 23:48:21 Asia/Riyadh] [QR LIB] Implicit conversion from float 3.75 to int loses precision
[09-Aug-2026 23:48:21 Asia/Riyadh] [QR LIB] Implicit conversion from float 4.25 to int loses precision
[09-Aug-2026 23:48:21 Asia/Riyadh] [QR LIB] Implicit conversion from float 4.5 to int loses precision
[09-Aug-2026 23:48:21 Asia/Riyadh] [QR LIB] Implicit conversion from float 4.75 to int loses precision
[09-Aug-2026 23:48:21 Asia/Riyadh] [QR LIB] Implicit conversion from float 5.25 to int loses precision
[09-Aug-2026 23:48:21 Asia/Riyadh] [QR LIB] Implicit conversion from float 5.5 to int loses precision
[09-Aug-2026 23:48:21 Asia/Riyadh] [QR LIB] Implicit conversion from float 5.75 to int loses precision
[09-Aug-2026 23:48:21 Asia/Riyadh] [QR LIB] Implicit conversion from float 6.25 to int loses precision
[09-Aug-2026 23:48:21 Asia/Riyadh] [QR LIB] Implicit conversion from float 6.5 to int loses precision
[09-Aug-2026 23:48:21 Asia/Riyadh] [QR LIB] Implicit conversion from float 6.75 to int loses precision
[09-Aug-2026 23:48:21 Asia/Riyadh] [QR LIB] Implicit conversion from float 7.25 to int loses precision
[09-Aug-2026 23:48:21 Asia/Riyadh] [QR LIB] Implicit conversion from float 7.5 to int loses precision
[09-Aug-2026 23:48:21 Asia/Riyadh] [QR LIB] Implicit conversion from float 7.75 to int loses precision
[09-Aug-2026 23:48:21 Asia/Riyadh] [QR LIB] Implicit conversion from float 8.25 to int loses precision
[09-Aug-2026 23:48:21 Asia/Riyadh] [QR LIB] Implicit conversion from float 8.5 to int loses precision
[09-Aug-2026 23:48:21 Asia/Riyadh] [QR LIB] Implicit conversion from float 8.75 to int loses precision
[09-Aug-2026 23:48:21 Asia/Riyadh] [QR LIB] Implicit conversion from float 9.25 to int loses precision
[09-Aug-2026 23:48:21 Asia/Riyadh] [QR LIB] Implicit conversion from float 9.5 to int loses precision
[09-Aug-2026 23:48:21 Asia/Riyadh] [QR LIB] Implicit conversion from float 9.75 to int loses precision
[09-Aug-2026 23:48:21 Asia/Riyadh] [QR LIB] Implicit conversion from float 10.25 to int loses precision
[09-Aug-2026 23:48:21 Asia/Riyadh] [QR LIB] Implicit conversion from float 10.5 to int loses precision
[09-Aug-2026 23:48:21 Asia/Riyadh] [QR LIB] Implicit conversion from float 10.75 to int loses precision
[09-Aug-2026 23:48:21 Asia/Riyadh] [QR LIB] Implicit conversion from float 11.25 to int loses precision
[09-Aug-2026 23:48:21 Asia/Riyadh] [QR LIB] Implicit conversion from float 11.5 to int loses precision
[09-Aug-2026 23:48:21 Asia/Riyadh] [QR LIB] Implicit conversion from float 11.75 to int loses precision
[09-Aug-2026 23:48:21 Asia/Riyadh] [QR LIB] Implicit conversion from float 12.25 to int loses precision
[09-Aug-2026 23:48:21 Asia/Riyadh] [QR LIB] Implicit conversion from float 12.5 to int loses precision
[09-Aug-2026 23:48:21 Asia/Riyadh] [QR LIB] Implicit conversion from float 12.75 to int loses precision
[09-Aug-2026 23:48:21 Asia/Riyadh] [QR LIB] Implicit conversion from float 13.25 to int loses precision
[09-Aug-2026 23:48:21 Asia/Riyadh] [QR LIB] Implicit conversion from float 13.5 to int loses precision
[09-Aug-2026 23:48:21 Asia/Riyadh] [QR LIB] Implicit conversion from float 13.75 to int loses precision
[09-Aug-2026 23:48:21 Asia/Riyadh] [QR LIB] Implicit conversion from float 14.25 to int loses precision
[09-Aug-2026 23:48:21 Asia/Riyadh] [QR LIB] Implicit conversion from float 14.5 to int loses precision
[09-Aug-2026 23:48:21 Asia/Riyadh] [QR LIB] Implicit conversion from float 14.75 to int loses precision
[09-Aug-2026 23:48:21 Asia/Riyadh] [QR LIB] Implicit conversion from float 0.25 to int loses precision
[09-Aug-2026 23:48:21 Asia/Riyadh] [QR LIB] Implicit conversion from float 0.5 to int loses precision
[09-Aug-2026 23:48:21 Asia/Riyadh] [QR LIB] Implicit conversion from float 0.75 to int loses precision
[09-Aug-2026 23:48:21 Asia/Riyadh] [QR LIB] Implicit conversion from float 1.25 to int loses precision
[09-Aug-2026 23:48:21 Asia/Riyadh] [QR LIB] Implicit conversion from float 1.5 to int loses precision
[09-Aug-2026 23:48:21 Asia/Riyadh] [QR LIB] Implicit conversion from float 1.75 to int loses precision
[09-Aug-2026 23:48:21 Asia/Riyadh] [QR LIB] Implicit conversion from float 2.25 to int loses precision
[09-Aug-2026 23:48:21 Asia/Riyadh] [QR LIB] Implicit conversion from float 2.5 to int loses precision
[09-Aug-2026 23:48:21 Asia/Riyadh] [QR LIB] Implicit conversion from float 2.75 to int loses precision
[09-Aug-2026 23:48:21 Asia/Riyadh] [QR LIB] Implicit conversion from float 3.25 to int loses precision
[09-Aug-2026 23:48:21 Asia/Riyadh] [QR LIB] Implicit conversion from float 3.5 to int loses precision
[09-Aug-2026 23:48:21 Asia/Riyadh] [QR LIB] Implicit conversion from float 3.75 to int loses precision
[09-Aug-2026 23:48:21 Asia/Riyadh] [QR LIB] Implicit conversion from float 4.25 to int loses precision
[09-Aug-2026 23:48:21 Asia/Riyadh] [QR LIB] Implicit conversion from float 4.5 to int loses precision
[09-Aug-2026 23:48:21 Asia/Riyadh] [QR LIB] Implicit conversion from float 4.75 to int loses precision
[09-Aug-2026 23:48:21 Asia/Riyadh] [QR LIB] Implicit conversion from float 5.25 to int loses precision
[09-Aug-2026 23:48:21 Asia/Riyadh] [QR LIB] Implicit conversion from float 5.5 to int loses precision
[09-Aug-2026 23:48:21 Asia/Riyadh] [QR LIB] Implicit conversion from float 5.75 to int loses precision
[09-Aug-2026 23:48:21 Asia/Riyadh] [QR LIB] Implicit conversion from float 6.25 to int loses precision
[09-Aug-2026 23:48:21 Asia/Riyadh] [QR LIB] Implicit conversion from float 6.5 to int loses precision
[09-Aug-2026 23:48:21 Asia/Riyadh] [QR LIB] Implicit conversion from float 6.75 to int loses precision
[09-Aug-2026 23:48:21 Asia/Riyadh] [QR LIB] Implicit conversion from float 7.25 to int loses precision
[09-Aug-2026 23:48:21 Asia/Riyadh] [QR LIB] Implicit conversion from float 7.5 to int loses precision
[09-Aug-2026 23:48:21 Asia/Riyadh] [QR LIB] Implicit conversion from float 7.75 to int loses precision
[09-Aug-2026 23:48:21 Asia/Riyadh] [QR LIB] Implicit conversion from float 8.25 to int loses precision
[09-Aug-2026 23:48:21 Asia/Riyadh] [QR LIB] Implicit conversion from float 8.5 to int loses precision
[09-Aug-2026 23:48:21 Asia/Riyadh] [QR LIB] Implicit conversion from float 8.75 to int loses precision
[09-Aug-2026 23:48:21 Asia/Riyadh] [QR LIB] Implicit conversion from float 9.25 to int loses precision
[09-Aug-2026 23:48:21 Asia/Riyadh] [QR LIB] Implicit conversion from float 9.5 to int loses precision
[09-Aug-2026 23:48:21 Asia/Riyadh] [QR LIB] Implicit conversion from float 9.75 to int loses precision
[09-Aug-2026 23:48:21 Asia/Riyadh] [QR LIB] Implicit conversion from float 10.25 to int loses precision
[09-Aug-2026 23:48:21 Asia/Riyadh] [QR LIB] Implicit conversion from float 10.5 to int loses precision
[09-Aug-2026 23:48:21 Asia/Riyadh] [QR LIB] Implicit conversion from float 10.75 to int loses precision
[09-Aug-2026 23:48:21 Asia/Riyadh] [QR LIB] Implicit conversion from float 11.25 to int loses precision
[09-Aug-2026 23:48:21 Asia/Riyadh] [QR LIB] Implicit conversion from float 11.5 to int loses precision
[09-Aug-2026 23:48:21 Asia/Riyadh] [QR LIB] Implicit conversion from float 11.75 to int loses precision
[09-Aug-2026 23:48:21 Asia/Riyadh] [QR LIB] Implicit conversion from float 12.25 to int loses precision
[09-Aug-2026 23:48:21 Asia/Riyadh] [QR LIB] Implicit conversion from float 12.5 to int loses precision
[09-Aug-2026 23:48:21 Asia/Riyadh] [QR LIB] Implicit conversion from float 12.75 to int loses precision
[09-Aug-2026 23:48:21 Asia/Riyadh] [QR LIB] Implicit conversion from float 13.25 to int loses precision
[09-Aug-2026 23:48:21 Asia/Riyadh] [QR LIB] Implicit conversion from float 13.5 to int loses precision
[09-Aug-2026 23:48:21 Asia/Riyadh] [QR LIB] Implicit conversion from float 13.75 to int loses precision
[09-Aug-2026 23:48:21 Asia/Riyadh] [QR LIB] Implicit conversion from float 14.25 to int loses precision
[09-Aug-2026 23:48:21 Asia/Riyadh] [QR LIB] Implicit conversion from float 14.5 to int loses precision
[09-Aug-2026 23:48:21 Asia/Riyadh] [QR LIB] Implicit conversion from float 14.75 to int loses precision
[09-Aug-2026 23:48:21 Asia/Riyadh] [QR LIB] Implicit conversion from float 15.25 to int loses precision
[09-Aug-2026 23:48:21 Asia/Riyadh] [QR LIB] Implicit conversion from float 15.5 to int loses precision
[09-Aug-2026 23:48:21 Asia/Riyadh] [QR LIB] Implicit conversion from float 15.75 to int loses precision
[09-Aug-2026 23:48:21 Asia/Riyadh] [QR LIB] Implicit conversion from float 16.25 to int loses precision
[09-Aug-2026 23:48:21 Asia/Riyadh] [QR LIB] Implicit conversion from float 16.5 to int loses precision
[09-Aug-2026 23:48:21 Asia/Riyadh] [QR LIB] Implicit conversion from float 16.75 to int loses precision
[09-Aug-2026 23:48:21 Asia/Riyadh] [QR LIB] Implicit conversion from float 17.25 to int loses precision
[09-Aug-2026 23:48:21 Asia/Riyadh] [QR LIB] Implicit conversion from float 17.5 to int loses precision
[09-Aug-2026 23:48:21 Asia/Riyadh] [QR LIB] Implicit conversion from float 17.75 to int loses precision
[09-Aug-2026 23:48:21 Asia/Riyadh] [QR LIB] Implicit conversion from float 18.25 to int loses precision
[09-Aug-2026 23:48:21 Asia/Riyadh] [QR LIB] Implicit conversion from float 18.5 to int loses precision
[09-Aug-2026 23:48:21 Asia/Riyadh] [QR LIB] Implicit conversion from float 18.75 to int loses precision
[09-Aug-2026 23:48:21 Asia/Riyadh] [QR LIB] Implicit conversion from float 19.25 to int loses precision
[09-Aug-2026 23:48:21 Asia/Riyadh] [QR LIB] Implicit conversion from float 19.5 to int loses precision
[09-Aug-2026 23:48:21 Asia/Riyadh] [QR LIB] Implicit conversion from float 19.75 to int loses precision
[09-Aug-2026 23:48:21 Asia/Riyadh] [QR LIB] Implicit conversion from float 20.25 to int loses precision
[09-Aug-2026 23:48:21 Asia/Riyadh] [QR LIB] Implicit conversion from float 20.5 to int loses precision
[09-Aug-2026 23:48:21 Asia/Riyadh] [QR LIB] Implicit conversion from float 20.75 to int loses precision
[09-Aug-2026 23:48:21 Asia/Riyadh] [QR LIB] Implicit conversion from float 21.25 to int loses precision
[09-Aug-2026 23:48:21 Asia/Riyadh] [QR LIB] Implicit conversion from float 21.5 to int loses precision
[09-Aug-2026 23:48:21 Asia/Riyadh] [QR LIB] Implicit conversion from float 21.75 to int loses precision
[09-Aug-2026 23:48:21 Asia/Riyadh] [QR LIB] Implicit conversion from float 22.25 to int loses precision
[09-Aug-2026 23:48:21 Asia/Riyadh] [QR LIB] Implicit conversion from float 22.5 to int loses precision
[09-Aug-2026 23:48:21 Asia/Riyadh] [QR LIB] Implicit conversion from float 22.75 to int loses precision
[09-Aug-2026 23:48:21 Asia/Riyadh] [QR LIB] Implicit conversion from float 23.25 to int loses precision
[09-Aug-2026 23:48:21 Asia/Riyadh] [QR LIB] Implicit conversion from float 23.5 to int loses precision
[09-Aug-2026 23:48:21 Asia/Riyadh] [QR LIB] Implicit conversion from float 23.75 to int loses precision
[09-Aug-2026 23:48:21 Asia/Riyadh] [QR LIB] Implicit conversion from float 24.25 to int loses precision
[09-Aug-2026 23:48:21 Asia/Riyadh] [QR LIB] Implicit conversion from float 24.5 to int loses precision
[09-Aug-2026 23:48:21 Asia/Riyadh] [QR LIB] Implicit conversion from float 24.75 to int loses precision
[09-Aug-2026 23:48:21 Asia/Riyadh] [QR LIB] Implicit conversion from float 25.25 to int loses precision
[09-Aug-2026 23:48:21 Asia/Riyadh] [QR LIB] Implicit conversion from float 25.5 to int loses precision
[09-Aug-2026 23:48:21 Asia/Riyadh] [QR LIB] Implicit conversion from float 25.75 to int loses precision
[09-Aug-2026 23:48:21 Asia/Riyadh] [QR LIB] Implicit conversion from float 26.25 to int loses precision
[09-Aug-2026 23:48:21 Asia/Riyadh] [QR LIB] Implicit conversion from float 26.5 to int loses precision
[09-Aug-2026 23:48:21 Asia/Riyadh] [QR LIB] Implicit conversion from float 26.75 to int loses precision
[09-Aug-2026 23:48:21 Asia/Riyadh] [QR LIB] Implicit conversion from float 27.25 to int loses precision
[09-Aug-2026 23:48:21 Asia/Riyadh] [QR LIB] Implicit conversion from float 27.5 to int loses precision
[09-Aug-2026 23:48:21 Asia/Riyadh] [QR LIB] Implicit conversion from float 27.75 to int loses precision
[09-Aug-2026 23:48:21 Asia/Riyadh] [REQ] sid=65rtn2lmesusais5fu3hhfp9md user=yes GET /admin/documents cookie=yes
[09-Aug-2026 23:48:33 Asia/Riyadh] [REQ] sid=65rtn2lmesusais5fu3hhfp9md user=yes GET /admin/documents/2/viewer cookie=yes
[09-Aug-2026 23:48:34 Asia/Riyadh] [REQ] sid=65rtn2lmesusais5fu3hhfp9md user=yes GET /admin/documents/2/qr cookie=yes
[09-Aug-2026 23:48:34 Asia/Riyadh] [REQ] sid=65rtn2lmesusais5fu3hhfp9md user=yes GET /admin/documents/2/qr/image cookie=yes
[09-Aug-2026 23:48:34 Asia/Riyadh] [REQ] sid=65rtn2lmesusais5fu3hhfp9md user=yes GET /admin/documents/2/download cookie=yes
[09-Aug-2026 23:48:34 Asia/Riyadh] [REQ] sid=65rtn2lmesusais5fu3hhfp9md user=yes GET /admin/documents/2/viewer cookie=yes
[09-Aug-2026 23:48:41 Asia/Riyadh] [REQ] sid=65rtn2lmesusais5fu3hhfp9md user=yes GET /admin/documents cookie=yes
[09-Aug-2026 23:48:41 Asia/Riyadh] [REQ] sid=65rtn2lmesusais5fu3hhfp9md user=yes POST /admin/documents/2/activate cookie=yes
[09-Aug-2026 23:48:41 Asia/Riyadh] [CSRF DEBUG] method=POST uri=/admin/documents/2/activate sid=65rtn2lmesusais5fu3hhfp9md sentlen=64 stored=e4cf9905bb94fd3175ca8b504b045cfa95073e418b4fd55178ff422c5fa409f5
[09-Aug-2026 23:48:41 Asia/Riyadh] [REQ] sid=jqdnsb2sh6gtgagijh13e4pvh3 user=no GET /verify/0f677838e4ce8a42a99c44c1166518df cookie=no
[09-Aug-2026 23:48:41 Asia/Riyadh] [REQ] sid=4hpqsmr1tid1450l0cjvinutnl user=no GET /verify/0f677838e4ce8a42a99c44c1166518df/file cookie=no
[09-Aug-2026 23:48:41 Asia/Riyadh] [REQ] sid=i9d9qro0ckq9doqeeo9itmtspi user=no GET /verify/0f677838e4ce8a42a99c44c1166518df/download cookie=no
[09-Aug-2026 23:48:47 Asia/Riyadh] [REQ] sid=tv77cacp3vo6ipncvqm89vgf7j user=no GET /verify/0f677838e4ce8a42a99c44c1166518df cookie=no
[09-Aug-2026 23:48:54 Asia/Riyadh] [REQ] sid=eup4i9cvclcs9h1no46ih47ghd user=no GET /verify/0f677838e4ce8a42a99c44c1166518df cookie=no
[09-Aug-2026 23:48:54 Asia/Riyadh] [REQ] sid=65rtn2lmesusais5fu3hhfp9md user=yes GET /admin/documents/2/qr cookie=yes
[09-Aug-2026 23:48:55 Asia/Riyadh] [REQ] sid=65rtn2lmesusais5fu3hhfp9md user=yes POST /admin/documents/2/disable cookie=yes
[09-Aug-2026 23:48:55 Asia/Riyadh] [CSRF DEBUG] method=POST uri=/admin/documents/2/disable sid=65rtn2lmesusais5fu3hhfp9md sentlen=64 stored=e4cf9905bb94fd3175ca8b504b045cfa95073e418b4fd55178ff422c5fa409f5
[09-Aug-2026 23:48:55 Asia/Riyadh] [REQ] sid=a74fadogimv5s3nq33p0858m1r user=no GET /verify/0f677838e4ce8a42a99c44c1166518df cookie=no
[09-Aug-2026 23:49:00 Asia/Riyadh] [REQ] sid=ibea10m5oqp0u1jfukmdjh278f user=no GET /verify/0f677838e4ce8a42a99c44c1166518df cookie=no
[09-Aug-2026 23:49:04 Asia/Riyadh] [REQ] sid=t913c51d675ujo2lsvb99t3h9t user=no GET /verify/0f677838e4ce8a42a99c44c1166518df cookie=no
[09-Aug-2026 23:49:08 Asia/Riyadh] [REQ] sid=ceo06ie5t9ir8ankbfe52t79ln user=no GET /verify/0f677838e4ce8a42a99c44c1166518df cookie=no
[09-Aug-2026 23:49:13 Asia/Riyadh] [REQ] sid=4jp39sqfqak2epv6ttnvagokhj user=no GET /verify/0f677838e4ce8a42a99c44c1166518df cookie=no
[09-Aug-2026 23:49:37 Asia/Riyadh] [REQ] sid=qjv6vmvn09tld0mbufqpubb327 user=no GET /login cookie=no
[09-Aug-2026 23:49:37 Asia/Riyadh] [REQ] sid=qjv6vmvn09tld0mbufqpubb327 user=no POST /login cookie=yes
[09-Aug-2026 23:49:37 Asia/Riyadh] [CSRF DEBUG] method=POST uri=/login sid=qjv6vmvn09tld0mbufqpubb327 sentlen=64 stored=022c5a2eee548d835393dfd2404e9172d7899b41d40aea9126b6690ce1c714c8
[09-Aug-2026 23:49:38 Asia/Riyadh] [REQ] sid=qjv6vmvn09tld0mbufqpubb327 user=no GET /login cookie=yes
[09-Aug-2026 23:49:38 Asia/Riyadh] [REQ] sid=qjv6vmvn09tld0mbufqpubb327 user=no POST /login cookie=yes
[09-Aug-2026 23:49:38 Asia/Riyadh] [CSRF DEBUG] method=POST uri=/login sid=qjv6vmvn09tld0mbufqpubb327 sentlen=64 stored=022c5a2eee548d835393dfd2404e9172d7899b41d40aea9126b6690ce1c714c8
[09-Aug-2026 23:49:38 Asia/Riyadh] [REQ] sid=hukc9d5b6nk3ggmu8669svs36c user=yes GET /admin cookie=yes
[09-Aug-2026 23:49:38 Asia/Riyadh] [REQ] sid=hukc9d5b6nk3ggmu8669svs36c user=yes GET /admin/change-password cookie=yes
[09-Aug-2026 23:49:38 Asia/Riyadh] [REQ] sid=hukc9d5b6nk3ggmu8669svs36c user=yes POST /admin/change-password cookie=yes
[09-Aug-2026 23:49:38 Asia/Riyadh] [CSRF DEBUG] method=POST uri=/admin/change-password sid=hukc9d5b6nk3ggmu8669svs36c sentlen=64 stored=022c5a2eee548d835393dfd2404e9172d7899b41d40aea9126b6690ce1c714c8
[09-Aug-2026 23:49:38 Asia/Riyadh] [REQ] sid=hukc9d5b6nk3ggmu8669svs36c user=yes GET /admin cookie=yes
[09-Aug-2026 23:49:39 Asia/Riyadh] [REQ] sid=hukc9d5b6nk3ggmu8669svs36c user=yes POST /admin/clients/store cookie=yes
[09-Aug-2026 23:49:39 Asia/Riyadh] [CSRF DEBUG] method=POST uri=/admin/clients/store sid=hukc9d5b6nk3ggmu8669svs36c sentlen=64 stored=022c5a2eee548d835393dfd2404e9172d7899b41d40aea9126b6690ce1c714c8
[09-Aug-2026 23:49:39 Asia/Riyadh] [REQ] sid=hukc9d5b6nk3ggmu8669svs36c user=yes GET /admin/clients cookie=yes
[09-Aug-2026 23:49:39 Asia/Riyadh] [REQ] sid=hukc9d5b6nk3ggmu8669svs36c user=yes POST /admin/documents/store cookie=yes
[09-Aug-2026 23:49:39 Asia/Riyadh] [CSRF DEBUG] method=POST uri=/admin/documents/store sid=hukc9d5b6nk3ggmu8669svs36c sentlen=64 stored=022c5a2eee548d835393dfd2404e9172d7899b41d40aea9126b6690ce1c714c8
[09-Aug-2026 23:49:39 Asia/Riyadh] PHP Deprecated:  Optional parameter $filename declared before required parameter $fore_color is implicitly treated as a required parameter in D:\client1\vendor\phpqrcode\qrimage.php on line 30
[09-Aug-2026 23:49:39 Asia/Riyadh] PHP Deprecated:  Optional parameter $pixelPerPoint declared before required parameter $fore_color is implicitly treated as a required parameter in D:\client1\vendor\phpqrcode\qrimage.php on line 30
[09-Aug-2026 23:49:39 Asia/Riyadh] PHP Deprecated:  Optional parameter $outerFrame declared before required parameter $fore_color is implicitly treated as a required parameter in D:\client1\vendor\phpqrcode\qrimage.php on line 30
[09-Aug-2026 23:49:39 Asia/Riyadh] PHP Deprecated:  Optional parameter $saveandprint declared before required parameter $fore_color is implicitly treated as a required parameter in D:\client1\vendor\phpqrcode\qrimage.php on line 30
[09-Aug-2026 23:49:39 Asia/Riyadh] PHP Deprecated:  Optional parameter $filename declared before required parameter $fore_color is implicitly treated as a required parameter in D:\client1\vendor\phpqrcode\qrvect.php on line 140
[09-Aug-2026 23:49:39 Asia/Riyadh] PHP Deprecated:  Optional parameter $pixelPerPoint declared before required parameter $fore_color is implicitly treated as a required parameter in D:\client1\vendor\phpqrcode\qrvect.php on line 140
[09-Aug-2026 23:49:39 Asia/Riyadh] PHP Deprecated:  Optional parameter $outerFrame declared before required parameter $fore_color is implicitly treated as a required parameter in D:\client1\vendor\phpqrcode\qrvect.php on line 140
[09-Aug-2026 23:49:39 Asia/Riyadh] PHP Deprecated:  Optional parameter $saveandprint declared before required parameter $fore_color is implicitly treated as a required parameter in D:\client1\vendor\phpqrcode\qrvect.php on line 140
[09-Aug-2026 23:49:39 Asia/Riyadh] [QR LIB] Creation of dynamic property QRencode::$cmyk is deprecated
[09-Aug-2026 23:49:39 Asia/Riyadh] [QR LIB] Implicit conversion from float 0.2 to int loses precision
[09-Aug-2026 23:49:39 Asia/Riyadh] [QR LIB] Implicit conversion from float 0.4 to int loses precision
[09-Aug-2026 23:49:39 Asia/Riyadh] [QR LIB] Implicit conversion from float 0.6 to int loses precision
[09-Aug-2026 23:49:39 Asia/Riyadh] [QR LIB] Implicit conversion from float 0.8 to int loses precision
[09-Aug-2026 23:49:39 Asia/Riyadh] [QR LIB] Implicit conversion from float 1.2 to int loses precision
[09-Aug-2026 23:49:39 Asia/Riyadh] [QR LIB] Implicit conversion from float 1.4 to int loses precision
[09-Aug-2026 23:49:39 Asia/Riyadh] [QR LIB] Implicit conversion from float 1.6 to int loses precision
[09-Aug-2026 23:49:39 Asia/Riyadh] [QR LIB] Implicit conversion from float 1.8 to int loses precision
[09-Aug-2026 23:49:39 Asia/Riyadh] [QR LIB] Implicit conversion from float 2.2 to int loses precision
[09-Aug-2026 23:49:39 Asia/Riyadh] [QR LIB] Implicit conversion from float 2.4 to int loses precision
[09-Aug-2026 23:49:39 Asia/Riyadh] [QR LIB] Implicit conversion from float 2.6 to int loses precision
[09-Aug-2026 23:49:39 Asia/Riyadh] [QR LIB] Implicit conversion from float 2.8 to int loses precision
[09-Aug-2026 23:49:39 Asia/Riyadh] [QR LIB] Implicit conversion from float 3.2 to int loses precision
[09-Aug-2026 23:49:39 Asia/Riyadh] [QR LIB] Implicit conversion from float 3.4 to int loses precision
[09-Aug-2026 23:49:39 Asia/Riyadh] [QR LIB] Implicit conversion from float 3.6 to int loses precision
[09-Aug-2026 23:49:39 Asia/Riyadh] [QR LIB] Implicit conversion from float 3.8 to int loses precision
[09-Aug-2026 23:49:39 Asia/Riyadh] [QR LIB] Implicit conversion from float 4.2 to int loses precision
[09-Aug-2026 23:49:39 Asia/Riyadh] [QR LIB] Implicit conversion from float 4.4 to int loses precision
[09-Aug-2026 23:49:39 Asia/Riyadh] [QR LIB] Implicit conversion from float 4.6 to int loses precision
[09-Aug-2026 23:49:39 Asia/Riyadh] [QR LIB] Implicit conversion from float 4.8 to int loses precision
[09-Aug-2026 23:49:39 Asia/Riyadh] [QR LIB] Implicit conversion from float 5.2 to int loses precision
[09-Aug-2026 23:49:39 Asia/Riyadh] [QR LIB] Implicit conversion from float 5.4 to int loses precision
[09-Aug-2026 23:49:39 Asia/Riyadh] [QR LIB] Implicit conversion from float 5.6 to int loses precision
[09-Aug-2026 23:49:39 Asia/Riyadh] [QR LIB] Implicit conversion from float 5.8 to int loses precision
[09-Aug-2026 23:49:39 Asia/Riyadh] [QR LIB] Implicit conversion from float 6.2 to int loses precision
[09-Aug-2026 23:49:39 Asia/Riyadh] [QR LIB] Implicit conversion from float 6.4 to int loses precision
[09-Aug-2026 23:49:39 Asia/Riyadh] [QR LIB] Implicit conversion from float 6.6 to int loses precision
[09-Aug-2026 23:49:39 Asia/Riyadh] [QR LIB] Implicit conversion from float 6.8 to int loses precision
[09-Aug-2026 23:49:39 Asia/Riyadh] [QR LIB] Implicit conversion from float 7.2 to int loses precision
[09-Aug-2026 23:49:39 Asia/Riyadh] [QR LIB] Implicit conversion from float 7.4 to int loses precision
[09-Aug-2026 23:49:39 Asia/Riyadh] [QR LIB] Implicit conversion from float 7.6 to int loses precision
[09-Aug-2026 23:49:39 Asia/Riyadh] [QR LIB] Implicit conversion from float 7.8 to int loses precision
[09-Aug-2026 23:49:39 Asia/Riyadh] [QR LIB] Implicit conversion from float 8.2 to int loses precision
[09-Aug-2026 23:49:39 Asia/Riyadh] [QR LIB] Implicit conversion from float 8.4 to int loses precision
[09-Aug-2026 23:49:39 Asia/Riyadh] [QR LIB] Implicit conversion from float 8.6 to int loses precision
[09-Aug-2026 23:49:39 Asia/Riyadh] [QR LIB] Implicit conversion from float 8.8 to int loses precision
[09-Aug-2026 23:49:39 Asia/Riyadh] [QR LIB] Implicit conversion from float 9.2 to int loses precision
[09-Aug-2026 23:49:39 Asia/Riyadh] [QR LIB] Implicit conversion from float 9.4 to int loses precision
[09-Aug-2026 23:49:39 Asia/Riyadh] [QR LIB] Implicit conversion from float 9.6 to int loses precision
[09-Aug-2026 23:49:39 Asia/Riyadh] [QR LIB] Implicit conversion from float 9.8 to int loses precision
[09-Aug-2026 23:49:39 Asia/Riyadh] [QR LIB] Implicit conversion from float 10.2 to int loses precision
[09-Aug-2026 23:49:39 Asia/Riyadh] [QR LIB] Implicit conversion from float 10.4 to int loses precision
[09-Aug-2026 23:49:39 Asia/Riyadh] [QR LIB] Implicit conversion from float 10.6 to int loses precision
[09-Aug-2026 23:49:39 Asia/Riyadh] [QR LIB] Implicit conversion from float 10.8 to int loses precision
[09-Aug-2026 23:49:39 Asia/Riyadh] [QR LIB] Implicit conversion from float 11.2 to int loses precision
[09-Aug-2026 23:49:39 Asia/Riyadh] [QR LIB] Implicit conversion from float 11.4 to int loses precision
[09-Aug-2026 23:49:39 Asia/Riyadh] [QR LIB] Implicit conversion from float 11.6 to int loses precision
[09-Aug-2026 23:49:39 Asia/Riyadh] [QR LIB] Implicit conversion from float 11.8 to int loses precision
[09-Aug-2026 23:49:39 Asia/Riyadh] [QR LIB] Implicit conversion from float 12.2 to int loses precision
[09-Aug-2026 23:49:39 Asia/Riyadh] [QR LIB] Implicit conversion from float 12.4 to int loses precision
[09-Aug-2026 23:49:39 Asia/Riyadh] [QR LIB] Implicit conversion from float 12.6 to int loses precision
[09-Aug-2026 23:49:39 Asia/Riyadh] [QR LIB] Implicit conversion from float 12.8 to int loses precision
[09-Aug-2026 23:49:39 Asia/Riyadh] [QR LIB] Implicit conversion from float 0.2 to int loses precision
[09-Aug-2026 23:49:39 Asia/Riyadh] [QR LIB] Implicit conversion from float 0.4 to int loses precision
[09-Aug-2026 23:49:39 Asia/Riyadh] [QR LIB] Implicit conversion from float 0.6 to int loses precision
[09-Aug-2026 23:49:39 Asia/Riyadh] [QR LIB] Implicit conversion from float 0.8 to int loses precision
[09-Aug-2026 23:49:39 Asia/Riyadh] [QR LIB] Implicit conversion from float 1.2 to int loses precision
[09-Aug-2026 23:49:39 Asia/Riyadh] [QR LIB] Implicit conversion from float 1.4 to int loses precision
[09-Aug-2026 23:49:39 Asia/Riyadh] [QR LIB] Implicit conversion from float 1.6 to int loses precision
[09-Aug-2026 23:49:39 Asia/Riyadh] [QR LIB] Implicit conversion from float 1.8 to int loses precision
[09-Aug-2026 23:49:39 Asia/Riyadh] [QR LIB] Implicit conversion from float 2.2 to int loses precision
[09-Aug-2026 23:49:39 Asia/Riyadh] [QR LIB] Implicit conversion from float 2.4 to int loses precision
[09-Aug-2026 23:49:39 Asia/Riyadh] [QR LIB] Implicit conversion from float 2.6 to int loses precision
[09-Aug-2026 23:49:39 Asia/Riyadh] [QR LIB] Implicit conversion from float 2.8 to int loses precision
[09-Aug-2026 23:49:39 Asia/Riyadh] [QR LIB] Implicit conversion from float 3.2 to int loses precision
[09-Aug-2026 23:49:39 Asia/Riyadh] [QR LIB] Implicit conversion from float 3.4 to int loses precision
[09-Aug-2026 23:49:39 Asia/Riyadh] [QR LIB] Implicit conversion from float 3.6 to int loses precision
[09-Aug-2026 23:49:39 Asia/Riyadh] [QR LIB] Implicit conversion from float 3.8 to int loses precision
[09-Aug-2026 23:49:39 Asia/Riyadh] [QR LIB] Implicit conversion from float 4.2 to int loses precision
[09-Aug-2026 23:49:39 Asia/Riyadh] [QR LIB] Implicit conversion from float 4.4 to int loses precision
[09-Aug-2026 23:49:39 Asia/Riyadh] [QR LIB] Implicit conversion from float 4.6 to int loses precision
[09-Aug-2026 23:49:39 Asia/Riyadh] [QR LIB] Implicit conversion from float 4.8 to int loses precision
[09-Aug-2026 23:49:39 Asia/Riyadh] [QR LIB] Implicit conversion from float 5.2 to int loses precision
[09-Aug-2026 23:49:39 Asia/Riyadh] [QR LIB] Implicit conversion from float 5.4 to int loses precision
[09-Aug-2026 23:49:39 Asia/Riyadh] [QR LIB] Implicit conversion from float 5.6 to int loses precision
[09-Aug-2026 23:49:39 Asia/Riyadh] [QR LIB] Implicit conversion from float 5.8 to int loses precision
[09-Aug-2026 23:49:39 Asia/Riyadh] [QR LIB] Implicit conversion from float 6.2 to int loses precision
[09-Aug-2026 23:49:39 Asia/Riyadh] [QR LIB] Implicit conversion from float 6.4 to int loses precision
[09-Aug-2026 23:49:39 Asia/Riyadh] [QR LIB] Implicit conversion from float 6.6 to int loses precision
[09-Aug-2026 23:49:39 Asia/Riyadh] [QR LIB] Implicit conversion from float 6.8 to int loses precision
[09-Aug-2026 23:49:39 Asia/Riyadh] [QR LIB] Implicit conversion from float 7.2 to int loses precision
[09-Aug-2026 23:49:39 Asia/Riyadh] [QR LIB] Implicit conversion from float 7.4 to int loses precision
[09-Aug-2026 23:49:39 Asia/Riyadh] [QR LIB] Implicit conversion from float 7.6 to int loses precision
[09-Aug-2026 23:49:39 Asia/Riyadh] [QR LIB] Implicit conversion from float 7.8 to int loses precision
[09-Aug-2026 23:49:39 Asia/Riyadh] [QR LIB] Implicit conversion from float 8.2 to int loses precision
[09-Aug-2026 23:49:39 Asia/Riyadh] [QR LIB] Implicit conversion from float 8.4 to int loses precision
[09-Aug-2026 23:49:39 Asia/Riyadh] [QR LIB] Implicit conversion from float 8.6 to int loses precision
[09-Aug-2026 23:49:39 Asia/Riyadh] [QR LIB] Implicit conversion from float 8.8 to int loses precision
[09-Aug-2026 23:49:39 Asia/Riyadh] [QR LIB] Implicit conversion from float 9.2 to int loses precision
[09-Aug-2026 23:49:39 Asia/Riyadh] [QR LIB] Implicit conversion from float 9.4 to int loses precision
[09-Aug-2026 23:49:39 Asia/Riyadh] [QR LIB] Implicit conversion from float 9.6 to int loses precision
[09-Aug-2026 23:49:39 Asia/Riyadh] [QR LIB] Implicit conversion from float 9.8 to int loses precision
[09-Aug-2026 23:49:39 Asia/Riyadh] [QR LIB] Implicit conversion from float 10.2 to int loses precision
[09-Aug-2026 23:49:39 Asia/Riyadh] [QR LIB] Implicit conversion from float 10.4 to int loses precision
[09-Aug-2026 23:49:39 Asia/Riyadh] [QR LIB] Implicit conversion from float 10.6 to int loses precision
[09-Aug-2026 23:49:39 Asia/Riyadh] [QR LIB] Implicit conversion from float 10.8 to int loses precision
[09-Aug-2026 23:49:39 Asia/Riyadh] [QR LIB] Implicit conversion from float 11.2 to int loses precision
[09-Aug-2026 23:49:39 Asia/Riyadh] [QR LIB] Implicit conversion from float 11.4 to int loses precision
[09-Aug-2026 23:49:39 Asia/Riyadh] [QR LIB] Implicit conversion from float 11.6 to int loses precision
[09-Aug-2026 23:49:39 Asia/Riyadh] [QR LIB] Implicit conversion from float 11.8 to int loses precision
[09-Aug-2026 23:49:39 Asia/Riyadh] [QR LIB] Implicit conversion from float 12.2 to int loses precision
[09-Aug-2026 23:49:39 Asia/Riyadh] [QR LIB] Implicit conversion from float 12.4 to int loses precision
[09-Aug-2026 23:49:39 Asia/Riyadh] [QR LIB] Implicit conversion from float 12.6 to int loses precision
[09-Aug-2026 23:49:39 Asia/Riyadh] [QR LIB] Implicit conversion from float 12.8 to int loses precision
[09-Aug-2026 23:49:39 Asia/Riyadh] [QR LIB] Implicit conversion from float 13.2 to int loses precision
[09-Aug-2026 23:49:39 Asia/Riyadh] [QR LIB] Implicit conversion from float 13.4 to int loses precision
[09-Aug-2026 23:49:39 Asia/Riyadh] [QR LIB] Implicit conversion from float 13.6 to int loses precision
[09-Aug-2026 23:49:39 Asia/Riyadh] [QR LIB] Implicit conversion from float 13.8 to int loses precision
[09-Aug-2026 23:49:39 Asia/Riyadh] [QR LIB] Implicit conversion from float 14.2 to int loses precision
[09-Aug-2026 23:49:39 Asia/Riyadh] [QR LIB] Implicit conversion from float 14.4 to int loses precision
[09-Aug-2026 23:49:39 Asia/Riyadh] [QR LIB] Implicit conversion from float 14.6 to int loses precision
[09-Aug-2026 23:49:39 Asia/Riyadh] [QR LIB] Implicit conversion from float 14.8 to int loses precision
[09-Aug-2026 23:49:39 Asia/Riyadh] [QR LIB] Implicit conversion from float 15.2 to int loses precision
[09-Aug-2026 23:49:39 Asia/Riyadh] [QR LIB] Implicit conversion from float 15.4 to int loses precision
[09-Aug-2026 23:49:39 Asia/Riyadh] [QR LIB] Implicit conversion from float 15.6 to int loses precision
[09-Aug-2026 23:49:39 Asia/Riyadh] [QR LIB] Implicit conversion from float 15.8 to int loses precision
[09-Aug-2026 23:49:39 Asia/Riyadh] [QR LIB] Implicit conversion from float 16.2 to int loses precision
[09-Aug-2026 23:49:39 Asia/Riyadh] [QR LIB] Implicit conversion from float 16.4 to int loses precision
[09-Aug-2026 23:49:39 Asia/Riyadh] [QR LIB] Implicit conversion from float 16.6 to int loses precision
[09-Aug-2026 23:49:39 Asia/Riyadh] [QR LIB] Implicit conversion from float 16.8 to int loses precision
[09-Aug-2026 23:49:39 Asia/Riyadh] [QR LIB] Implicit conversion from float 17.2 to int loses precision
[09-Aug-2026 23:49:39 Asia/Riyadh] [QR LIB] Implicit conversion from float 17.4 to int loses precision
[09-Aug-2026 23:49:39 Asia/Riyadh] [QR LIB] Implicit conversion from float 17.6 to int loses precision
[09-Aug-2026 23:49:39 Asia/Riyadh] [QR LIB] Implicit conversion from float 17.8 to int loses precision
[09-Aug-2026 23:49:39 Asia/Riyadh] [QR LIB] Implicit conversion from float 18.2 to int loses precision
[09-Aug-2026 23:49:39 Asia/Riyadh] [QR LIB] Implicit conversion from float 18.4 to int loses precision
[09-Aug-2026 23:49:39 Asia/Riyadh] [QR LIB] Implicit conversion from float 18.6 to int loses precision
[09-Aug-2026 23:49:39 Asia/Riyadh] [QR LIB] Implicit conversion from float 18.8 to int loses precision
[09-Aug-2026 23:49:39 Asia/Riyadh] [QR LIB] Implicit conversion from float 19.2 to int loses precision
[09-Aug-2026 23:49:39 Asia/Riyadh] [QR LIB] Implicit conversion from float 19.4 to int loses precision
[09-Aug-2026 23:49:39 Asia/Riyadh] [QR LIB] Implicit conversion from float 19.6 to int loses precision
[09-Aug-2026 23:49:39 Asia/Riyadh] [QR LIB] Implicit conversion from float 19.8 to int loses precision
[09-Aug-2026 23:49:39 Asia/Riyadh] [QR LIB] Implicit conversion from float 20.2 to int loses precision
[09-Aug-2026 23:49:39 Asia/Riyadh] [QR LIB] Implicit conversion from float 20.4 to int loses precision
[09-Aug-2026 23:49:39 Asia/Riyadh] [QR LIB] Implicit conversion from float 20.6 to int loses precision
[09-Aug-2026 23:49:39 Asia/Riyadh] [QR LIB] Implicit conversion from float 20.8 to int loses precision
[09-Aug-2026 23:49:39 Asia/Riyadh] [QR LIB] Implicit conversion from float 21.2 to int loses precision
[09-Aug-2026 23:49:39 Asia/Riyadh] [QR LIB] Implicit conversion from float 21.4 to int loses precision
[09-Aug-2026 23:49:39 Asia/Riyadh] [QR LIB] Implicit conversion from float 21.6 to int loses precision
[09-Aug-2026 23:49:39 Asia/Riyadh] [QR LIB] Implicit conversion from float 21.8 to int loses precision
[09-Aug-2026 23:49:39 Asia/Riyadh] [QR LIB] Implicit conversion from float 22.2 to int loses precision
[09-Aug-2026 23:49:39 Asia/Riyadh] [QR LIB] Implicit conversion from float 22.4 to int loses precision
[09-Aug-2026 23:49:39 Asia/Riyadh] [QR LIB] Implicit conversion from float 22.6 to int loses precision
[09-Aug-2026 23:49:39 Asia/Riyadh] [QR LIB] Implicit conversion from float 22.8 to int loses precision
[09-Aug-2026 23:49:39 Asia/Riyadh] [QR LIB] Implicit conversion from float 23.2 to int loses precision
[09-Aug-2026 23:49:39 Asia/Riyadh] [QR LIB] Implicit conversion from float 23.4 to int loses precision
[09-Aug-2026 23:49:39 Asia/Riyadh] [QR LIB] Implicit conversion from float 23.6 to int loses precision
[09-Aug-2026 23:49:39 Asia/Riyadh] [QR LIB] Implicit conversion from float 23.8 to int loses precision
[09-Aug-2026 23:49:39 Asia/Riyadh] [QR LIB] Implicit conversion from float 24.2 to int loses precision
[09-Aug-2026 23:49:39 Asia/Riyadh] [QR LIB] Implicit conversion from float 24.4 to int loses precision
[09-Aug-2026 23:49:39 Asia/Riyadh] [QR LIB] Implicit conversion from float 24.6 to int loses precision
[09-Aug-2026 23:49:39 Asia/Riyadh] [QR LIB] Implicit conversion from float 24.8 to int loses precision
[09-Aug-2026 23:49:39 Asia/Riyadh] [QR LIB] Implicit conversion from float 25.2 to int loses precision
[09-Aug-2026 23:49:39 Asia/Riyadh] [QR LIB] Implicit conversion from float 25.4 to int loses precision
[09-Aug-2026 23:49:39 Asia/Riyadh] [QR LIB] Implicit conversion from float 25.6 to int loses precision
[09-Aug-2026 23:49:39 Asia/Riyadh] [QR LIB] Implicit conversion from float 25.8 to int loses precision
[09-Aug-2026 23:49:39 Asia/Riyadh] [REQ] sid=hukc9d5b6nk3ggmu8669svs36c user=yes GET /admin/documents cookie=yes
[09-Aug-2026 23:49:39 Asia/Riyadh] [REQ] sid=hukc9d5b6nk3ggmu8669svs36c user=yes GET /admin/documents cookie=yes
[09-Aug-2026 23:49:39 Asia/Riyadh] [REQ] sid=hukc9d5b6nk3ggmu8669svs36c user=yes GET /admin/documents/1/qr cookie=yes
[09-Aug-2026 23:49:40 Asia/Riyadh] [REQ] sid=hukc9d5b6nk3ggmu8669svs36c user=yes POST /admin/documents/1/activate cookie=yes
[09-Aug-2026 23:49:40 Asia/Riyadh] [CSRF DEBUG] method=POST uri=/admin/documents/1/activate sid=hukc9d5b6nk3ggmu8669svs36c sentlen=64 stored=022c5a2eee548d835393dfd2404e9172d7899b41d40aea9126b6690ce1c714c8
[09-Aug-2026 23:49:40 Asia/Riyadh] [REQ] sid=hukc9d5b6nk3ggmu8669svs36c user=yes GET /admin/documents cookie=yes
[09-Aug-2026 23:49:40 Asia/Riyadh] [REQ] sid=hukc9d5b6nk3ggmu8669svs36c user=yes GET /verify/39d2fadd66cebbe5b5d8d1982acbec55 cookie=yes
[09-Aug-2026 23:49:40 Asia/Riyadh] [REQ] sid=hukc9d5b6nk3ggmu8669svs36c user=yes GET /verify/39d2fadd66cebbe5b5d8d1982acbec55/file cookie=yes
[09-Aug-2026 23:49:40 Asia/Riyadh] [REQ] sid=hukc9d5b6nk3ggmu8669svs36c user=yes GET /admin/verifications cookie=yes
[09-Aug-2026 23:49:40 Asia/Riyadh] [REQ] sid=hukc9d5b6nk3ggmu8669svs36c user=yes POST /admin/documents/1/disable cookie=yes
[09-Aug-2026 23:49:40 Asia/Riyadh] [CSRF DEBUG] method=POST uri=/admin/documents/1/disable sid=hukc9d5b6nk3ggmu8669svs36c sentlen=64 stored=022c5a2eee548d835393dfd2404e9172d7899b41d40aea9126b6690ce1c714c8
[09-Aug-2026 23:49:40 Asia/Riyadh] [REQ] sid=hukc9d5b6nk3ggmu8669svs36c user=yes GET /admin/documents cookie=yes
[09-Aug-2026 23:49:41 Asia/Riyadh] [REQ] sid=hukc9d5b6nk3ggmu8669svs36c user=yes GET /verify/39d2fadd66cebbe5b5d8d1982acbec55 cookie=yes
[09-Aug-2026 23:49:41 Asia/Riyadh] [REQ] sid=hukc9d5b6nk3ggmu8669svs36c user=yes GET /verify/aaaaaaaaaaaaaaaaaaaaaaaaaaaaaaaa cookie=yes
[09-Aug-2026 23:49:41 Asia/Riyadh] [REQ] sid=hukc9d5b6nk3ggmu8669svs36c user=yes POST /admin/documents/1/delete cookie=yes
[09-Aug-2026 23:49:41 Asia/Riyadh] [CSRF DEBUG] method=POST uri=/admin/documents/1/delete sid=hukc9d5b6nk3ggmu8669svs36c sentlen=64 stored=022c5a2eee548d835393dfd2404e9172d7899b41d40aea9126b6690ce1c714c8
[09-Aug-2026 23:49:41 Asia/Riyadh] [REQ] sid=hukc9d5b6nk3ggmu8669svs36c user=yes GET /admin/documents cookie=yes
[09-Aug-2026 23:49:41 Asia/Riyadh] [REQ] sid=hukc9d5b6nk3ggmu8669svs36c user=yes GET /logout cookie=yes
[09-Aug-2026 23:49:41 Asia/Riyadh] [REQ] sid=2am4d9c4u7gajoppf4ilvvs4td user=no GET /login cookie=yes
[09-Aug-2026 23:49:41 Asia/Riyadh] [REQ] sid=2am4d9c4u7gajoppf4ilvvs4td user=no GET /admin cookie=yes
[09-Aug-2026 23:49:41 Asia/Riyadh] [REQ] sid=2am4d9c4u7gajoppf4ilvvs4td user=no GET /login cookie=yes
[09-Aug-2026 23:50:19 Asia/Riyadh] [REQ] sid=5js5iqikoiec0hlr9dn57j1tcr user=yes GET /admin cookie=yes
[09-Aug-2026 23:50:19 Asia/Riyadh] [REQ] sid=5js5iqikoiec0hlr9dn57j1tcr user=yes GET /assets/vendor/bootstrap/bootstrap.rtl.min.css cookie=yes
[09-Aug-2026 23:50:19 Asia/Riyadh] [REQ] sid=5js5iqikoiec0hlr9dn57j1tcr user=yes GET /assets/vendor/bootstrap-icons/bootstrap-icons.min.css cookie=yes
[09-Aug-2026 23:50:19 Asia/Riyadh] [REQ] sid=5js5iqikoiec0hlr9dn57j1tcr user=yes GET /assets/css/app.css cookie=yes
[09-Aug-2026 23:50:19 Asia/Riyadh] [REQ] sid=5js5iqikoiec0hlr9dn57j1tcr user=yes GET /assets/vendor/bootstrap/bootstrap.bundle.min.js cookie=yes
[09-Aug-2026 23:50:19 Asia/Riyadh] [REQ] sid=5js5iqikoiec0hlr9dn57j1tcr user=yes GET /assets/vendor/chartjs/chart.umd.min.js cookie=yes
[09-Aug-2026 23:50:19 Asia/Riyadh] [REQ] sid=5js5iqikoiec0hlr9dn57j1tcr user=yes GET /assets/js/app.js cookie=yes
[09-Aug-2026 23:50:27 Asia/Riyadh] [REQ] sid=5js5iqikoiec0hlr9dn57j1tcr user=yes GET /admin cookie=yes
[09-Aug-2026 23:50:27 Asia/Riyadh] [REQ] sid=5js5iqikoiec0hlr9dn57j1tcr user=yes GET /assets/vendor/bootstrap/bootstrap.rtl.min.css cookie=yes
[09-Aug-2026 23:50:27 Asia/Riyadh] [REQ] sid=5js5iqikoiec0hlr9dn57j1tcr user=yes GET /assets/vendor/bootstrap-icons/bootstrap-icons.min.css cookie=yes
[09-Aug-2026 23:50:27 Asia/Riyadh] [REQ] sid=5js5iqikoiec0hlr9dn57j1tcr user=yes GET /assets/css/app.css cookie=yes
[09-Aug-2026 23:50:27 Asia/Riyadh] [REQ] sid=5js5iqikoiec0hlr9dn57j1tcr user=yes GET /assets/vendor/bootstrap/bootstrap.bundle.min.js cookie=yes
[09-Aug-2026 23:50:27 Asia/Riyadh] [REQ] sid=5js5iqikoiec0hlr9dn57j1tcr user=yes GET /assets/vendor/chartjs/chart.umd.min.js cookie=yes
[09-Aug-2026 23:50:27 Asia/Riyadh] [REQ] sid=5js5iqikoiec0hlr9dn57j1tcr user=yes GET /assets/js/app.js cookie=yes
[09-Aug-2026 23:51:00 Asia/Riyadh] [REQ] sid=jgn4qjpido9f3vg7qs8i25mv9h user=no GET / cookie=yes
[09-Aug-2026 23:51:00 Asia/Riyadh] [REQ] sid=jgn4qjpido9f3vg7qs8i25mv9h user=no GET /login cookie=yes
[09-Aug-2026 23:51:00 Asia/Riyadh] [REQ] sid=jgn4qjpido9f3vg7qs8i25mv9h user=no GET /assets/vendor/bootstrap/bootstrap.rtl.min.css cookie=yes
[09-Aug-2026 23:51:00 Asia/Riyadh] [REQ] sid=jgn4qjpido9f3vg7qs8i25mv9h user=no GET /assets/vendor/bootstrap-icons/bootstrap-icons.min.css cookie=yes
[09-Aug-2026 23:51:00 Asia/Riyadh] [REQ] sid=jgn4qjpido9f3vg7qs8i25mv9h user=no GET /assets/css/app.css cookie=yes
[09-Aug-2026 23:51:00 Asia/Riyadh] [REQ] sid=jgn4qjpido9f3vg7qs8i25mv9h user=no GET /assets/vendor/bootstrap/bootstrap.bundle.min.js cookie=yes
[09-Aug-2026 23:51:00 Asia/Riyadh] [REQ] sid=jgn4qjpido9f3vg7qs8i25mv9h user=no GET /assets/js/app.js cookie=yes
[09-Aug-2026 23:51:05 Asia/Riyadh] [REQ] sid=jgn4qjpido9f3vg7qs8i25mv9h user=no GET /assets/vendor/bootstrap/bootstrap.rtl.min.css cookie=yes
[09-Aug-2026 23:51:05 Asia/Riyadh] [REQ] sid=jgn4qjpido9f3vg7qs8i25mv9h user=no GET /assets/vendor/bootstrap-icons/bootstrap-icons.min.css cookie=yes
[09-Aug-2026 23:51:05 Asia/Riyadh] [REQ] sid=jgn4qjpido9f3vg7qs8i25mv9h user=no GET /assets/css/app.css cookie=yes
[09-Aug-2026 23:51:05 Asia/Riyadh] [REQ] sid=jgn4qjpido9f3vg7qs8i25mv9h user=no GET /.well-known/appspecific/com.chrome.devtools.json cookie=yes
[09-Aug-2026 23:53:16 Asia/Riyadh] [REQ] sid=a3prn7nr1ovq0sv9rldkvehspu user=no GET /assets/vendor/bootstrap/bootstrap.rtl.min.css cookie=no
[09-Aug-2026 23:53:16 Asia/Riyadh] [REQ] sid=47uovetevv26el49tr6o2n8cro user=no GET /assets/vendor/bootstrap-icons/bootstrap-icons.min.css cookie=no
[09-Aug-2026 23:53:16 Asia/Riyadh] [REQ] sid=7t4h5f3nj0v26mmlmlghmviemb user=no GET /assets/css/app.css cookie=no
[09-Aug-2026 23:53:16 Asia/Riyadh] [REQ] sid=b0qfc198agnkmgl70pgps0l0kt user=no GET /assets/vendor/bootstrap/bootstrap.bundle.min.js cookie=no
[09-Aug-2026 23:53:16 Asia/Riyadh] [REQ] sid=9a82cbvu2ujpjg0ndqmbr88fga user=no GET /assets/js/app.js cookie=no
[09-Aug-2026 23:53:16 Asia/Riyadh] [REQ] sid=s94c4jcbti2p7045l5i7i4m9p0 user=no GET /assets/vendor/chartjs/chart.umd.min.js cookie=no
[09-Aug-2026 23:53:17 Asia/Riyadh] [REQ] sid=utgujv9hn5mi93jpu3gvgp4uo1 user=no GET /assets/fonts/cairo-400.woff2 cookie=no
[09-Aug-2026 23:54:34 Asia/Riyadh] [REQ] sid=b25mpuqv1ng8v3003h89t32qlm user=no GET /login cookie=no
[09-Aug-2026 23:54:41 Asia/Riyadh] [REQ] sid=qocqik9r72kosukr3kqq6vn6be user=no GET /config/config.php cookie=no
[09-Aug-2026 23:54:41 Asia/Riyadh] [REQ] sid=0vmh88esgf4o4qr7pnk0o47t00 user=no GET /database/database.sql cookie=no
[09-Aug-2026 23:54:41 Asia/Riyadh] [REQ] sid=nbpamh3dh30b7h5jm7iv6tsu99 user=no GET /app/routes.php cookie=no
[09-Aug-2026 23:54:41 Asia/Riyadh] [REQ] sid=gjhm9sh0jdv6ncs6v5seobh9c2 user=no GET /storage/logs/php-error.log cookie=no
[09-Aug-2026 23:54:50 Asia/Riyadh] [REQ] sid=3tt9bn7n6afduid2qrc5tgjo19 user=no GET /login cookie=no
[09-Aug-2026 23:54:51 Asia/Riyadh] [REQ] sid=i6kde1i9rukn28usdbooemva5a user=no GET /login cookie=no
[09-Aug-2026 23:54:51 Asia/Riyadh] [REQ] sid=i6kde1i9rukn28usdbooemva5a user=no POST /login cookie=yes
[09-Aug-2026 23:54:51 Asia/Riyadh] [CSRF DEBUG] method=POST uri=/login sid=i6kde1i9rukn28usdbooemva5a sentlen=64 stored=8c9b7aa2e8511db27d62b8f829bfd14959cf1d5fb645e1943e7bb2402c694f3d
[09-Aug-2026 23:54:51 Asia/Riyadh] [REQ] sid=s7sp2a4v96dat5s304ck3h0b60 user=yes GET /admin cookie=yes
[09-Aug-2026 23:54:51 Asia/Riyadh] [REQ] sid=s7sp2a4v96dat5s304ck3h0b60 user=yes GET /admin cookie=yes
[09-Aug-2026 23:54:52 Asia/Riyadh] [REQ] sid=1nv4pjolucqp2952lu43ulr6jl user=no GET /admin cookie=no
[09-Aug-2026 23:54:52 Asia/Riyadh] [REQ] sid=f8fc7rd580r7lhjnb8hime8hkb user=no GET /admin/change-password cookie=no
[09-Aug-2026 23:54:52 Asia/Riyadh] [REQ] sid=18b8v8dspmiog2uld1aeo0hmp2 user=no GET /admin/clients cookie=no
[09-Aug-2026 23:54:52 Asia/Riyadh] [REQ] sid=m6ud1o810val5mmft29n5jkvod user=no GET /admin/documents cookie=no
[09-Aug-2026 23:54:52 Asia/Riyadh] [REQ] sid=5polbv1qlind7822o0f08a2uu5 user=no GET /admin/documents/upload cookie=no
[09-Aug-2026 23:54:52 Asia/Riyadh] [REQ] sid=9gsu3scbu3vnf8c27di6lcji3v user=no GET /admin/settings cookie=no
[09-Aug-2026 23:54:52 Asia/Riyadh] [REQ] sid=13rqjoc7o6u752ibcijt18gd9u user=no GET /admin/verifications cookie=no
[09-Aug-2026 23:54:53 Asia/Riyadh] [REQ] sid=m64jlp68ud40d9sujvdfbgos06 user=no GET /logout cookie=no
[09-Aug-2026 23:54:53 Asia/Riyadh] [REQ] sid=s7sp2a4v96dat5s304ck3h0b60 user=yes GET /admin/clients cookie=yes
[09-Aug-2026 23:54:53 Asia/Riyadh] [REQ] sid=kis0tonqciau4if8tlal1bs62j user=no GET /admin cookie=no
[09-Aug-2026 23:54:53 Asia/Riyadh] [REQ] sid=jjlhj474qb1r71tp48mbissghj user=no GET /admin/change-password cookie=no
[09-Aug-2026 23:54:54 Asia/Riyadh] [REQ] sid=lls704p30ond8a2kn8ulac28im user=no GET /admin/clients cookie=no
[09-Aug-2026 23:54:54 Asia/Riyadh] [REQ] sid=dj3vcgvv3j68r78im0c5e791pu user=no GET /admin/clients/1/documents cookie=no
[09-Aug-2026 23:54:54 Asia/Riyadh] [REQ] sid=pqrjnagb86jt90irco4qcldhdr user=no GET /admin/clients/1/edit cookie=no
[09-Aug-2026 23:54:54 Asia/Riyadh] [REQ] sid=hh8b4hii997rdf7266jccc9kpn user=no GET /admin/clients/create cookie=no
[09-Aug-2026 23:54:54 Asia/Riyadh] [REQ] sid=6gb4o6annn47mf2qbd4lh30h1f user=no GET /admin/documents cookie=no
[09-Aug-2026 23:54:54 Asia/Riyadh] [REQ] sid=7hm19jkljf6v8p73uin79lfrke user=no GET /admin/settings cookie=no
[09-Aug-2026 23:54:54 Asia/Riyadh] [REQ] sid=8ck2um9qag7oetlu79qdcr32kh user=no GET /admin/verifications cookie=no
[09-Aug-2026 23:54:55 Asia/Riyadh] [REQ] sid=he9bef60ickb2kcipc0tpolhvu user=no GET /logout cookie=no
[09-Aug-2026 23:54:55 Asia/Riyadh] [REQ] sid=s7sp2a4v96dat5s304ck3h0b60 user=yes GET /admin/documents cookie=yes
[09-Aug-2026 23:54:55 Asia/Riyadh] [REQ] sid=q7t4muvmap6nmd3ar66bikjoeu user=no GET /admin cookie=no
[09-Aug-2026 23:54:55 Asia/Riyadh] [REQ] sid=rkrs22qig8q81thoa987nu6717 user=no GET /admin/change-password cookie=no
[09-Aug-2026 23:54:56 Asia/Riyadh] [REQ] sid=t4v1dh6r886vq2vq5a8kgb3jln user=no GET /admin/clients cookie=no
[09-Aug-2026 23:54:56 Asia/Riyadh] [REQ] sid=3mtc8fulq9m2vdlr2dmtg8pvli user=no GET /admin/documents cookie=no
[09-Aug-2026 23:54:56 Asia/Riyadh] [REQ] sid=d4ii29j7o4fukppnmhq1vq8i2t user=no GET /admin/documents/upload cookie=no
[09-Aug-2026 23:54:56 Asia/Riyadh] [REQ] sid=l8fc6iceui75eufhvlistub0a3 user=no GET /admin/settings cookie=no
[09-Aug-2026 23:54:56 Asia/Riyadh] [REQ] sid=kf2vjlr7q9tf0269aqgk49i5qc user=no GET /admin/verifications cookie=no
[09-Aug-2026 23:54:57 Asia/Riyadh] [REQ] sid=mm0uqq9t5hp1d22f325hijt4t2 user=no GET /logout cookie=no
[09-Aug-2026 23:54:57 Asia/Riyadh] [REQ] sid=s7sp2a4v96dat5s304ck3h0b60 user=yes GET /admin/documents/upload cookie=yes
[09-Aug-2026 23:54:57 Asia/Riyadh] [REQ] sid=ofjqildnqu5k3it8mf45r6tmja user=no GET /admin cookie=no
[09-Aug-2026 23:54:57 Asia/Riyadh] [REQ] sid=phfheoct7c5v9inqubv42a2fre user=no GET /admin/change-password cookie=no
[09-Aug-2026 23:54:57 Asia/Riyadh] [REQ] sid=o52s30ogpmjee6jln6v1ihosv5 user=no GET /admin/clients cookie=no
[09-Aug-2026 23:54:57 Asia/Riyadh] [REQ] sid=lphc769kqfs25av37lr1usbrd7 user=no GET /admin/documents cookie=no
[09-Aug-2026 23:54:57 Asia/Riyadh] [REQ] sid=spmjggge6p38252k70ijsgka4o user=no GET /admin/settings cookie=no
[09-Aug-2026 23:54:57 Asia/Riyadh] [REQ] sid=1kqpegkgian28cfe2u231u5m6n user=no GET /admin/verifications cookie=no
[09-Aug-2026 23:54:58 Asia/Riyadh] [REQ] sid=ct97ospn9ugqh9048jncr3bvs3 user=no GET /logout cookie=no
[09-Aug-2026 23:54:58 Asia/Riyadh] [REQ] sid=s7sp2a4v96dat5s304ck3h0b60 user=yes GET /admin/verifications cookie=yes
[09-Aug-2026 23:54:58 Asia/Riyadh] [REQ] sid=j5go3uu39h5i5u59rlbs9j8lnt user=no GET /admin cookie=no
[09-Aug-2026 23:54:58 Asia/Riyadh] [REQ] sid=e5gfeou4n9ptcpen53batnf8qh user=no GET /admin/change-password cookie=no
[09-Aug-2026 23:54:59 Asia/Riyadh] [REQ] sid=s85bpraaahleju4ki0f5mba514 user=no GET /admin/clients cookie=no
[09-Aug-2026 23:54:59 Asia/Riyadh] [REQ] sid=k8u3u6kheel1ivhfb9fh89a1ht user=no GET /admin/documents cookie=no
[09-Aug-2026 23:54:59 Asia/Riyadh] [REQ] sid=1a5iom9rs02bn44qpc10c8rssc user=no GET /admin/settings cookie=no
[09-Aug-2026 23:54:59 Asia/Riyadh] [REQ] sid=bddmtgq4kg8iofuugqf41u6ncm user=no GET /admin/verifications cookie=no
[09-Aug-2026 23:55:00 Asia/Riyadh] [REQ] sid=00vant1t3h7jgn7hpelbp3d20p user=no GET /logout cookie=no
[09-Aug-2026 23:55:00 Asia/Riyadh] [REQ] sid=s7sp2a4v96dat5s304ck3h0b60 user=yes GET /admin/settings cookie=yes
[09-Aug-2026 23:55:00 Asia/Riyadh] [REQ] sid=6tf8k9s3ii5s9uarhuaffeit5q user=no GET /admin cookie=no
[09-Aug-2026 23:55:00 Asia/Riyadh] [REQ] sid=r5hq4vc281lrbhpr5o7621r3tm user=no GET /admin/change-password cookie=no
[09-Aug-2026 23:55:00 Asia/Riyadh] [REQ] sid=5a9koo91mau2rf141k9iuk3aig user=no GET /admin/clients cookie=no
[09-Aug-2026 23:55:00 Asia/Riyadh] [REQ] sid=envgqto9ou0d7b0vp3o7l031p7 user=no GET /admin/documents cookie=no
[09-Aug-2026 23:55:00 Asia/Riyadh] [REQ] sid=vf3g857p5mrvtjfjsuvqjtoll1 user=no GET /admin/settings cookie=no
[09-Aug-2026 23:55:00 Asia/Riyadh] [REQ] sid=5cpf69i911oq0cv18r8msed63d user=no GET /admin/verifications cookie=no
[09-Aug-2026 23:55:01 Asia/Riyadh] [REQ] sid=o15fs9097rt741idcutnc4c3s1 user=no GET /logout cookie=no
[09-Aug-2026 23:55:13 Asia/Riyadh] [REQ] sid=2jhhrcot064gb3j2j173pr2trj user=no GET /admin cookie=no
[09-Aug-2026 23:55:13 Asia/Riyadh] [REQ] sid=j5tuftdvjo96u7pcm80ra4r7r8 user=no GET /admin/clients cookie=no
[09-Aug-2026 23:55:13 Asia/Riyadh] [REQ] sid=0v855am9lv2u2vg3fafp0pccdi user=no GET /logout cookie=no
[09-Aug-2026 23:55:13 Asia/Riyadh] [REQ] sid=fivnkhf1du0ajkvgn99fnv502o user=no GET /admin/clients/1/edit cookie=no
[09-Aug-2026 23:55:13 Asia/Riyadh] [REQ] sid=s7sp2a4v96dat5s304ck3h0b60 user=yes GET /admin/clients cookie=yes
[09-Aug-2026 23:55:24 Asia/Riyadh] [REQ] sid=tc913cp3gqcckbvd4t65cp7ucm user=no GET /logout cookie=no
[09-Aug-2026 23:55:24 Asia/Riyadh] [REQ] sid=c4nh7beh2kidpagdec6bbpdnqj user=no GET /login cookie=no
[09-Aug-2026 23:55:31 Asia/Riyadh] [REQ] sid=s7sp2a4v96dat5s304ck3h0b60 user=yes GET /admin cookie=yes
[09-Aug-2026 23:55:32 Asia/Riyadh] [REQ] sid=orm8s7ureuh1om3v8bkqpapatq user=no GET /admin cookie=no
[09-Aug-2026 23:55:32 Asia/Riyadh] [REQ] sid=bemj9tu4gfk6mal70savsk32g0 user=no GET /admin/change-password cookie=no
[09-Aug-2026 23:55:32 Asia/Riyadh] [REQ] sid=uegejn0vhnf119rnag15on083o user=no GET /admin/clients cookie=no
[09-Aug-2026 23:55:32 Asia/Riyadh] [REQ] sid=qdcd1lutpprbesr3fsdle64a37 user=no GET /admin/documents cookie=no
[09-Aug-2026 23:55:32 Asia/Riyadh] [REQ] sid=8mp8uhrtv4hb3hu8mca3cs6s8d user=no GET /admin/documents/upload cookie=no
[09-Aug-2026 23:55:32 Asia/Riyadh] [REQ] sid=maq2laocdu1orvvfpjgv6ugbmh user=no GET /admin/settings cookie=no
[09-Aug-2026 23:55:32 Asia/Riyadh] [REQ] sid=0i9k3bou3jpfbofhl1jngtmj0v user=no GET /admin/verifications cookie=no
[09-Aug-2026 23:55:33 Asia/Riyadh] [REQ] sid=cl62rb6cpqgdtb7peuvko3i0rr user=no GET /logout cookie=no
[09-Aug-2026 23:55:42 Asia/Riyadh] [REQ] sid=da0naju82of1rbqucqntuvpdoh user=no GET /login cookie=no
[09-Aug-2026 23:55:43 Asia/Riyadh] [REQ] sid=4opvpsgkigeg615lrahis63bt2 user=no GET /login cookie=no
[09-Aug-2026 23:55:43 Asia/Riyadh] [REQ] sid=4opvpsgkigeg615lrahis63bt2 user=no POST /login cookie=yes
[09-Aug-2026 23:55:43 Asia/Riyadh] [CSRF DEBUG] method=POST uri=/login sid=4opvpsgkigeg615lrahis63bt2 sentlen=64 stored=8170b453becd69b6053c223df23ed4d475a4a8f353ddafaffa5c0a93446d1b97
[09-Aug-2026 23:55:43 Asia/Riyadh] [REQ] sid=ir9mcan6klu3t63drqn7tvahn7 user=yes GET /admin cookie=yes
[09-Aug-2026 23:55:44 Asia/Riyadh] [REQ] sid=ir9mcan6klu3t63drqn7tvahn7 user=yes GET /admin cookie=yes
[09-Aug-2026 23:55:44 Asia/Riyadh] [REQ] sid=ir9mcan6klu3t63drqn7tvahn7 user=yes GET /admin/clients cookie=yes
[09-Aug-2026 23:55:45 Asia/Riyadh] [REQ] sid=ir9mcan6klu3t63drqn7tvahn7 user=yes GET /admin/documents cookie=yes
[09-Aug-2026 23:55:46 Asia/Riyadh] [REQ] sid=ir9mcan6klu3t63drqn7tvahn7 user=yes GET /admin/documents/upload cookie=yes
[09-Aug-2026 23:55:46 Asia/Riyadh] [REQ] sid=ir9mcan6klu3t63drqn7tvahn7 user=yes GET /admin/verifications cookie=yes
[09-Aug-2026 23:55:47 Asia/Riyadh] [REQ] sid=ir9mcan6klu3t63drqn7tvahn7 user=yes GET /admin/settings cookie=yes
[09-Aug-2026 23:55:48 Asia/Riyadh] [REQ] sid=ir9mcan6klu3t63drqn7tvahn7 user=yes GET /admin/change-password cookie=yes
[09-Aug-2026 23:55:48 Asia/Riyadh] [REQ] sid=ir9mcan6klu3t63drqn7tvahn7 user=yes GET /nonexistent-page cookie=yes
[09-Aug-2026 23:55:56 Asia/Riyadh] [REQ] sid=ir9mcan6klu3t63drqn7tvahn7 user=yes GET /admin/documents/upload cookie=yes
[09-Aug-2026 23:55:56 Asia/Riyadh] [REQ] sid=ir9mcan6klu3t63drqn7tvahn7 user=yes POST /admin/documents/store cookie=yes
[09-Aug-2026 23:55:56 Asia/Riyadh] [CSRF DEBUG] method=POST uri=/admin/documents/store sid=ir9mcan6klu3t63drqn7tvahn7 sentlen=64 stored=8170b453becd69b6053c223df23ed4d475a4a8f353ddafaffa5c0a93446d1b97
[09-Aug-2026 23:55:56 Asia/Riyadh] PHP Deprecated:  Optional parameter $filename declared before required parameter $fore_color is implicitly treated as a required parameter in D:\client1\vendor\phpqrcode\qrimage.php on line 30
[09-Aug-2026 23:55:56 Asia/Riyadh] PHP Deprecated:  Optional parameter $pixelPerPoint declared before required parameter $fore_color is implicitly treated as a required parameter in D:\client1\vendor\phpqrcode\qrimage.php on line 30
[09-Aug-2026 23:55:56 Asia/Riyadh] PHP Deprecated:  Optional parameter $outerFrame declared before required parameter $fore_color is implicitly treated as a required parameter in D:\client1\vendor\phpqrcode\qrimage.php on line 30
[09-Aug-2026 23:55:56 Asia/Riyadh] PHP Deprecated:  Optional parameter $saveandprint declared before required parameter $fore_color is implicitly treated as a required parameter in D:\client1\vendor\phpqrcode\qrimage.php on line 30
[09-Aug-2026 23:55:56 Asia/Riyadh] PHP Deprecated:  Optional parameter $filename declared before required parameter $fore_color is implicitly treated as a required parameter in D:\client1\vendor\phpqrcode\qrvect.php on line 140
[09-Aug-2026 23:55:56 Asia/Riyadh] PHP Deprecated:  Optional parameter $pixelPerPoint declared before required parameter $fore_color is implicitly treated as a required parameter in D:\client1\vendor\phpqrcode\qrvect.php on line 140
[09-Aug-2026 23:55:56 Asia/Riyadh] PHP Deprecated:  Optional parameter $outerFrame declared before required parameter $fore_color is implicitly treated as a required parameter in D:\client1\vendor\phpqrcode\qrvect.php on line 140
[09-Aug-2026 23:55:56 Asia/Riyadh] PHP Deprecated:  Optional parameter $saveandprint declared before required parameter $fore_color is implicitly treated as a required parameter in D:\client1\vendor\phpqrcode\qrvect.php on line 140
[09-Aug-2026 23:55:56 Asia/Riyadh] [QR LIB] Creation of dynamic property QRencode::$cmyk is deprecated
[09-Aug-2026 23:55:56 Asia/Riyadh] [QR LIB] Implicit conversion from float 0.2 to int loses precision
[09-Aug-2026 23:55:56 Asia/Riyadh] [QR LIB] Implicit conversion from float 0.4 to int loses precision
[09-Aug-2026 23:55:56 Asia/Riyadh] [QR LIB] Implicit conversion from float 0.6 to int loses precision
[09-Aug-2026 23:55:56 Asia/Riyadh] [QR LIB] Implicit conversion from float 0.8 to int loses precision
[09-Aug-2026 23:55:56 Asia/Riyadh] [QR LIB] Implicit conversion from float 1.2 to int loses precision
[09-Aug-2026 23:55:56 Asia/Riyadh] [QR LIB] Implicit conversion from float 1.4 to int loses precision
[09-Aug-2026 23:55:56 Asia/Riyadh] [QR LIB] Implicit conversion from float 1.6 to int loses precision
[09-Aug-2026 23:55:56 Asia/Riyadh] [QR LIB] Implicit conversion from float 1.8 to int loses precision
[09-Aug-2026 23:55:56 Asia/Riyadh] [QR LIB] Implicit conversion from float 2.2 to int loses precision
[09-Aug-2026 23:55:56 Asia/Riyadh] [QR LIB] Implicit conversion from float 2.4 to int loses precision
[09-Aug-2026 23:55:56 Asia/Riyadh] [QR LIB] Implicit conversion from float 2.6 to int loses precision
[09-Aug-2026 23:55:56 Asia/Riyadh] [QR LIB] Implicit conversion from float 2.8 to int loses precision
[09-Aug-2026 23:55:56 Asia/Riyadh] [QR LIB] Implicit conversion from float 3.2 to int loses precision
[09-Aug-2026 23:55:56 Asia/Riyadh] [QR LIB] Implicit conversion from float 3.4 to int loses precision
[09-Aug-2026 23:55:56 Asia/Riyadh] [QR LIB] Implicit conversion from float 3.6 to int loses precision
[09-Aug-2026 23:55:56 Asia/Riyadh] [QR LIB] Implicit conversion from float 3.8 to int loses precision
[09-Aug-2026 23:55:56 Asia/Riyadh] [QR LIB] Implicit conversion from float 4.2 to int loses precision
[09-Aug-2026 23:55:56 Asia/Riyadh] [QR LIB] Implicit conversion from float 4.4 to int loses precision
[09-Aug-2026 23:55:56 Asia/Riyadh] [QR LIB] Implicit conversion from float 4.6 to int loses precision
[09-Aug-2026 23:55:56 Asia/Riyadh] [QR LIB] Implicit conversion from float 4.8 to int loses precision
[09-Aug-2026 23:55:56 Asia/Riyadh] [QR LIB] Implicit conversion from float 5.2 to int loses precision
[09-Aug-2026 23:55:56 Asia/Riyadh] [QR LIB] Implicit conversion from float 5.4 to int loses precision
[09-Aug-2026 23:55:56 Asia/Riyadh] [QR LIB] Implicit conversion from float 5.6 to int loses precision
[09-Aug-2026 23:55:56 Asia/Riyadh] [QR LIB] Implicit conversion from float 5.8 to int loses precision
[09-Aug-2026 23:55:56 Asia/Riyadh] [QR LIB] Implicit conversion from float 6.2 to int loses precision
[09-Aug-2026 23:55:56 Asia/Riyadh] [QR LIB] Implicit conversion from float 6.4 to int loses precision
[09-Aug-2026 23:55:56 Asia/Riyadh] [QR LIB] Implicit conversion from float 6.6 to int loses precision
[09-Aug-2026 23:55:56 Asia/Riyadh] [QR LIB] Implicit conversion from float 6.8 to int loses precision
[09-Aug-2026 23:55:56 Asia/Riyadh] [QR LIB] Implicit conversion from float 7.2 to int loses precision
[09-Aug-2026 23:55:56 Asia/Riyadh] [QR LIB] Implicit conversion from float 7.4 to int loses precision
[09-Aug-2026 23:55:56 Asia/Riyadh] [QR LIB] Implicit conversion from float 7.6 to int loses precision
[09-Aug-2026 23:55:56 Asia/Riyadh] [QR LIB] Implicit conversion from float 7.8 to int loses precision
[09-Aug-2026 23:55:56 Asia/Riyadh] [QR LIB] Implicit conversion from float 8.2 to int loses precision
[09-Aug-2026 23:55:56 Asia/Riyadh] [QR LIB] Implicit conversion from float 8.4 to int loses precision
[09-Aug-2026 23:55:56 Asia/Riyadh] [QR LIB] Implicit conversion from float 8.6 to int loses precision
[09-Aug-2026 23:55:56 Asia/Riyadh] [QR LIB] Implicit conversion from float 8.8 to int loses precision
[09-Aug-2026 23:55:56 Asia/Riyadh] [QR LIB] Implicit conversion from float 9.2 to int loses precision
[09-Aug-2026 23:55:56 Asia/Riyadh] [QR LIB] Implicit conversion from float 9.4 to int loses precision
[09-Aug-2026 23:55:56 Asia/Riyadh] [QR LIB] Implicit conversion from float 9.6 to int loses precision
[09-Aug-2026 23:55:56 Asia/Riyadh] [QR LIB] Implicit conversion from float 9.8 to int loses precision
[09-Aug-2026 23:55:56 Asia/Riyadh] [QR LIB] Implicit conversion from float 10.2 to int loses precision
[09-Aug-2026 23:55:56 Asia/Riyadh] [QR LIB] Implicit conversion from float 10.4 to int loses precision
[09-Aug-2026 23:55:56 Asia/Riyadh] [QR LIB] Implicit conversion from float 10.6 to int loses precision
[09-Aug-2026 23:55:56 Asia/Riyadh] [QR LIB] Implicit conversion from float 10.8 to int loses precision
[09-Aug-2026 23:55:56 Asia/Riyadh] [QR LIB] Implicit conversion from float 11.2 to int loses precision
[09-Aug-2026 23:55:56 Asia/Riyadh] [QR LIB] Implicit conversion from float 11.4 to int loses precision
[09-Aug-2026 23:55:56 Asia/Riyadh] [QR LIB] Implicit conversion from float 11.6 to int loses precision
[09-Aug-2026 23:55:56 Asia/Riyadh] [QR LIB] Implicit conversion from float 11.8 to int loses precision
[09-Aug-2026 23:55:56 Asia/Riyadh] [QR LIB] Implicit conversion from float 12.2 to int loses precision
[09-Aug-2026 23:55:56 Asia/Riyadh] [QR LIB] Implicit conversion from float 12.4 to int loses precision
[09-Aug-2026 23:55:56 Asia/Riyadh] [QR LIB] Implicit conversion from float 12.6 to int loses precision
[09-Aug-2026 23:55:56 Asia/Riyadh] [QR LIB] Implicit conversion from float 12.8 to int loses precision
[09-Aug-2026 23:55:56 Asia/Riyadh] [QR LIB] Implicit conversion from float 0.2 to int loses precision
[09-Aug-2026 23:55:56 Asia/Riyadh] [QR LIB] Implicit conversion from float 0.4 to int loses precision
[09-Aug-2026 23:55:56 Asia/Riyadh] [QR LIB] Implicit conversion from float 0.6 to int loses precision
[09-Aug-2026 23:55:56 Asia/Riyadh] [QR LIB] Implicit conversion from float 0.8 to int loses precision
[09-Aug-2026 23:55:56 Asia/Riyadh] [QR LIB] Implicit conversion from float 1.2 to int loses precision
[09-Aug-2026 23:55:56 Asia/Riyadh] [QR LIB] Implicit conversion from float 1.4 to int loses precision
[09-Aug-2026 23:55:56 Asia/Riyadh] [QR LIB] Implicit conversion from float 1.6 to int loses precision
[09-Aug-2026 23:55:56 Asia/Riyadh] [QR LIB] Implicit conversion from float 1.8 to int loses precision
[09-Aug-2026 23:55:56 Asia/Riyadh] [QR LIB] Implicit conversion from float 2.2 to int loses precision
[09-Aug-2026 23:55:56 Asia/Riyadh] [QR LIB] Implicit conversion from float 2.4 to int loses precision
[09-Aug-2026 23:55:56 Asia/Riyadh] [QR LIB] Implicit conversion from float 2.6 to int loses precision
[09-Aug-2026 23:55:56 Asia/Riyadh] [QR LIB] Implicit conversion from float 2.8 to int loses precision
[09-Aug-2026 23:55:56 Asia/Riyadh] [QR LIB] Implicit conversion from float 3.2 to int loses precision
[09-Aug-2026 23:55:56 Asia/Riyadh] [QR LIB] Implicit conversion from float 3.4 to int loses precision
[09-Aug-2026 23:55:56 Asia/Riyadh] [QR LIB] Implicit conversion from float 3.6 to int loses precision
[09-Aug-2026 23:55:56 Asia/Riyadh] [QR LIB] Implicit conversion from float 3.8 to int loses precision
[09-Aug-2026 23:55:56 Asia/Riyadh] [QR LIB] Implicit conversion from float 4.2 to int loses precision
[09-Aug-2026 23:55:56 Asia/Riyadh] [QR LIB] Implicit conversion from float 4.4 to int loses precision
[09-Aug-2026 23:55:56 Asia/Riyadh] [QR LIB] Implicit conversion from float 4.6 to int loses precision
[09-Aug-2026 23:55:56 Asia/Riyadh] [QR LIB] Implicit conversion from float 4.8 to int loses precision
[09-Aug-2026 23:55:56 Asia/Riyadh] [QR LIB] Implicit conversion from float 5.2 to int loses precision
[09-Aug-2026 23:55:56 Asia/Riyadh] [QR LIB] Implicit conversion from float 5.4 to int loses precision
[09-Aug-2026 23:55:56 Asia/Riyadh] [QR LIB] Implicit conversion from float 5.6 to int loses precision
[09-Aug-2026 23:55:56 Asia/Riyadh] [QR LIB] Implicit conversion from float 5.8 to int loses precision
[09-Aug-2026 23:55:56 Asia/Riyadh] [QR LIB] Implicit conversion from float 6.2 to int loses precision
[09-Aug-2026 23:55:56 Asia/Riyadh] [QR LIB] Implicit conversion from float 6.4 to int loses precision
[09-Aug-2026 23:55:56 Asia/Riyadh] [QR LIB] Implicit conversion from float 6.6 to int loses precision
[09-Aug-2026 23:55:56 Asia/Riyadh] [QR LIB] Implicit conversion from float 6.8 to int loses precision
[09-Aug-2026 23:55:56 Asia/Riyadh] [QR LIB] Implicit conversion from float 7.2 to int loses precision
[09-Aug-2026 23:55:56 Asia/Riyadh] [QR LIB] Implicit conversion from float 7.4 to int loses precision
[09-Aug-2026 23:55:56 Asia/Riyadh] [QR LIB] Implicit conversion from float 7.6 to int loses precision
[09-Aug-2026 23:55:56 Asia/Riyadh] [QR LIB] Implicit conversion from float 7.8 to int loses precision
[09-Aug-2026 23:55:56 Asia/Riyadh] [QR LIB] Implicit conversion from float 8.2 to int loses precision
[09-Aug-2026 23:55:56 Asia/Riyadh] [QR LIB] Implicit conversion from float 8.4 to int loses precision
[09-Aug-2026 23:55:56 Asia/Riyadh] [QR LIB] Implicit conversion from float 8.6 to int loses precision
[09-Aug-2026 23:55:56 Asia/Riyadh] [QR LIB] Implicit conversion from float 8.8 to int loses precision
[09-Aug-2026 23:55:56 Asia/Riyadh] [QR LIB] Implicit conversion from float 9.2 to int loses precision
[09-Aug-2026 23:55:56 Asia/Riyadh] [QR LIB] Implicit conversion from float 9.4 to int loses precision
[09-Aug-2026 23:55:56 Asia/Riyadh] [QR LIB] Implicit conversion from float 9.6 to int loses precision
[09-Aug-2026 23:55:56 Asia/Riyadh] [QR LIB] Implicit conversion from float 9.8 to int loses precision
[09-Aug-2026 23:55:56 Asia/Riyadh] [QR LIB] Implicit conversion from float 10.2 to int loses precision
[09-Aug-2026 23:55:56 Asia/Riyadh] [QR LIB] Implicit conversion from float 10.4 to int loses precision
[09-Aug-2026 23:55:56 Asia/Riyadh] [QR LIB] Implicit conversion from float 10.6 to int loses precision
[09-Aug-2026 23:55:56 Asia/Riyadh] [QR LIB] Implicit conversion from float 10.8 to int loses precision
[09-Aug-2026 23:55:56 Asia/Riyadh] [QR LIB] Implicit conversion from float 11.2 to int loses precision
[09-Aug-2026 23:55:56 Asia/Riyadh] [QR LIB] Implicit conversion from float 11.4 to int loses precision
[09-Aug-2026 23:55:56 Asia/Riyadh] [QR LIB] Implicit conversion from float 11.6 to int loses precision
[09-Aug-2026 23:55:56 Asia/Riyadh] [QR LIB] Implicit conversion from float 11.8 to int loses precision
[09-Aug-2026 23:55:56 Asia/Riyadh] [QR LIB] Implicit conversion from float 12.2 to int loses precision
[09-Aug-2026 23:55:56 Asia/Riyadh] [QR LIB] Implicit conversion from float 12.4 to int loses precision
[09-Aug-2026 23:55:56 Asia/Riyadh] [QR LIB] Implicit conversion from float 12.6 to int loses precision
[09-Aug-2026 23:55:56 Asia/Riyadh] [QR LIB] Implicit conversion from float 12.8 to int loses precision
[09-Aug-2026 23:55:56 Asia/Riyadh] [QR LIB] Implicit conversion from float 13.2 to int loses precision
[09-Aug-2026 23:55:56 Asia/Riyadh] [QR LIB] Implicit conversion from float 13.4 to int loses precision
[09-Aug-2026 23:55:56 Asia/Riyadh] [QR LIB] Implicit conversion from float 13.6 to int loses precision
[09-Aug-2026 23:55:56 Asia/Riyadh] [QR LIB] Implicit conversion from float 13.8 to int loses precision
[09-Aug-2026 23:55:56 Asia/Riyadh] [QR LIB] Implicit conversion from float 14.2 to int loses precision
[09-Aug-2026 23:55:56 Asia/Riyadh] [QR LIB] Implicit conversion from float 14.4 to int loses precision
[09-Aug-2026 23:55:56 Asia/Riyadh] [QR LIB] Implicit conversion from float 14.6 to int loses precision
[09-Aug-2026 23:55:56 Asia/Riyadh] [QR LIB] Implicit conversion from float 14.8 to int loses precision
[09-Aug-2026 23:55:56 Asia/Riyadh] [QR LIB] Implicit conversion from float 15.2 to int loses precision
[09-Aug-2026 23:55:56 Asia/Riyadh] [QR LIB] Implicit conversion from float 15.4 to int loses precision
[09-Aug-2026 23:55:56 Asia/Riyadh] [QR LIB] Implicit conversion from float 15.6 to int loses precision
[09-Aug-2026 23:55:56 Asia/Riyadh] [QR LIB] Implicit conversion from float 15.8 to int loses precision
[09-Aug-2026 23:55:56 Asia/Riyadh] [QR LIB] Implicit conversion from float 16.2 to int loses precision
[09-Aug-2026 23:55:56 Asia/Riyadh] [QR LIB] Implicit conversion from float 16.4 to int loses precision
[09-Aug-2026 23:55:56 Asia/Riyadh] [QR LIB] Implicit conversion from float 16.6 to int loses precision
[09-Aug-2026 23:55:56 Asia/Riyadh] [QR LIB] Implicit conversion from float 16.8 to int loses precision
[09-Aug-2026 23:55:56 Asia/Riyadh] [QR LIB] Implicit conversion from float 17.2 to int loses precision
[09-Aug-2026 23:55:56 Asia/Riyadh] [QR LIB] Implicit conversion from float 17.4 to int loses precision
[09-Aug-2026 23:55:56 Asia/Riyadh] [QR LIB] Implicit conversion from float 17.6 to int loses precision
[09-Aug-2026 23:55:56 Asia/Riyadh] [QR LIB] Implicit conversion from float 17.8 to int loses precision
[09-Aug-2026 23:55:56 Asia/Riyadh] [QR LIB] Implicit conversion from float 18.2 to int loses precision
[09-Aug-2026 23:55:56 Asia/Riyadh] [QR LIB] Implicit conversion from float 18.4 to int loses precision
[09-Aug-2026 23:55:56 Asia/Riyadh] [QR LIB] Implicit conversion from float 18.6 to int loses precision
[09-Aug-2026 23:55:56 Asia/Riyadh] [QR LIB] Implicit conversion from float 18.8 to int loses precision
[09-Aug-2026 23:55:56 Asia/Riyadh] [QR LIB] Implicit conversion from float 19.2 to int loses precision
[09-Aug-2026 23:55:56 Asia/Riyadh] [QR LIB] Implicit conversion from float 19.4 to int loses precision
[09-Aug-2026 23:55:56 Asia/Riyadh] [QR LIB] Implicit conversion from float 19.6 to int loses precision
[09-Aug-2026 23:55:56 Asia/Riyadh] [QR LIB] Implicit conversion from float 19.8 to int loses precision
[09-Aug-2026 23:55:56 Asia/Riyadh] [QR LIB] Implicit conversion from float 20.2 to int loses precision
[09-Aug-2026 23:55:56 Asia/Riyadh] [QR LIB] Implicit conversion from float 20.4 to int loses precision
[09-Aug-2026 23:55:56 Asia/Riyadh] [QR LIB] Implicit conversion from float 20.6 to int loses precision
[09-Aug-2026 23:55:56 Asia/Riyadh] [QR LIB] Implicit conversion from float 20.8 to int loses precision
[09-Aug-2026 23:55:56 Asia/Riyadh] [QR LIB] Implicit conversion from float 21.2 to int loses precision
[09-Aug-2026 23:55:56 Asia/Riyadh] [QR LIB] Implicit conversion from float 21.4 to int loses precision
[09-Aug-2026 23:55:56 Asia/Riyadh] [QR LIB] Implicit conversion from float 21.6 to int loses precision
[09-Aug-2026 23:55:56 Asia/Riyadh] [QR LIB] Implicit conversion from float 21.8 to int loses precision
[09-Aug-2026 23:55:56 Asia/Riyadh] [QR LIB] Implicit conversion from float 22.2 to int loses precision
[09-Aug-2026 23:55:56 Asia/Riyadh] [QR LIB] Implicit conversion from float 22.4 to int loses precision
[09-Aug-2026 23:55:56 Asia/Riyadh] [QR LIB] Implicit conversion from float 22.6 to int loses precision
[09-Aug-2026 23:55:56 Asia/Riyadh] [QR LIB] Implicit conversion from float 22.8 to int loses precision
[09-Aug-2026 23:55:56 Asia/Riyadh] [QR LIB] Implicit conversion from float 23.2 to int loses precision
[09-Aug-2026 23:55:56 Asia/Riyadh] [QR LIB] Implicit conversion from float 23.4 to int loses precision
[09-Aug-2026 23:55:56 Asia/Riyadh] [QR LIB] Implicit conversion from float 23.6 to int loses precision
[09-Aug-2026 23:55:56 Asia/Riyadh] [QR LIB] Implicit conversion from float 23.8 to int loses precision
[09-Aug-2026 23:55:56 Asia/Riyadh] [QR LIB] Implicit conversion from float 24.2 to int loses precision
[09-Aug-2026 23:55:56 Asia/Riyadh] [QR LIB] Implicit conversion from float 24.4 to int loses precision
[09-Aug-2026 23:55:56 Asia/Riyadh] [QR LIB] Implicit conversion from float 24.6 to int loses precision
[09-Aug-2026 23:55:56 Asia/Riyadh] [QR LIB] Implicit conversion from float 24.8 to int loses precision
[09-Aug-2026 23:55:56 Asia/Riyadh] [QR LIB] Implicit conversion from float 25.2 to int loses precision
[09-Aug-2026 23:55:56 Asia/Riyadh] [QR LIB] Implicit conversion from float 25.4 to int loses precision
[09-Aug-2026 23:55:56 Asia/Riyadh] [QR LIB] Implicit conversion from float 25.6 to int loses precision
[09-Aug-2026 23:55:56 Asia/Riyadh] [QR LIB] Implicit conversion from float 25.8 to int loses precision
[09-Aug-2026 23:55:57 Asia/Riyadh] [REQ] sid=ir9mcan6klu3t63drqn7tvahn7 user=yes GET /admin/documents cookie=yes
[09-Aug-2026 23:55:57 Asia/Riyadh] [REQ] sid=ir9mcan6klu3t63drqn7tvahn7 user=yes POST /admin/documents/2/activate cookie=yes
[09-Aug-2026 23:55:57 Asia/Riyadh] [CSRF DEBUG] method=POST uri=/admin/documents/2/activate sid=ir9mcan6klu3t63drqn7tvahn7 sentlen=64 stored=8170b453becd69b6053c223df23ed4d475a4a8f353ddafaffa5c0a93446d1b97
[09-Aug-2026 23:55:57 Asia/Riyadh] [REQ] sid=ir9mcan6klu3t63drqn7tvahn7 user=yes GET /admin/documents cookie=yes
[09-Aug-2026 23:56:13 Asia/Riyadh] [REQ] sid=ir9mcan6klu3t63drqn7tvahn7 user=yes GET /verify/38af62ed0f233e0974e883cdeb72b149 cookie=yes
[09-Aug-2026 23:56:14 Asia/Riyadh] [REQ] sid=ir9mcan6klu3t63drqn7tvahn7 user=yes GET /admin/documents/2/viewer cookie=yes
[09-Aug-2026 23:56:14 Asia/Riyadh] [REQ] sid=ir9mcan6klu3t63drqn7tvahn7 user=yes GET /admin/documents/2/qr cookie=yes
[09-Aug-2026 23:56:15 Asia/Riyadh] [REQ] sid=ir9mcan6klu3t63drqn7tvahn7 user=yes GET /admin/documents/2/qr/image cookie=yes
[10-Aug-2026 00:01:29 Asia/Riyadh] [REQ] sid=jgn4qjpido9f3vg7qs8i25mv9h user=no GET /login cookie=yes
[10-Aug-2026 00:01:34 Asia/Riyadh] [REQ] sid=jgn4qjpido9f3vg7qs8i25mv9h user=no GET /login cookie=yes
[10-Aug-2026 00:03:08 Asia/Riyadh] [REQ] sid=jgn4qjpido9f3vg7qs8i25mv9h user=no POST /login cookie=yes
[10-Aug-2026 00:03:08 Asia/Riyadh] [CSRF DEBUG] method=POST uri=/login sid=jgn4qjpido9f3vg7qs8i25mv9h sentlen=64 stored=9ca0b0f480f76b992091c0b3fbe4442b2793e2021e44b0aad15da4e420d4e241
[10-Aug-2026 00:03:08 Asia/Riyadh] [REQ] sid=4sasr7jqlo3cn0f0vv1h5p1ca3 user=yes GET /admin cookie=yes
[10-Aug-2026 00:03:17 Asia/Riyadh] [REQ] sid=4sasr7jqlo3cn0f0vv1h5p1ca3 user=yes GET /admin/verifications cookie=yes
[10-Aug-2026 00:03:21 Asia/Riyadh] [REQ] sid=4sasr7jqlo3cn0f0vv1h5p1ca3 user=yes GET /admin cookie=yes
[10-Aug-2026 00:04:02 Asia/Riyadh] [REQ] sid=4sasr7jqlo3cn0f0vv1h5p1ca3 user=yes GET /admin/clients cookie=yes
[10-Aug-2026 00:04:12 Asia/Riyadh] [REQ] sid=4sasr7jqlo3cn0f0vv1h5p1ca3 user=yes GET /admin/documents cookie=yes
[10-Aug-2026 00:04:15 Asia/Riyadh] [REQ] sid=4sasr7jqlo3cn0f0vv1h5p1ca3 user=yes GET /admin/verifications cookie=yes
[10-Aug-2026 00:04:17 Asia/Riyadh] [REQ] sid=4sasr7jqlo3cn0f0vv1h5p1ca3 user=yes GET /admin/settings cookie=yes
[10-Aug-2026 00:04:23 Asia/Riyadh] [REQ] sid=4sasr7jqlo3cn0f0vv1h5p1ca3 user=yes GET /admin cookie=yes
[10-Aug-2026 00:04:38 Asia/Riyadh] [REQ] sid=4sasr7jqlo3cn0f0vv1h5p1ca3 user=yes GET /admin cookie=yes
[10-Aug-2026 00:04:51 Asia/Riyadh] [REQ] sid=4sasr7jqlo3cn0f0vv1h5p1ca3 user=yes GET /admin/documents/upload cookie=yes
[10-Aug-2026 00:05:08 Asia/Riyadh] [REQ] sid=4sasr7jqlo3cn0f0vv1h5p1ca3 user=yes GET /admin/clients cookie=yes
[10-Aug-2026 00:05:10 Asia/Riyadh] [REQ] sid=4sasr7jqlo3cn0f0vv1h5p1ca3 user=yes GET /admin/clients/create cookie=yes
[10-Aug-2026 00:05:30 Asia/Riyadh] [REQ] sid=4sasr7jqlo3cn0f0vv1h5p1ca3 user=yes POST /admin/clients/store cookie=yes
[10-Aug-2026 00:05:30 Asia/Riyadh] [CSRF DEBUG] method=POST uri=/admin/clients/store sid=4sasr7jqlo3cn0f0vv1h5p1ca3 sentlen=64 stored=9ca0b0f480f76b992091c0b3fbe4442b2793e2021e44b0aad15da4e420d4e241
[10-Aug-2026 00:05:30 Asia/Riyadh] [REQ] sid=4sasr7jqlo3cn0f0vv1h5p1ca3 user=yes GET /admin/clients cookie=yes
[10-Aug-2026 00:05:32 Asia/Riyadh] [REQ] sid=4sasr7jqlo3cn0f0vv1h5p1ca3 user=yes GET /admin cookie=yes
[10-Aug-2026 00:05:33 Asia/Riyadh] [REQ] sid=4sasr7jqlo3cn0f0vv1h5p1ca3 user=yes GET /admin/documents/upload cookie=yes
[10-Aug-2026 00:05:42 Asia/Riyadh] [REQ] sid=4sasr7jqlo3cn0f0vv1h5p1ca3 user=yes POST /admin/documents/store cookie=yes
[10-Aug-2026 00:05:42 Asia/Riyadh] [CSRF DEBUG] method=POST uri=/admin/documents/store sid=4sasr7jqlo3cn0f0vv1h5p1ca3 sentlen=64 stored=9ca0b0f480f76b992091c0b3fbe4442b2793e2021e44b0aad15da4e420d4e241
[10-Aug-2026 00:05:42 Asia/Riyadh] PHP Deprecated:  Optional parameter $filename declared before required parameter $fore_color is implicitly treated as a required parameter in D:\client1\vendor\phpqrcode\qrimage.php on line 30
[10-Aug-2026 00:05:42 Asia/Riyadh] PHP Deprecated:  Optional parameter $pixelPerPoint declared before required parameter $fore_color is implicitly treated as a required parameter in D:\client1\vendor\phpqrcode\qrimage.php on line 30
[10-Aug-2026 00:05:42 Asia/Riyadh] PHP Deprecated:  Optional parameter $outerFrame declared before required parameter $fore_color is implicitly treated as a required parameter in D:\client1\vendor\phpqrcode\qrimage.php on line 30
[10-Aug-2026 00:05:42 Asia/Riyadh] PHP Deprecated:  Optional parameter $saveandprint declared before required parameter $fore_color is implicitly treated as a required parameter in D:\client1\vendor\phpqrcode\qrimage.php on line 30
[10-Aug-2026 00:05:42 Asia/Riyadh] PHP Deprecated:  Optional parameter $filename declared before required parameter $fore_color is implicitly treated as a required parameter in D:\client1\vendor\phpqrcode\qrvect.php on line 140
[10-Aug-2026 00:05:42 Asia/Riyadh] PHP Deprecated:  Optional parameter $pixelPerPoint declared before required parameter $fore_color is implicitly treated as a required parameter in D:\client1\vendor\phpqrcode\qrvect.php on line 140
[10-Aug-2026 00:05:42 Asia/Riyadh] PHP Deprecated:  Optional parameter $outerFrame declared before required parameter $fore_color is implicitly treated as a required parameter in D:\client1\vendor\phpqrcode\qrvect.php on line 140
[10-Aug-2026 00:05:42 Asia/Riyadh] PHP Deprecated:  Optional parameter $saveandprint declared before required parameter $fore_color is implicitly treated as a required parameter in D:\client1\vendor\phpqrcode\qrvect.php on line 140
[10-Aug-2026 00:05:42 Asia/Riyadh] [QR LIB] Creation of dynamic property QRencode::$cmyk is deprecated
[10-Aug-2026 00:05:42 Asia/Riyadh] [QR LIB] Implicit conversion from float 0.2 to int loses precision
[10-Aug-2026 00:05:42 Asia/Riyadh] [QR LIB] Implicit conversion from float 0.4 to int loses precision
[10-Aug-2026 00:05:42 Asia/Riyadh] [QR LIB] Implicit conversion from float 0.6 to int loses precision
[10-Aug-2026 00:05:42 Asia/Riyadh] [QR LIB] Implicit conversion from float 0.8 to int loses precision
[10-Aug-2026 00:05:42 Asia/Riyadh] [QR LIB] Implicit conversion from float 1.2 to int loses precision
[10-Aug-2026 00:05:42 Asia/Riyadh] [QR LIB] Implicit conversion from float 1.4 to int loses precision
[10-Aug-2026 00:05:42 Asia/Riyadh] [QR LIB] Implicit conversion from float 1.6 to int loses precision
[10-Aug-2026 00:05:42 Asia/Riyadh] [QR LIB] Implicit conversion from float 1.8 to int loses precision
[10-Aug-2026 00:05:42 Asia/Riyadh] [QR LIB] Implicit conversion from float 2.2 to int loses precision
[10-Aug-2026 00:05:42 Asia/Riyadh] [QR LIB] Implicit conversion from float 2.4 to int loses precision
[10-Aug-2026 00:05:42 Asia/Riyadh] [QR LIB] Implicit conversion from float 2.6 to int loses precision
[10-Aug-2026 00:05:42 Asia/Riyadh] [QR LIB] Implicit conversion from float 2.8 to int loses precision
[10-Aug-2026 00:05:42 Asia/Riyadh] [QR LIB] Implicit conversion from float 3.2 to int loses precision
[10-Aug-2026 00:05:42 Asia/Riyadh] [QR LIB] Implicit conversion from float 3.4 to int loses precision
[10-Aug-2026 00:05:42 Asia/Riyadh] [QR LIB] Implicit conversion from float 3.6 to int loses precision
[10-Aug-2026 00:05:42 Asia/Riyadh] [QR LIB] Implicit conversion from float 3.8 to int loses precision
[10-Aug-2026 00:05:42 Asia/Riyadh] [QR LIB] Implicit conversion from float 4.2 to int loses precision
[10-Aug-2026 00:05:42 Asia/Riyadh] [QR LIB] Implicit conversion from float 4.4 to int loses precision
[10-Aug-2026 00:05:42 Asia/Riyadh] [QR LIB] Implicit conversion from float 4.6 to int loses precision
[10-Aug-2026 00:05:42 Asia/Riyadh] [QR LIB] Implicit conversion from float 4.8 to int loses precision
[10-Aug-2026 00:05:42 Asia/Riyadh] [QR LIB] Implicit conversion from float 5.2 to int loses precision
[10-Aug-2026 00:05:42 Asia/Riyadh] [QR LIB] Implicit conversion from float 5.4 to int loses precision
[10-Aug-2026 00:05:42 Asia/Riyadh] [QR LIB] Implicit conversion from float 5.6 to int loses precision
[10-Aug-2026 00:05:42 Asia/Riyadh] [QR LIB] Implicit conversion from float 5.8 to int loses precision
[10-Aug-2026 00:05:42 Asia/Riyadh] [QR LIB] Implicit conversion from float 6.2 to int loses precision
[10-Aug-2026 00:05:42 Asia/Riyadh] [QR LIB] Implicit conversion from float 6.4 to int loses precision
[10-Aug-2026 00:05:42 Asia/Riyadh] [QR LIB] Implicit conversion from float 6.6 to int loses precision
[10-Aug-2026 00:05:42 Asia/Riyadh] [QR LIB] Implicit conversion from float 6.8 to int loses precision
[10-Aug-2026 00:05:42 Asia/Riyadh] [QR LIB] Implicit conversion from float 7.2 to int loses precision
[10-Aug-2026 00:05:42 Asia/Riyadh] [QR LIB] Implicit conversion from float 7.4 to int loses precision
[10-Aug-2026 00:05:42 Asia/Riyadh] [QR LIB] Implicit conversion from float 7.6 to int loses precision
[10-Aug-2026 00:05:42 Asia/Riyadh] [QR LIB] Implicit conversion from float 7.8 to int loses precision
[10-Aug-2026 00:05:42 Asia/Riyadh] [QR LIB] Implicit conversion from float 8.2 to int loses precision
[10-Aug-2026 00:05:42 Asia/Riyadh] [QR LIB] Implicit conversion from float 8.4 to int loses precision
[10-Aug-2026 00:05:42 Asia/Riyadh] [QR LIB] Implicit conversion from float 8.6 to int loses precision
[10-Aug-2026 00:05:42 Asia/Riyadh] [QR LIB] Implicit conversion from float 8.8 to int loses precision
[10-Aug-2026 00:05:42 Asia/Riyadh] [QR LIB] Implicit conversion from float 9.2 to int loses precision
[10-Aug-2026 00:05:42 Asia/Riyadh] [QR LIB] Implicit conversion from float 9.4 to int loses precision
[10-Aug-2026 00:05:42 Asia/Riyadh] [QR LIB] Implicit conversion from float 9.6 to int loses precision
[10-Aug-2026 00:05:42 Asia/Riyadh] [QR LIB] Implicit conversion from float 9.8 to int loses precision
[10-Aug-2026 00:05:42 Asia/Riyadh] [QR LIB] Implicit conversion from float 10.2 to int loses precision
[10-Aug-2026 00:05:42 Asia/Riyadh] [QR LIB] Implicit conversion from float 10.4 to int loses precision
[10-Aug-2026 00:05:42 Asia/Riyadh] [QR LIB] Implicit conversion from float 10.6 to int loses precision
[10-Aug-2026 00:05:42 Asia/Riyadh] [QR LIB] Implicit conversion from float 10.8 to int loses precision
[10-Aug-2026 00:05:42 Asia/Riyadh] [QR LIB] Implicit conversion from float 11.2 to int loses precision
[10-Aug-2026 00:05:42 Asia/Riyadh] [QR LIB] Implicit conversion from float 11.4 to int loses precision
[10-Aug-2026 00:05:42 Asia/Riyadh] [QR LIB] Implicit conversion from float 11.6 to int loses precision
[10-Aug-2026 00:05:42 Asia/Riyadh] [QR LIB] Implicit conversion from float 11.8 to int loses precision
[10-Aug-2026 00:05:42 Asia/Riyadh] [QR LIB] Implicit conversion from float 12.2 to int loses precision
[10-Aug-2026 00:05:42 Asia/Riyadh] [QR LIB] Implicit conversion from float 12.4 to int loses precision
[10-Aug-2026 00:05:42 Asia/Riyadh] [QR LIB] Implicit conversion from float 12.6 to int loses precision
[10-Aug-2026 00:05:42 Asia/Riyadh] [QR LIB] Implicit conversion from float 12.8 to int loses precision
[10-Aug-2026 00:05:42 Asia/Riyadh] [QR LIB] Implicit conversion from float 0.2 to int loses precision
[10-Aug-2026 00:05:42 Asia/Riyadh] [QR LIB] Implicit conversion from float 0.4 to int loses precision
[10-Aug-2026 00:05:42 Asia/Riyadh] [QR LIB] Implicit conversion from float 0.6 to int loses precision
[10-Aug-2026 00:05:42 Asia/Riyadh] [QR LIB] Implicit conversion from float 0.8 to int loses precision
[10-Aug-2026 00:05:42 Asia/Riyadh] [QR LIB] Implicit conversion from float 1.2 to int loses precision
[10-Aug-2026 00:05:42 Asia/Riyadh] [QR LIB] Implicit conversion from float 1.4 to int loses precision
[10-Aug-2026 00:05:42 Asia/Riyadh] [QR LIB] Implicit conversion from float 1.6 to int loses precision
[10-Aug-2026 00:05:42 Asia/Riyadh] [QR LIB] Implicit conversion from float 1.8 to int loses precision
[10-Aug-2026 00:05:42 Asia/Riyadh] [QR LIB] Implicit conversion from float 2.2 to int loses precision
[10-Aug-2026 00:05:42 Asia/Riyadh] [QR LIB] Implicit conversion from float 2.4 to int loses precision
[10-Aug-2026 00:05:42 Asia/Riyadh] [QR LIB] Implicit conversion from float 2.6 to int loses precision
[10-Aug-2026 00:05:42 Asia/Riyadh] [QR LIB] Implicit conversion from float 2.8 to int loses precision
[10-Aug-2026 00:05:42 Asia/Riyadh] [QR LIB] Implicit conversion from float 3.2 to int loses precision
[10-Aug-2026 00:05:42 Asia/Riyadh] [QR LIB] Implicit conversion from float 3.4 to int loses precision
[10-Aug-2026 00:05:42 Asia/Riyadh] [QR LIB] Implicit conversion from float 3.6 to int loses precision
[10-Aug-2026 00:05:42 Asia/Riyadh] [QR LIB] Implicit conversion from float 3.8 to int loses precision
[10-Aug-2026 00:05:42 Asia/Riyadh] [QR LIB] Implicit conversion from float 4.2 to int loses precision
[10-Aug-2026 00:05:42 Asia/Riyadh] [QR LIB] Implicit conversion from float 4.4 to int loses precision
[10-Aug-2026 00:05:42 Asia/Riyadh] [QR LIB] Implicit conversion from float 4.6 to int loses precision
[10-Aug-2026 00:05:42 Asia/Riyadh] [QR LIB] Implicit conversion from float 4.8 to int loses precision
[10-Aug-2026 00:05:42 Asia/Riyadh] [QR LIB] Implicit conversion from float 5.2 to int loses precision
[10-Aug-2026 00:05:42 Asia/Riyadh] [QR LIB] Implicit conversion from float 5.4 to int loses precision
[10-Aug-2026 00:05:42 Asia/Riyadh] [QR LIB] Implicit conversion from float 5.6 to int loses precision
[10-Aug-2026 00:05:42 Asia/Riyadh] [QR LIB] Implicit conversion from float 5.8 to int loses precision
[10-Aug-2026 00:05:42 Asia/Riyadh] [QR LIB] Implicit conversion from float 6.2 to int loses precision
[10-Aug-2026 00:05:42 Asia/Riyadh] [QR LIB] Implicit conversion from float 6.4 to int loses precision
[10-Aug-2026 00:05:42 Asia/Riyadh] [QR LIB] Implicit conversion from float 6.6 to int loses precision
[10-Aug-2026 00:05:42 Asia/Riyadh] [QR LIB] Implicit conversion from float 6.8 to int loses precision
[10-Aug-2026 00:05:42 Asia/Riyadh] [QR LIB] Implicit conversion from float 7.2 to int loses precision
[10-Aug-2026 00:05:42 Asia/Riyadh] [QR LIB] Implicit conversion from float 7.4 to int loses precision
[10-Aug-2026 00:05:42 Asia/Riyadh] [QR LIB] Implicit conversion from float 7.6 to int loses precision
[10-Aug-2026 00:05:42 Asia/Riyadh] [QR LIB] Implicit conversion from float 7.8 to int loses precision
[10-Aug-2026 00:05:42 Asia/Riyadh] [QR LIB] Implicit conversion from float 8.2 to int loses precision
[10-Aug-2026 00:05:42 Asia/Riyadh] [QR LIB] Implicit conversion from float 8.4 to int loses precision
[10-Aug-2026 00:05:42 Asia/Riyadh] [QR LIB] Implicit conversion from float 8.6 to int loses precision
[10-Aug-2026 00:05:42 Asia/Riyadh] [QR LIB] Implicit conversion from float 8.8 to int loses precision
[10-Aug-2026 00:05:42 Asia/Riyadh] [QR LIB] Implicit conversion from float 9.2 to int loses precision
[10-Aug-2026 00:05:42 Asia/Riyadh] [QR LIB] Implicit conversion from float 9.4 to int loses precision
[10-Aug-2026 00:05:42 Asia/Riyadh] [QR LIB] Implicit conversion from float 9.6 to int loses precision
[10-Aug-2026 00:05:42 Asia/Riyadh] [QR LIB] Implicit conversion from float 9.8 to int loses precision
[10-Aug-2026 00:05:42 Asia/Riyadh] [QR LIB] Implicit conversion from float 10.2 to int loses precision
[10-Aug-2026 00:05:42 Asia/Riyadh] [QR LIB] Implicit conversion from float 10.4 to int loses precision
[10-Aug-2026 00:05:42 Asia/Riyadh] [QR LIB] Implicit conversion from float 10.6 to int loses precision
[10-Aug-2026 00:05:42 Asia/Riyadh] [QR LIB] Implicit conversion from float 10.8 to int loses precision
[10-Aug-2026 00:05:42 Asia/Riyadh] [QR LIB] Implicit conversion from float 11.2 to int loses precision
[10-Aug-2026 00:05:42 Asia/Riyadh] [QR LIB] Implicit conversion from float 11.4 to int loses precision
[10-Aug-2026 00:05:42 Asia/Riyadh] [QR LIB] Implicit conversion from float 11.6 to int loses precision
[10-Aug-2026 00:05:42 Asia/Riyadh] [QR LIB] Implicit conversion from float 11.8 to int loses precision
[10-Aug-2026 00:05:42 Asia/Riyadh] [QR LIB] Implicit conversion from float 12.2 to int loses precision
[10-Aug-2026 00:05:42 Asia/Riyadh] [QR LIB] Implicit conversion from float 12.4 to int loses precision
[10-Aug-2026 00:05:42 Asia/Riyadh] [QR LIB] Implicit conversion from float 12.6 to int loses precision
[10-Aug-2026 00:05:42 Asia/Riyadh] [QR LIB] Implicit conversion from float 12.8 to int loses precision
[10-Aug-2026 00:05:42 Asia/Riyadh] [QR LIB] Implicit conversion from float 13.2 to int loses precision
[10-Aug-2026 00:05:42 Asia/Riyadh] [QR LIB] Implicit conversion from float 13.4 to int loses precision
[10-Aug-2026 00:05:42 Asia/Riyadh] [QR LIB] Implicit conversion from float 13.6 to int loses precision
[10-Aug-2026 00:05:42 Asia/Riyadh] [QR LIB] Implicit conversion from float 13.8 to int loses precision
[10-Aug-2026 00:05:42 Asia/Riyadh] [QR LIB] Implicit conversion from float 14.2 to int loses precision
[10-Aug-2026 00:05:42 Asia/Riyadh] [QR LIB] Implicit conversion from float 14.4 to int loses precision
[10-Aug-2026 00:05:42 Asia/Riyadh] [QR LIB] Implicit conversion from float 14.6 to int loses precision
[10-Aug-2026 00:05:42 Asia/Riyadh] [QR LIB] Implicit conversion from float 14.8 to int loses precision
[10-Aug-2026 00:05:42 Asia/Riyadh] [QR LIB] Implicit conversion from float 15.2 to int loses precision
[10-Aug-2026 00:05:42 Asia/Riyadh] [QR LIB] Implicit conversion from float 15.4 to int loses precision
[10-Aug-2026 00:05:42 Asia/Riyadh] [QR LIB] Implicit conversion from float 15.6 to int loses precision
[10-Aug-2026 00:05:42 Asia/Riyadh] [QR LIB] Implicit conversion from float 15.8 to int loses precision
[10-Aug-2026 00:05:42 Asia/Riyadh] [QR LIB] Implicit conversion from float 16.2 to int loses precision
[10-Aug-2026 00:05:42 Asia/Riyadh] [QR LIB] Implicit conversion from float 16.4 to int loses precision
[10-Aug-2026 00:05:42 Asia/Riyadh] [QR LIB] Implicit conversion from float 16.6 to int loses precision
[10-Aug-2026 00:05:42 Asia/Riyadh] [QR LIB] Implicit conversion from float 16.8 to int loses precision
[10-Aug-2026 00:05:42 Asia/Riyadh] [QR LIB] Implicit conversion from float 17.2 to int loses precision
[10-Aug-2026 00:05:42 Asia/Riyadh] [QR LIB] Implicit conversion from float 17.4 to int loses precision
[10-Aug-2026 00:05:42 Asia/Riyadh] [QR LIB] Implicit conversion from float 17.6 to int loses precision
[10-Aug-2026 00:05:42 Asia/Riyadh] [QR LIB] Implicit conversion from float 17.8 to int loses precision
[10-Aug-2026 00:05:42 Asia/Riyadh] [QR LIB] Implicit conversion from float 18.2 to int loses precision
[10-Aug-2026 00:05:42 Asia/Riyadh] [QR LIB] Implicit conversion from float 18.4 to int loses precision
[10-Aug-2026 00:05:42 Asia/Riyadh] [QR LIB] Implicit conversion from float 18.6 to int loses precision
[10-Aug-2026 00:05:42 Asia/Riyadh] [QR LIB] Implicit conversion from float 18.8 to int loses precision
[10-Aug-2026 00:05:42 Asia/Riyadh] [QR LIB] Implicit conversion from float 19.2 to int loses precision
[10-Aug-2026 00:05:42 Asia/Riyadh] [QR LIB] Implicit conversion from float 19.4 to int loses precision
[10-Aug-2026 00:05:42 Asia/Riyadh] [QR LIB] Implicit conversion from float 19.6 to int loses precision
[10-Aug-2026 00:05:42 Asia/Riyadh] [QR LIB] Implicit conversion from float 19.8 to int loses precision
[10-Aug-2026 00:05:42 Asia/Riyadh] [QR LIB] Implicit conversion from float 20.2 to int loses precision
[10-Aug-2026 00:05:42 Asia/Riyadh] [QR LIB] Implicit conversion from float 20.4 to int loses precision
[10-Aug-2026 00:05:42 Asia/Riyadh] [QR LIB] Implicit conversion from float 20.6 to int loses precision
[10-Aug-2026 00:05:42 Asia/Riyadh] [QR LIB] Implicit conversion from float 20.8 to int loses precision
[10-Aug-2026 00:05:42 Asia/Riyadh] [QR LIB] Implicit conversion from float 21.2 to int loses precision
[10-Aug-2026 00:05:42 Asia/Riyadh] [QR LIB] Implicit conversion from float 21.4 to int loses precision
[10-Aug-2026 00:05:42 Asia/Riyadh] [QR LIB] Implicit conversion from float 21.6 to int loses precision
[10-Aug-2026 00:05:42 Asia/Riyadh] [QR LIB] Implicit conversion from float 21.8 to int loses precision
[10-Aug-2026 00:05:42 Asia/Riyadh] [QR LIB] Implicit conversion from float 22.2 to int loses precision
[10-Aug-2026 00:05:42 Asia/Riyadh] [QR LIB] Implicit conversion from float 22.4 to int loses precision
[10-Aug-2026 00:05:42 Asia/Riyadh] [QR LIB] Implicit conversion from float 22.6 to int loses precision
[10-Aug-2026 00:05:42 Asia/Riyadh] [QR LIB] Implicit conversion from float 22.8 to int loses precision
[10-Aug-2026 00:05:42 Asia/Riyadh] [QR LIB] Implicit conversion from float 23.2 to int loses precision
[10-Aug-2026 00:05:42 Asia/Riyadh] [QR LIB] Implicit conversion from float 23.4 to int loses precision
[10-Aug-2026 00:05:42 Asia/Riyadh] [QR LIB] Implicit conversion from float 23.6 to int loses precision
[10-Aug-2026 00:05:42 Asia/Riyadh] [QR LIB] Implicit conversion from float 23.8 to int loses precision
[10-Aug-2026 00:05:42 Asia/Riyadh] [QR LIB] Implicit conversion from float 24.2 to int loses precision
[10-Aug-2026 00:05:42 Asia/Riyadh] [QR LIB] Implicit conversion from float 24.4 to int loses precision
[10-Aug-2026 00:05:42 Asia/Riyadh] [QR LIB] Implicit conversion from float 24.6 to int loses precision
[10-Aug-2026 00:05:42 Asia/Riyadh] [QR LIB] Implicit conversion from float 24.8 to int loses precision
[10-Aug-2026 00:05:42 Asia/Riyadh] [QR LIB] Implicit conversion from float 25.2 to int loses precision
[10-Aug-2026 00:05:42 Asia/Riyadh] [QR LIB] Implicit conversion from float 25.4 to int loses precision
[10-Aug-2026 00:05:42 Asia/Riyadh] [QR LIB] Implicit conversion from float 25.6 to int loses precision
[10-Aug-2026 00:05:42 Asia/Riyadh] [QR LIB] Implicit conversion from float 25.8 to int loses precision
[10-Aug-2026 00:05:42 Asia/Riyadh] [REQ] sid=4sasr7jqlo3cn0f0vv1h5p1ca3 user=yes GET /admin/documents cookie=yes
[10-Aug-2026 00:05:52 Asia/Riyadh] [REQ] sid=4sasr7jqlo3cn0f0vv1h5p1ca3 user=yes GET /admin/documents/3/qr cookie=yes
[10-Aug-2026 00:05:52 Asia/Riyadh] [REQ] sid=4sasr7jqlo3cn0f0vv1h5p1ca3 user=yes GET /admin/documents/3/qr/image cookie=yes
[10-Aug-2026 00:06:21 Asia/Riyadh] [REQ] sid=4sasr7jqlo3cn0f0vv1h5p1ca3 user=yes GET /admin/change-password cookie=yes
[10-Aug-2026 00:06:27 Asia/Riyadh] [REQ] sid=4sasr7jqlo3cn0f0vv1h5p1ca3 user=yes GET /admin/documents cookie=yes
[10-Aug-2026 00:06:31 Asia/Riyadh] [REQ] sid=4sasr7jqlo3cn0f0vv1h5p1ca3 user=yes GET /admin/documents/3/qr cookie=yes
[10-Aug-2026 00:06:31 Asia/Riyadh] [REQ] sid=4sasr7jqlo3cn0f0vv1h5p1ca3 user=yes GET /admin/documents/3/qr/image cookie=yes
[10-Aug-2026 00:06:48 Asia/Riyadh] [REQ] sid=4sasr7jqlo3cn0f0vv1h5p1ca3 user=yes GET /verify/76ff3e6e1f6da3789c37496ba3b828e9 cookie=yes
[10-Aug-2026 00:07:04 Asia/Riyadh] [REQ] sid=4sasr7jqlo3cn0f0vv1h5p1ca3 user=yes POST /admin/documents/3/activate cookie=yes
[10-Aug-2026 00:07:04 Asia/Riyadh] [CSRF DEBUG] method=POST uri=/admin/documents/3/activate sid=4sasr7jqlo3cn0f0vv1h5p1ca3 sentlen=64 stored=9ca0b0f480f76b992091c0b3fbe4442b2793e2021e44b0aad15da4e420d4e241
[10-Aug-2026 00:07:04 Asia/Riyadh] [REQ] sid=4sasr7jqlo3cn0f0vv1h5p1ca3 user=yes GET /admin/documents cookie=yes
[10-Aug-2026 00:07:07 Asia/Riyadh] [REQ] sid=4sasr7jqlo3cn0f0vv1h5p1ca3 user=yes GET /admin/documents/3/qr cookie=yes
[10-Aug-2026 00:07:07 Asia/Riyadh] [REQ] sid=4sasr7jqlo3cn0f0vv1h5p1ca3 user=yes GET /admin/documents/3/qr/image cookie=yes
[10-Aug-2026 00:07:25 Asia/Riyadh] [REQ] sid=4sasr7jqlo3cn0f0vv1h5p1ca3 user=yes GET /verify/76ff3e6e1f6da3789c37496ba3b828e9 cookie=yes
[10-Aug-2026 00:07:25 Asia/Riyadh] [REQ] sid=4sasr7jqlo3cn0f0vv1h5p1ca3 user=yes GET /verify/76ff3e6e1f6da3789c37496ba3b828e9/file cookie=yes
[10-Aug-2026 00:08:33 Asia/Riyadh] [REQ] sid=4sasr7jqlo3cn0f0vv1h5p1ca3 user=yes GET /admin cookie=yes
[10-Aug-2026 00:08:44 Asia/Riyadh] [REQ] sid=4sasr7jqlo3cn0f0vv1h5p1ca3 user=yes GET /admin/clients cookie=yes
[10-Aug-2026 00:08:52 Asia/Riyadh] [REQ] sid=4sasr7jqlo3cn0f0vv1h5p1ca3 user=yes GET /admin/documents cookie=yes
[10-Aug-2026 00:09:03 Asia/Riyadh] [REQ] sid=4sasr7jqlo3cn0f0vv1h5p1ca3 user=yes GET /admin/verifications cookie=yes
[10-Aug-2026 00:09:11 Asia/Riyadh] [REQ] sid=4sasr7jqlo3cn0f0vv1h5p1ca3 user=yes GET /admin/settings cookie=yes
[10-Aug-2026 00:09:25 Asia/Riyadh] [REQ] sid=4sasr7jqlo3cn0f0vv1h5p1ca3 user=yes POST /admin/settings cookie=yes
[10-Aug-2026 00:09:25 Asia/Riyadh] [CSRF DEBUG] method=POST uri=/admin/settings sid=4sasr7jqlo3cn0f0vv1h5p1ca3 sentlen=64 stored=9ca0b0f480f76b992091c0b3fbe4442b2793e2021e44b0aad15da4e420d4e241
[10-Aug-2026 00:09:25 Asia/Riyadh] [REQ] sid=4sasr7jqlo3cn0f0vv1h5p1ca3 user=yes GET /admin/settings cookie=yes
[10-Aug-2026 00:09:33 Asia/Riyadh] [REQ] sid=4sasr7jqlo3cn0f0vv1h5p1ca3 user=yes GET /admin cookie=yes
[10-Aug-2026 00:10:25 Asia/Riyadh] [REQ] sid=4sasr7jqlo3cn0f0vv1h5p1ca3 user=yes GET /admin/change-password cookie=yes
[10-Aug-2026 00:10:28 Asia/Riyadh] [REQ] sid=4sasr7jqlo3cn0f0vv1h5p1ca3 user=yes GET /admin/settings cookie=yes
[10-Aug-2026 00:10:40 Asia/Riyadh] [REQ] sid=4sasr7jqlo3cn0f0vv1h5p1ca3 user=yes POST /admin/settings cookie=yes
[10-Aug-2026 00:10:40 Asia/Riyadh] [CSRF DEBUG] method=POST uri=/admin/settings sid=4sasr7jqlo3cn0f0vv1h5p1ca3 sentlen=64 stored=9ca0b0f480f76b992091c0b3fbe4442b2793e2021e44b0aad15da4e420d4e241
[10-Aug-2026 00:10:40 Asia/Riyadh] [REQ] sid=4sasr7jqlo3cn0f0vv1h5p1ca3 user=yes GET /admin/settings cookie=yes
[10-Aug-2026 00:33:07 Asia/Riyadh] [REQ] sid=4sasr7jqlo3cn0f0vv1h5p1ca3 user=yes GET /admin cookie=yes
[10-Aug-2026 00:33:21 Asia/Riyadh] [REQ] sid=4sasr7jqlo3cn0f0vv1h5p1ca3 user=yes GET /.well-known/appspecific/com.chrome.devtools.json cookie=yes
[10-Aug-2026 00:33:22 Asia/Riyadh] [REQ] sid=4sasr7jqlo3cn0f0vv1h5p1ca3 user=yes GET /assets/vendor/bootstrap/bootstrap.bundle.min.js.map cookie=yes
[10-Aug-2026 00:33:22 Asia/Riyadh] [REQ] sid=4sasr7jqlo3cn0f0vv1h5p1ca3 user=yes GET /assets/vendor/chartjs/chart.umd.js.map cookie=yes
[10-Aug-2026 00:33:22 Asia/Riyadh] [REQ] sid=4sasr7jqlo3cn0f0vv1h5p1ca3 user=yes GET /assets/vendor/bootstrap/bootstrap.rtl.min.css.map cookie=yes
[10-Aug-2026 01:31:40 Asia/Riyadh] [REQ] sid=dqva85kjnv25bv6blcomtv2039 user=no GET /admin/documents cookie=yes
[10-Aug-2026 01:31:40 Asia/Riyadh] [REQ] sid=dqva85kjnv25bv6blcomtv2039 user=no GET /login cookie=yes
[10-Aug-2026 01:31:51 Asia/Riyadh] [REQ] sid=dqva85kjnv25bv6blcomtv2039 user=no POST /login cookie=yes
[10-Aug-2026 01:31:51 Asia/Riyadh] [CSRF DEBUG] method=POST uri=/login sid=dqva85kjnv25bv6blcomtv2039 sentlen=64 stored=6ee40d4dc803f66923622fa64f93cbb4017e9d8a47938ca80010076e6e4f63a3
[10-Aug-2026 01:31:51 Asia/Riyadh] [REQ] sid=lrpg2mma1uhqqkkvetdf99om57 user=yes GET /admin/documents cookie=yes
[10-Aug-2026 01:31:56 Asia/Riyadh] [REQ] sid=lrpg2mma1uhqqkkvetdf99om57 user=yes GET /admin/change-password cookie=yes
[10-Aug-2026 01:32:02 Asia/Riyadh] [REQ] sid=lrpg2mma1uhqqkkvetdf99om57 user=yes GET /admin cookie=yes
[10-Aug-2026 01:32:09 Asia/Riyadh] [REQ] sid=lrpg2mma1uhqqkkvetdf99om57 user=yes GET /admin/clients cookie=yes
[10-Aug-2026 01:32:11 Asia/Riyadh] [REQ] sid=lrpg2mma1uhqqkkvetdf99om57 user=yes GET /admin/documents cookie=yes
[10-Aug-2026 01:32:17 Asia/Riyadh] [REQ] sid=lrpg2mma1uhqqkkvetdf99om57 user=yes POST /admin/documents/2/disable cookie=yes
[10-Aug-2026 01:32:17 Asia/Riyadh] [CSRF DEBUG] method=POST uri=/admin/documents/2/disable sid=lrpg2mma1uhqqkkvetdf99om57 sentlen=64 stored=6ee40d4dc803f66923622fa64f93cbb4017e9d8a47938ca80010076e6e4f63a3
[10-Aug-2026 01:32:17 Asia/Riyadh] [REQ] sid=lrpg2mma1uhqqkkvetdf99om57 user=yes GET /admin/documents cookie=yes
[10-Aug-2026 01:32:22 Asia/Riyadh] [REQ] sid=lrpg2mma1uhqqkkvetdf99om57 user=yes POST /admin/documents/3/disable cookie=yes
[10-Aug-2026 01:32:22 Asia/Riyadh] [CSRF DEBUG] method=POST uri=/admin/documents/3/disable sid=lrpg2mma1uhqqkkvetdf99om57 sentlen=64 stored=6ee40d4dc803f66923622fa64f93cbb4017e9d8a47938ca80010076e6e4f63a3
[10-Aug-2026 01:32:22 Asia/Riyadh] [REQ] sid=lrpg2mma1uhqqkkvetdf99om57 user=yes GET /admin/documents cookie=yes
[10-Aug-2026 01:32:24 Asia/Riyadh] [REQ] sid=lrpg2mma1uhqqkkvetdf99om57 user=yes GET /admin cookie=yes
[10-Aug-2026 01:35:53 Asia/Riyadh] [REQ] sid=u3u3fhm9gh82q9d4jl9dk9nuf8 user=no GET / cookie=no
[10-Aug-2026 01:35:53 Asia/Riyadh] [REQ] sid=u3u3fhm9gh82q9d4jl9dk9nuf8 user=no GET /login cookie=yes
[10-Aug-2026 01:36:07 Asia/Riyadh] [REQ] sid=7a3tdphkekkt4k514u0usu3f1r user=no GET /login cookie=no
[10-Aug-2026 01:36:07 Asia/Riyadh] [REQ] sid=7a3tdphkekkt4k514u0usu3f1r user=no POST /login cookie=yes
[10-Aug-2026 01:36:07 Asia/Riyadh] [CSRF DEBUG] method=POST uri=/login sid=7a3tdphkekkt4k514u0usu3f1r sentlen=0 stored=c478937fa626590845108ae4d02f1f8ed926e61f695493ca2afc72a77a6a1929
[10-Aug-2026 01:36:18 Asia/Riyadh] [REQ] sid=9br724dehvflpm5l30eukn3r2u user=no GET /login cookie=no
[10-Aug-2026 01:36:18 Asia/Riyadh] [REQ] sid=9br724dehvflpm5l30eukn3r2u user=no POST /login cookie=yes
[10-Aug-2026 01:36:18 Asia/Riyadh] [CSRF DEBUG] method=POST uri=/login sid=9br724dehvflpm5l30eukn3r2u sentlen=64 stored=09a77c96792984120a44573facd6c9cdf16ddc254e381d58c3828c2ff5b2f40e
[10-Aug-2026 01:36:18 Asia/Riyadh] [REQ] sid=9br724dehvflpm5l30eukn3r2u user=no GET /admin cookie=yes
[10-Aug-2026 01:37:13 Asia/Riyadh] [REQ] sid=ktpjvfn7g16foma0dv1m1mg5ha user=no GET /login cookie=no
[10-Aug-2026 01:37:13 Asia/Riyadh] [REQ] sid=ktpjvfn7g16foma0dv1m1mg5ha user=no POST /login cookie=yes
[10-Aug-2026 01:37:13 Asia/Riyadh] [CSRF DEBUG] method=POST uri=/login sid=ktpjvfn7g16foma0dv1m1mg5ha sentlen=64 stored=287beaa698e628e478568e03c381aa08698b4826cd54bdfc2eeca33aca52aa26
[10-Aug-2026 01:37:13 Asia/Riyadh] [REQ] sid=spbsflma6brqgml29uqfftmt0c user=yes GET /admin cookie=yes
[10-Aug-2026 01:37:13 Asia/Riyadh] [REQ] sid=spbsflma6brqgml29uqfftmt0c user=yes GET /admin cookie=yes
[10-Aug-2026 01:37:26 Asia/Riyadh] [REQ] sid=62s96iivhogph9bm3s9dk6rtkl user=no GET /assets/vendor/bootstrap-icons/fonts/bootstrap-icons.woff?dd67030699838ea613ee6dbda90effa6 cookie=no
[10-Aug-2026 01:37:49 Asia/Riyadh] [REQ] sid=8umkr1dvhhr7s1tl69nsmqn40q user=no GET /assets/vendor/bootstrap-icons/fonts/bootstrap-icons.woff?dd67030699838ea613ee6dbda90effa6 cookie=no
[10-Aug-2026 01:38:36 Asia/Riyadh] [REQ] sid=6e8rapugejmlboptj4hqie93du user=no GET /assets/vendor/bootstrap-icons/fonts/bootstrap-icons.woff?dd67030699838ea613ee6dbda90effa6 cookie=no
[10-Aug-2026 01:43:56 Asia/Riyadh] [REQ] sid=lrpg2mma1uhqqkkvetdf99om57 user=yes GET /admin cookie=yes
[10-Aug-2026 01:43:59 Asia/Riyadh] [REQ] sid=lrpg2mma1uhqqkkvetdf99om57 user=yes GET /admin cookie=yes
[10-Aug-2026 01:44:04 Asia/Riyadh] [REQ] sid=lrpg2mma1uhqqkkvetdf99om57 user=yes GET /admin/settings cookie=yes
[10-Aug-2026 01:44:14 Asia/Riyadh] [REQ] sid=lrpg2mma1uhqqkkvetdf99om57 user=yes POST /admin/settings cookie=yes
[10-Aug-2026 01:44:14 Asia/Riyadh] [CSRF DEBUG] method=POST uri=/admin/settings sid=lrpg2mma1uhqqkkvetdf99om57 sentlen=64 stored=6ee40d4dc803f66923622fa64f93cbb4017e9d8a47938ca80010076e6e4f63a3
[10-Aug-2026 01:44:14 Asia/Riyadh] [REQ] sid=lrpg2mma1uhqqkkvetdf99om57 user=yes GET /admin/settings cookie=yes
[10-Aug-2026 01:44:26 Asia/Riyadh] [REQ] sid=lrpg2mma1uhqqkkvetdf99om57 user=yes POST /admin/settings cookie=yes
[10-Aug-2026 01:44:26 Asia/Riyadh] [CSRF DEBUG] method=POST uri=/admin/settings sid=lrpg2mma1uhqqkkvetdf99om57 sentlen=64 stored=6ee40d4dc803f66923622fa64f93cbb4017e9d8a47938ca80010076e6e4f63a3
[10-Aug-2026 01:44:26 Asia/Riyadh] [REQ] sid=lrpg2mma1uhqqkkvetdf99om57 user=yes GET /admin/settings cookie=yes
[10-Aug-2026 01:44:39 Asia/Riyadh] [REQ] sid=lrpg2mma1uhqqkkvetdf99om57 user=yes GET /admin cookie=yes
[10-Aug-2026 01:44:51 Asia/Riyadh] [REQ] sid=lrpg2mma1uhqqkkvetdf99om57 user=yes GET /admin/clients cookie=yes
[10-Aug-2026 01:45:02 Asia/Riyadh] [REQ] sid=lrpg2mma1uhqqkkvetdf99om57 user=yes POST /admin/clients/1/delete cookie=yes
[10-Aug-2026 01:45:02 Asia/Riyadh] [CSRF DEBUG] method=POST uri=/admin/clients/1/delete sid=lrpg2mma1uhqqkkvetdf99om57 sentlen=64 stored=6ee40d4dc803f66923622fa64f93cbb4017e9d8a47938ca80010076e6e4f63a3
[10-Aug-2026 01:45:02 Asia/Riyadh] [REQ] sid=lrpg2mma1uhqqkkvetdf99om57 user=yes GET /admin/clients cookie=yes
[10-Aug-2026 01:45:06 Asia/Riyadh] [REQ] sid=lrpg2mma1uhqqkkvetdf99om57 user=yes POST /admin/clients/2/delete cookie=yes
[10-Aug-2026 01:45:06 Asia/Riyadh] [CSRF DEBUG] method=POST uri=/admin/clients/2/delete sid=lrpg2mma1uhqqkkvetdf99om57 sentlen=64 stored=6ee40d4dc803f66923622fa64f93cbb4017e9d8a47938ca80010076e6e4f63a3
[10-Aug-2026 01:45:06 Asia/Riyadh] [REQ] sid=lrpg2mma1uhqqkkvetdf99om57 user=yes GET /admin/clients cookie=yes
[10-Aug-2026 01:45:12 Asia/Riyadh] [REQ] sid=lrpg2mma1uhqqkkvetdf99om57 user=yes GET /admin/documents cookie=yes
[10-Aug-2026 01:45:16 Asia/Riyadh] [REQ] sid=lrpg2mma1uhqqkkvetdf99om57 user=yes POST /admin/documents/3/delete cookie=yes
[10-Aug-2026 01:45:16 Asia/Riyadh] [CSRF DEBUG] method=POST uri=/admin/documents/3/delete sid=lrpg2mma1uhqqkkvetdf99om57 sentlen=64 stored=6ee40d4dc803f66923622fa64f93cbb4017e9d8a47938ca80010076e6e4f63a3
[10-Aug-2026 01:45:16 Asia/Riyadh] [REQ] sid=lrpg2mma1uhqqkkvetdf99om57 user=yes GET /admin/documents cookie=yes
[10-Aug-2026 01:45:19 Asia/Riyadh] [REQ] sid=lrpg2mma1uhqqkkvetdf99om57 user=yes POST /admin/documents/2/delete cookie=yes
[10-Aug-2026 01:45:19 Asia/Riyadh] [CSRF DEBUG] method=POST uri=/admin/documents/2/delete sid=lrpg2mma1uhqqkkvetdf99om57 sentlen=64 stored=6ee40d4dc803f66923622fa64f93cbb4017e9d8a47938ca80010076e6e4f63a3
[10-Aug-2026 01:45:20 Asia/Riyadh] [REQ] sid=lrpg2mma1uhqqkkvetdf99om57 user=yes GET /admin/documents cookie=yes
[10-Aug-2026 01:45:21 Asia/Riyadh] [REQ] sid=lrpg2mma1uhqqkkvetdf99om57 user=yes GET /admin/clients cookie=yes
[10-Aug-2026 01:45:25 Asia/Riyadh] [REQ] sid=lrpg2mma1uhqqkkvetdf99om57 user=yes POST /admin/clients/2/delete cookie=yes
[10-Aug-2026 01:45:25 Asia/Riyadh] [CSRF DEBUG] method=POST uri=/admin/clients/2/delete sid=lrpg2mma1uhqqkkvetdf99om57 sentlen=64 stored=6ee40d4dc803f66923622fa64f93cbb4017e9d8a47938ca80010076e6e4f63a3
[10-Aug-2026 01:45:25 Asia/Riyadh] [REQ] sid=lrpg2mma1uhqqkkvetdf99om57 user=yes GET /admin/clients cookie=yes
[09-Aug-2026 23:20:33 UTC] PHP Warning:  require(D:\client1/app/Core/App.php): Failed to open stream: No such file or directory in D:\client1\index.php on line 40
[09-Aug-2026 23:20:33 UTC] PHP Fatal error:  Uncaught Error: Failed opening required 'D:\client1/app/Core/App.php' (include_path='.;C:\php\pear') in D:\client1\index.php:40
Stack trace:
#0 {main}
  thrown in D:\client1\index.php on line 40
[09-Aug-2026 23:20:38 UTC] PHP Warning:  require(D:\client1/app/Core/App.php): Failed to open stream: No such file or directory in D:\client1\index.php on line 40
[09-Aug-2026 23:20:38 UTC] PHP Fatal error:  Uncaught Error: Failed opening required 'D:\client1/app/Core/App.php' (include_path='.;C:\php\pear') in D:\client1\index.php:40
Stack trace:
#0 {main}
  thrown in D:\client1\index.php on line 40
[10-Aug-2026 11:46:51 Asia/Riyadh] [REQ] sid=vrhimq9oeikvkqclitbd87o9s9 user=no GET / cookie=no
[10-Aug-2026 11:46:51 Asia/Riyadh] [REQ] sid=vrhimq9oeikvkqclitbd87o9s9 user=no GET /login cookie=yes
[10-Aug-2026 11:47:01 Asia/Riyadh] [REQ] sid=vrhimq9oeikvkqclitbd87o9s9 user=no POST /login cookie=yes
[10-Aug-2026 11:47:01 Asia/Riyadh] [CSRF DEBUG] method=POST uri=/login sid=vrhimq9oeikvkqclitbd87o9s9 sentlen=64 stored=3a76929654bde37f2ca891ea5a54276a4f3ef78c29e11d1aa92d8d0e65751cfe
[10-Aug-2026 11:47:02 Asia/Riyadh] [REQ] sid=vrhimq9oeikvkqclitbd87o9s9 user=no GET /login cookie=yes
[10-Aug-2026 11:47:19 Asia/Riyadh] [REQ] sid=vrhimq9oeikvkqclitbd87o9s9 user=no POST /login cookie=yes
[10-Aug-2026 11:47:19 Asia/Riyadh] [CSRF DEBUG] method=POST uri=/login sid=vrhimq9oeikvkqclitbd87o9s9 sentlen=64 stored=3a76929654bde37f2ca891ea5a54276a4f3ef78c29e11d1aa92d8d0e65751cfe
[10-Aug-2026 11:47:19 Asia/Riyadh] [REQ] sid=vrhimq9oeikvkqclitbd87o9s9 user=no GET /login cookie=yes
[10-Aug-2026 11:47:39 Asia/Riyadh] [REQ] sid=vrhimq9oeikvkqclitbd87o9s9 user=no POST /login cookie=yes
[10-Aug-2026 11:47:39 Asia/Riyadh] [CSRF DEBUG] method=POST uri=/login sid=vrhimq9oeikvkqclitbd87o9s9 sentlen=64 stored=3a76929654bde37f2ca891ea5a54276a4f3ef78c29e11d1aa92d8d0e65751cfe
[10-Aug-2026 11:47:39 Asia/Riyadh] [REQ] sid=vrhimq9oeikvkqclitbd87o9s9 user=no GET /login cookie=yes
[10-Aug-2026 11:52:14 Asia/Riyadh] [DB] SQLSTATE[HY000] [2002] No connection could be made because the target machine actively refused it
[10-Aug-2026 11:52:16 Asia/Riyadh] [DB] SQLSTATE[HY000] [2002] No connection could be made because the target machine actively refused it
[10-Aug-2026 11:58:24 Asia/Riyadh] [REQ] sid=vrhimq9oeikvkqclitbd87o9s9 user=no POST /login cookie=yes
[10-Aug-2026 11:58:24 Asia/Riyadh] [CSRF DEBUG] method=POST uri=/login sid=vrhimq9oeikvkqclitbd87o9s9 sentlen=64 stored=3a76929654bde37f2ca891ea5a54276a4f3ef78c29e11d1aa92d8d0e65751cfe
[10-Aug-2026 11:58:25 Asia/Riyadh] [REQ] sid=vrhimq9oeikvkqclitbd87o9s9 user=no GET /login cookie=yes
[10-Aug-2026 11:58:36 Asia/Riyadh] [REQ] sid=vrhimq9oeikvkqclitbd87o9s9 user=no POST /login cookie=yes
[10-Aug-2026 11:58:36 Asia/Riyadh] [CSRF DEBUG] method=POST uri=/login sid=vrhimq9oeikvkqclitbd87o9s9 sentlen=64 stored=3a76929654bde37f2ca891ea5a54276a4f3ef78c29e11d1aa92d8d0e65751cfe
[10-Aug-2026 11:58:37 Asia/Riyadh] [REQ] sid=vrhimq9oeikvkqclitbd87o9s9 user=no GET /login cookie=yes
[10-Aug-2026 12:01:04 Asia/Riyadh] [REQ] sid=1dtuq5l671ho0cep1opbgnsrkh user=no GET /login cookie=no
[10-Aug-2026 12:01:25 Asia/Riyadh] [REQ] sid=vrhimq9oeikvkqclitbd87o9s9 user=no POST /login cookie=yes
[10-Aug-2026 12:01:25 Asia/Riyadh] [CSRF DEBUG] method=POST uri=/login sid=vrhimq9oeikvkqclitbd87o9s9 sentlen=64 stored=3a76929654bde37f2ca891ea5a54276a4f3ef78c29e11d1aa92d8d0e65751cfe
[10-Aug-2026 12:01:26 Asia/Riyadh] [REQ] sid=vrhimq9oeikvkqclitbd87o9s9 user=no GET /login cookie=yes
[10-Aug-2026 12:01:48 Asia/Riyadh] [REQ] sid=bhm24sfmqhjr73829vjkorbs3b user=no GET /login cookie=no
[10-Aug-2026 12:05:11 Asia/Riyadh] [REQ] sid=7nhe4vc1mku677ci9q7iicucpq user=no GET /login cookie=no
[10-Aug-2026 12:05:12 Asia/Riyadh] [REQ] sid=7nhe4vc1mku677ci9q7iicucpq user=no POST /login cookie=yes
[10-Aug-2026 12:05:12 Asia/Riyadh] [CSRF DEBUG] method=POST uri=/login sid=7nhe4vc1mku677ci9q7iicucpq sentlen=64 stored=9d2e0dfe97e72538c463ef26d978cbade8c4e589e3a4180f5498bac569b4a4c4
[10-Aug-2026 12:05:12 Asia/Riyadh] [REQ] sid=7nhe4vc1mku677ci9q7iicucpq user=no GET /login cookie=yes
[10-Aug-2026 12:05:12 Asia/Riyadh] [REQ] sid=7nhe4vc1mku677ci9q7iicucpq user=no POST /login cookie=yes
[10-Aug-2026 12:05:12 Asia/Riyadh] [CSRF DEBUG] method=POST uri=/login sid=7nhe4vc1mku677ci9q7iicucpq sentlen=64 stored=9d2e0dfe97e72538c463ef26d978cbade8c4e589e3a4180f5498bac569b4a4c4
[10-Aug-2026 12:05:12 Asia/Riyadh] [REQ] sid=469e7ohos2srdcptr1n5g10v4b user=yes GET /admin cookie=yes
[10-Aug-2026 12:05:12 Asia/Riyadh] [REQ] sid=469e7ohos2srdcptr1n5g10v4b user=yes GET /admin/change-password cookie=yes
[10-Aug-2026 12:05:12 Asia/Riyadh] [REQ] sid=469e7ohos2srdcptr1n5g10v4b user=yes POST /admin/change-password cookie=yes
[10-Aug-2026 12:05:12 Asia/Riyadh] [CSRF DEBUG] method=POST uri=/admin/change-password sid=469e7ohos2srdcptr1n5g10v4b sentlen=64 stored=9d2e0dfe97e72538c463ef26d978cbade8c4e589e3a4180f5498bac569b4a4c4
[10-Aug-2026 12:05:13 Asia/Riyadh] [REQ] sid=469e7ohos2srdcptr1n5g10v4b user=yes GET /admin cookie=yes
[10-Aug-2026 12:05:13 Asia/Riyadh] [REQ] sid=469e7ohos2srdcptr1n5g10v4b user=yes POST /admin/clients/store cookie=yes
[10-Aug-2026 12:05:13 Asia/Riyadh] [CSRF DEBUG] method=POST uri=/admin/clients/store sid=469e7ohos2srdcptr1n5g10v4b sentlen=64 stored=9d2e0dfe97e72538c463ef26d978cbade8c4e589e3a4180f5498bac569b4a4c4
[10-Aug-2026 12:05:13 Asia/Riyadh] [REQ] sid=469e7ohos2srdcptr1n5g10v4b user=yes GET /admin/clients cookie=yes
[10-Aug-2026 12:05:13 Asia/Riyadh] [REQ] sid=469e7ohos2srdcptr1n5g10v4b user=yes POST /admin/documents/store cookie=yes
[10-Aug-2026 12:05:13 Asia/Riyadh] [CSRF DEBUG] method=POST uri=/admin/documents/store sid=469e7ohos2srdcptr1n5g10v4b sentlen=64 stored=9d2e0dfe97e72538c463ef26d978cbade8c4e589e3a4180f5498bac569b4a4c4
[10-Aug-2026 12:05:13 Asia/Riyadh] PHP Deprecated:  Optional parameter $filename declared before required parameter $fore_color is implicitly treated as a required parameter in D:\client1\vendor\phpqrcode\qrimage.php on line 30
[10-Aug-2026 12:05:13 Asia/Riyadh] PHP Deprecated:  Optional parameter $pixelPerPoint declared before required parameter $fore_color is implicitly treated as a required parameter in D:\client1\vendor\phpqrcode\qrimage.php on line 30
[10-Aug-2026 12:05:13 Asia/Riyadh] PHP Deprecated:  Optional parameter $outerFrame declared before required parameter $fore_color is implicitly treated as a required parameter in D:\client1\vendor\phpqrcode\qrimage.php on line 30
[10-Aug-2026 12:05:13 Asia/Riyadh] PHP Deprecated:  Optional parameter $saveandprint declared before required parameter $fore_color is implicitly treated as a required parameter in D:\client1\vendor\phpqrcode\qrimage.php on line 30
[10-Aug-2026 12:05:13 Asia/Riyadh] PHP Deprecated:  Optional parameter $filename declared before required parameter $fore_color is implicitly treated as a required parameter in D:\client1\vendor\phpqrcode\qrvect.php on line 140
[10-Aug-2026 12:05:13 Asia/Riyadh] PHP Deprecated:  Optional parameter $pixelPerPoint declared before required parameter $fore_color is implicitly treated as a required parameter in D:\client1\vendor\phpqrcode\qrvect.php on line 140
[10-Aug-2026 12:05:13 Asia/Riyadh] PHP Deprecated:  Optional parameter $outerFrame declared before required parameter $fore_color is implicitly treated as a required parameter in D:\client1\vendor\phpqrcode\qrvect.php on line 140
[10-Aug-2026 12:05:13 Asia/Riyadh] PHP Deprecated:  Optional parameter $saveandprint declared before required parameter $fore_color is implicitly treated as a required parameter in D:\client1\vendor\phpqrcode\qrvect.php on line 140
[10-Aug-2026 12:05:13 Asia/Riyadh] [QR LIB] Creation of dynamic property QRencode::$cmyk is deprecated
[10-Aug-2026 12:05:13 Asia/Riyadh] [QR LIB] Implicit conversion from float 0.2 to int loses precision
[10-Aug-2026 12:05:13 Asia/Riyadh] [QR LIB] Implicit conversion from float 0.4 to int loses precision
[10-Aug-2026 12:05:13 Asia/Riyadh] [QR LIB] Implicit conversion from float 0.6 to int loses precision
[10-Aug-2026 12:05:13 Asia/Riyadh] [QR LIB] Implicit conversion from float 0.8 to int loses precision
[10-Aug-2026 12:05:13 Asia/Riyadh] [QR LIB] Implicit conversion from float 1.2 to int loses precision
[10-Aug-2026 12:05:13 Asia/Riyadh] [QR LIB] Implicit conversion from float 1.4 to int loses precision
[10-Aug-2026 12:05:13 Asia/Riyadh] [QR LIB] Implicit conversion from float 1.6 to int loses precision
[10-Aug-2026 12:05:13 Asia/Riyadh] [QR LIB] Implicit conversion from float 1.8 to int loses precision
[10-Aug-2026 12:05:13 Asia/Riyadh] [QR LIB] Implicit conversion from float 2.2 to int loses precision
[10-Aug-2026 12:05:13 Asia/Riyadh] [QR LIB] Implicit conversion from float 2.4 to int loses precision
[10-Aug-2026 12:05:13 Asia/Riyadh] [QR LIB] Implicit conversion from float 2.6 to int loses precision
[10-Aug-2026 12:05:13 Asia/Riyadh] [QR LIB] Implicit conversion from float 2.8 to int loses precision
[10-Aug-2026 12:05:13 Asia/Riyadh] [QR LIB] Implicit conversion from float 3.2 to int loses precision
[10-Aug-2026 12:05:13 Asia/Riyadh] [QR LIB] Implicit conversion from float 3.4 to int loses precision
[10-Aug-2026 12:05:13 Asia/Riyadh] [QR LIB] Implicit conversion from float 3.6 to int loses precision
[10-Aug-2026 12:05:13 Asia/Riyadh] [QR LIB] Implicit conversion from float 3.8 to int loses precision
[10-Aug-2026 12:05:13 Asia/Riyadh] [QR LIB] Implicit conversion from float 4.2 to int loses precision
[10-Aug-2026 12:05:13 Asia/Riyadh] [QR LIB] Implicit conversion from float 4.4 to int loses precision
[10-Aug-2026 12:05:13 Asia/Riyadh] [QR LIB] Implicit conversion from float 4.6 to int loses precision
[10-Aug-2026 12:05:13 Asia/Riyadh] [QR LIB] Implicit conversion from float 4.8 to int loses precision
[10-Aug-2026 12:05:13 Asia/Riyadh] [QR LIB] Implicit conversion from float 5.2 to int loses precision
[10-Aug-2026 12:05:13 Asia/Riyadh] [QR LIB] Implicit conversion from float 5.4 to int loses precision
[10-Aug-2026 12:05:13 Asia/Riyadh] [QR LIB] Implicit conversion from float 5.6 to int loses precision
[10-Aug-2026 12:05:13 Asia/Riyadh] [QR LIB] Implicit conversion from float 5.8 to int loses precision
[10-Aug-2026 12:05:13 Asia/Riyadh] [QR LIB] Implicit conversion from float 6.2 to int loses precision
[10-Aug-2026 12:05:13 Asia/Riyadh] [QR LIB] Implicit conversion from float 6.4 to int loses precision
[10-Aug-2026 12:05:13 Asia/Riyadh] [QR LIB] Implicit conversion from float 6.6 to int loses precision
[10-Aug-2026 12:05:13 Asia/Riyadh] [QR LIB] Implicit conversion from float 6.8 to int loses precision
[10-Aug-2026 12:05:13 Asia/Riyadh] [QR LIB] Implicit conversion from float 7.2 to int loses precision
[10-Aug-2026 12:05:13 Asia/Riyadh] [QR LIB] Implicit conversion from float 7.4 to int loses precision
[10-Aug-2026 12:05:13 Asia/Riyadh] [QR LIB] Implicit conversion from float 7.6 to int loses precision
[10-Aug-2026 12:05:13 Asia/Riyadh] [QR LIB] Implicit conversion from float 7.8 to int loses precision
[10-Aug-2026 12:05:13 Asia/Riyadh] [QR LIB] Implicit conversion from float 8.2 to int loses precision
[10-Aug-2026 12:05:13 Asia/Riyadh] [QR LIB] Implicit conversion from float 8.4 to int loses precision
[10-Aug-2026 12:05:13 Asia/Riyadh] [QR LIB] Implicit conversion from float 8.6 to int loses precision
[10-Aug-2026 12:05:13 Asia/Riyadh] [QR LIB] Implicit conversion from float 8.8 to int loses precision
[10-Aug-2026 12:05:13 Asia/Riyadh] [QR LIB] Implicit conversion from float 9.2 to int loses precision
[10-Aug-2026 12:05:13 Asia/Riyadh] [QR LIB] Implicit conversion from float 9.4 to int loses precision
[10-Aug-2026 12:05:13 Asia/Riyadh] [QR LIB] Implicit conversion from float 9.6 to int loses precision
[10-Aug-2026 12:05:13 Asia/Riyadh] [QR LIB] Implicit conversion from float 9.8 to int loses precision
[10-Aug-2026 12:05:13 Asia/Riyadh] [QR LIB] Implicit conversion from float 10.2 to int loses precision
[10-Aug-2026 12:05:13 Asia/Riyadh] [QR LIB] Implicit conversion from float 10.4 to int loses precision
[10-Aug-2026 12:05:13 Asia/Riyadh] [QR LIB] Implicit conversion from float 10.6 to int loses precision
[10-Aug-2026 12:05:13 Asia/Riyadh] [QR LIB] Implicit conversion from float 10.8 to int loses precision
[10-Aug-2026 12:05:13 Asia/Riyadh] [QR LIB] Implicit conversion from float 11.2 to int loses precision
[10-Aug-2026 12:05:13 Asia/Riyadh] [QR LIB] Implicit conversion from float 11.4 to int loses precision
[10-Aug-2026 12:05:13 Asia/Riyadh] [QR LIB] Implicit conversion from float 11.6 to int loses precision
[10-Aug-2026 12:05:13 Asia/Riyadh] [QR LIB] Implicit conversion from float 11.8 to int loses precision
[10-Aug-2026 12:05:13 Asia/Riyadh] [QR LIB] Implicit conversion from float 12.2 to int loses precision
[10-Aug-2026 12:05:13 Asia/Riyadh] [QR LIB] Implicit conversion from float 12.4 to int loses precision
[10-Aug-2026 12:05:13 Asia/Riyadh] [QR LIB] Implicit conversion from float 12.6 to int loses precision
[10-Aug-2026 12:05:13 Asia/Riyadh] [QR LIB] Implicit conversion from float 12.8 to int loses precision
[10-Aug-2026 12:05:13 Asia/Riyadh] [QR LIB] Implicit conversion from float 0.2 to int loses precision
[10-Aug-2026 12:05:13 Asia/Riyadh] [QR LIB] Implicit conversion from float 0.4 to int loses precision
[10-Aug-2026 12:05:13 Asia/Riyadh] [QR LIB] Implicit conversion from float 0.6 to int loses precision
[10-Aug-2026 12:05:13 Asia/Riyadh] [QR LIB] Implicit conversion from float 0.8 to int loses precision
[10-Aug-2026 12:05:13 Asia/Riyadh] [QR LIB] Implicit conversion from float 1.2 to int loses precision
[10-Aug-2026 12:05:13 Asia/Riyadh] [QR LIB] Implicit conversion from float 1.4 to int loses precision
[10-Aug-2026 12:05:13 Asia/Riyadh] [QR LIB] Implicit conversion from float 1.6 to int loses precision
[10-Aug-2026 12:05:13 Asia/Riyadh] [QR LIB] Implicit conversion from float 1.8 to int loses precision
[10-Aug-2026 12:05:13 Asia/Riyadh] [QR LIB] Implicit conversion from float 2.2 to int loses precision
[10-Aug-2026 12:05:13 Asia/Riyadh] [QR LIB] Implicit conversion from float 2.4 to int loses precision
[10-Aug-2026 12:05:13 Asia/Riyadh] [QR LIB] Implicit conversion from float 2.6 to int loses precision
[10-Aug-2026 12:05:13 Asia/Riyadh] [QR LIB] Implicit conversion from float 2.8 to int loses precision
[10-Aug-2026 12:05:13 Asia/Riyadh] [QR LIB] Implicit conversion from float 3.2 to int loses precision
[10-Aug-2026 12:05:13 Asia/Riyadh] [QR LIB] Implicit conversion from float 3.4 to int loses precision
[10-Aug-2026 12:05:13 Asia/Riyadh] [QR LIB] Implicit conversion from float 3.6 to int loses precision
[10-Aug-2026 12:05:13 Asia/Riyadh] [QR LIB] Implicit conversion from float 3.8 to int loses precision
[10-Aug-2026 12:05:13 Asia/Riyadh] [QR LIB] Implicit conversion from float 4.2 to int loses precision
[10-Aug-2026 12:05:13 Asia/Riyadh] [QR LIB] Implicit conversion from float 4.4 to int loses precision
[10-Aug-2026 12:05:13 Asia/Riyadh] [QR LIB] Implicit conversion from float 4.6 to int loses precision
[10-Aug-2026 12:05:13 Asia/Riyadh] [QR LIB] Implicit conversion from float 4.8 to int loses precision
[10-Aug-2026 12:05:13 Asia/Riyadh] [QR LIB] Implicit conversion from float 5.2 to int loses precision
[10-Aug-2026 12:05:13 Asia/Riyadh] [QR LIB] Implicit conversion from float 5.4 to int loses precision
[10-Aug-2026 12:05:13 Asia/Riyadh] [QR LIB] Implicit conversion from float 5.6 to int loses precision
[10-Aug-2026 12:05:13 Asia/Riyadh] [QR LIB] Implicit conversion from float 5.8 to int loses precision
[10-Aug-2026 12:05:13 Asia/Riyadh] [QR LIB] Implicit conversion from float 6.2 to int loses precision
[10-Aug-2026 12:05:13 Asia/Riyadh] [QR LIB] Implicit conversion from float 6.4 to int loses precision
[10-Aug-2026 12:05:13 Asia/Riyadh] [QR LIB] Implicit conversion from float 6.6 to int loses precision
[10-Aug-2026 12:05:13 Asia/Riyadh] [QR LIB] Implicit conversion from float 6.8 to int loses precision
[10-Aug-2026 12:05:13 Asia/Riyadh] [QR LIB] Implicit conversion from float 7.2 to int loses precision
[10-Aug-2026 12:05:13 Asia/Riyadh] [QR LIB] Implicit conversion from float 7.4 to int loses precision
[10-Aug-2026 12:05:14 Asia/Riyadh] [QR LIB] Implicit conversion from float 7.6 to int loses precision
[10-Aug-2026 12:05:14 Asia/Riyadh] [QR LIB] Implicit conversion from float 7.8 to int loses precision
[10-Aug-2026 12:05:14 Asia/Riyadh] [QR LIB] Implicit conversion from float 8.2 to int loses precision
[10-Aug-2026 12:05:14 Asia/Riyadh] [QR LIB] Implicit conversion from float 8.4 to int loses precision
[10-Aug-2026 12:05:14 Asia/Riyadh] [QR LIB] Implicit conversion from float 8.6 to int loses precision
[10-Aug-2026 12:05:14 Asia/Riyadh] [QR LIB] Implicit conversion from float 8.8 to int loses precision
[10-Aug-2026 12:05:14 Asia/Riyadh] [QR LIB] Implicit conversion from float 9.2 to int loses precision
[10-Aug-2026 12:05:14 Asia/Riyadh] [QR LIB] Implicit conversion from float 9.4 to int loses precision
[10-Aug-2026 12:05:14 Asia/Riyadh] [QR LIB] Implicit conversion from float 9.6 to int loses precision
[10-Aug-2026 12:05:14 Asia/Riyadh] [QR LIB] Implicit conversion from float 9.8 to int loses precision
[10-Aug-2026 12:05:14 Asia/Riyadh] [QR LIB] Implicit conversion from float 10.2 to int loses precision
[10-Aug-2026 12:05:14 Asia/Riyadh] [QR LIB] Implicit conversion from float 10.4 to int loses precision
[10-Aug-2026 12:05:14 Asia/Riyadh] [QR LIB] Implicit conversion from float 10.6 to int loses precision
[10-Aug-2026 12:05:14 Asia/Riyadh] [QR LIB] Implicit conversion from float 10.8 to int loses precision
[10-Aug-2026 12:05:14 Asia/Riyadh] [QR LIB] Implicit conversion from float 11.2 to int loses precision
[10-Aug-2026 12:05:14 Asia/Riyadh] [QR LIB] Implicit conversion from float 11.4 to int loses precision
[10-Aug-2026 12:05:14 Asia/Riyadh] [QR LIB] Implicit conversion from float 11.6 to int loses precision
[10-Aug-2026 12:05:14 Asia/Riyadh] [QR LIB] Implicit conversion from float 11.8 to int loses precision
[10-Aug-2026 12:05:14 Asia/Riyadh] [QR LIB] Implicit conversion from float 12.2 to int loses precision
[10-Aug-2026 12:05:14 Asia/Riyadh] [QR LIB] Implicit conversion from float 12.4 to int loses precision
[10-Aug-2026 12:05:14 Asia/Riyadh] [QR LIB] Implicit conversion from float 12.6 to int loses precision
[10-Aug-2026 12:05:14 Asia/Riyadh] [QR LIB] Implicit conversion from float 12.8 to int loses precision
[10-Aug-2026 12:05:14 Asia/Riyadh] [QR LIB] Implicit conversion from float 13.2 to int loses precision
[10-Aug-2026 12:05:14 Asia/Riyadh] [QR LIB] Implicit conversion from float 13.4 to int loses precision
[10-Aug-2026 12:05:14 Asia/Riyadh] [QR LIB] Implicit conversion from float 13.6 to int loses precision
[10-Aug-2026 12:05:14 Asia/Riyadh] [QR LIB] Implicit conversion from float 13.8 to int loses precision
[10-Aug-2026 12:05:14 Asia/Riyadh] [QR LIB] Implicit conversion from float 14.2 to int loses precision
[10-Aug-2026 12:05:14 Asia/Riyadh] [QR LIB] Implicit conversion from float 14.4 to int loses precision
[10-Aug-2026 12:05:14 Asia/Riyadh] [QR LIB] Implicit conversion from float 14.6 to int loses precision
[10-Aug-2026 12:05:14 Asia/Riyadh] [QR LIB] Implicit conversion from float 14.8 to int loses precision
[10-Aug-2026 12:05:14 Asia/Riyadh] [QR LIB] Implicit conversion from float 15.2 to int loses precision
[10-Aug-2026 12:05:14 Asia/Riyadh] [QR LIB] Implicit conversion from float 15.4 to int loses precision
[10-Aug-2026 12:05:14 Asia/Riyadh] [QR LIB] Implicit conversion from float 15.6 to int loses precision
[10-Aug-2026 12:05:14 Asia/Riyadh] [QR LIB] Implicit conversion from float 15.8 to int loses precision
[10-Aug-2026 12:05:14 Asia/Riyadh] [QR LIB] Implicit conversion from float 16.2 to int loses precision
[10-Aug-2026 12:05:14 Asia/Riyadh] [QR LIB] Implicit conversion from float 16.4 to int loses precision
[10-Aug-2026 12:05:14 Asia/Riyadh] [QR LIB] Implicit conversion from float 16.6 to int loses precision
[10-Aug-2026 12:05:14 Asia/Riyadh] [QR LIB] Implicit conversion from float 16.8 to int loses precision
[10-Aug-2026 12:05:14 Asia/Riyadh] [QR LIB] Implicit conversion from float 17.2 to int loses precision
[10-Aug-2026 12:05:14 Asia/Riyadh] [QR LIB] Implicit conversion from float 17.4 to int loses precision
[10-Aug-2026 12:05:14 Asia/Riyadh] [QR LIB] Implicit conversion from float 17.6 to int loses precision
[10-Aug-2026 12:05:14 Asia/Riyadh] [QR LIB] Implicit conversion from float 17.8 to int loses precision
[10-Aug-2026 12:05:14 Asia/Riyadh] [QR LIB] Implicit conversion from float 18.2 to int loses precision
[10-Aug-2026 12:05:14 Asia/Riyadh] [QR LIB] Implicit conversion from float 18.4 to int loses precision
[10-Aug-2026 12:05:14 Asia/Riyadh] [QR LIB] Implicit conversion from float 18.6 to int loses precision
[10-Aug-2026 12:05:14 Asia/Riyadh] [QR LIB] Implicit conversion from float 18.8 to int loses precision
[10-Aug-2026 12:05:14 Asia/Riyadh] [QR LIB] Implicit conversion from float 19.2 to int loses precision
[10-Aug-2026 12:05:14 Asia/Riyadh] [QR LIB] Implicit conversion from float 19.4 to int loses precision
[10-Aug-2026 12:05:14 Asia/Riyadh] [QR LIB] Implicit conversion from float 19.6 to int loses precision
[10-Aug-2026 12:05:14 Asia/Riyadh] [QR LIB] Implicit conversion from float 19.8 to int loses precision
[10-Aug-2026 12:05:14 Asia/Riyadh] [QR LIB] Implicit conversion from float 20.2 to int loses precision
[10-Aug-2026 12:05:14 Asia/Riyadh] [QR LIB] Implicit conversion from float 20.4 to int loses precision
[10-Aug-2026 12:05:14 Asia/Riyadh] [QR LIB] Implicit conversion from float 20.6 to int loses precision
[10-Aug-2026 12:05:14 Asia/Riyadh] [QR LIB] Implicit conversion from float 20.8 to int loses precision
[10-Aug-2026 12:05:14 Asia/Riyadh] [QR LIB] Implicit conversion from float 21.2 to int loses precision
[10-Aug-2026 12:05:14 Asia/Riyadh] [QR LIB] Implicit conversion from float 21.4 to int loses precision
[10-Aug-2026 12:05:14 Asia/Riyadh] [QR LIB] Implicit conversion from float 21.6 to int loses precision
[10-Aug-2026 12:05:14 Asia/Riyadh] [QR LIB] Implicit conversion from float 21.8 to int loses precision
[10-Aug-2026 12:05:14 Asia/Riyadh] [QR LIB] Implicit conversion from float 22.2 to int loses precision
[10-Aug-2026 12:05:14 Asia/Riyadh] [QR LIB] Implicit conversion from float 22.4 to int loses precision
[10-Aug-2026 12:05:14 Asia/Riyadh] [QR LIB] Implicit conversion from float 22.6 to int loses precision
[10-Aug-2026 12:05:14 Asia/Riyadh] [QR LIB] Implicit conversion from float 22.8 to int loses precision
[10-Aug-2026 12:05:14 Asia/Riyadh] [QR LIB] Implicit conversion from float 23.2 to int loses precision
[10-Aug-2026 12:05:14 Asia/Riyadh] [QR LIB] Implicit conversion from float 23.4 to int loses precision
[10-Aug-2026 12:05:14 Asia/Riyadh] [QR LIB] Implicit conversion from float 23.6 to int loses precision
[10-Aug-2026 12:05:14 Asia/Riyadh] [QR LIB] Implicit conversion from float 23.8 to int loses precision
[10-Aug-2026 12:05:14 Asia/Riyadh] [QR LIB] Implicit conversion from float 24.2 to int loses precision
[10-Aug-2026 12:05:14 Asia/Riyadh] [QR LIB] Implicit conversion from float 24.4 to int loses precision
[10-Aug-2026 12:05:14 Asia/Riyadh] [QR LIB] Implicit conversion from float 24.6 to int loses precision
[10-Aug-2026 12:05:14 Asia/Riyadh] [QR LIB] Implicit conversion from float 24.8 to int loses precision
[10-Aug-2026 12:05:14 Asia/Riyadh] [QR LIB] Implicit conversion from float 25.2 to int loses precision
[10-Aug-2026 12:05:14 Asia/Riyadh] [QR LIB] Implicit conversion from float 25.4 to int loses precision
[10-Aug-2026 12:05:14 Asia/Riyadh] [QR LIB] Implicit conversion from float 25.6 to int loses precision
[10-Aug-2026 12:05:14 Asia/Riyadh] [QR LIB] Implicit conversion from float 25.8 to int loses precision
[10-Aug-2026 12:05:14 Asia/Riyadh] [REQ] sid=469e7ohos2srdcptr1n5g10v4b user=yes GET /admin/documents cookie=yes
[10-Aug-2026 12:05:14 Asia/Riyadh] [REQ] sid=469e7ohos2srdcptr1n5g10v4b user=yes GET /admin/documents cookie=yes
[10-Aug-2026 12:05:14 Asia/Riyadh] [REQ] sid=469e7ohos2srdcptr1n5g10v4b user=yes GET /admin/documents/1/qr cookie=yes
[10-Aug-2026 12:05:14 Asia/Riyadh] [REQ] sid=469e7ohos2srdcptr1n5g10v4b user=yes POST /admin/documents/1/activate cookie=yes
[10-Aug-2026 12:05:14 Asia/Riyadh] [CSRF DEBUG] method=POST uri=/admin/documents/1/activate sid=469e7ohos2srdcptr1n5g10v4b sentlen=64 stored=9d2e0dfe97e72538c463ef26d978cbade8c4e589e3a4180f5498bac569b4a4c4
[10-Aug-2026 12:05:14 Asia/Riyadh] [REQ] sid=469e7ohos2srdcptr1n5g10v4b user=yes GET /admin/documents cookie=yes
[10-Aug-2026 12:05:14 Asia/Riyadh] [REQ] sid=469e7ohos2srdcptr1n5g10v4b user=yes GET /verify/76b3064b2cff04c7e390e95b748c8f5b cookie=yes
[10-Aug-2026 12:05:15 Asia/Riyadh] [REQ] sid=469e7ohos2srdcptr1n5g10v4b user=yes GET /verify/76b3064b2cff04c7e390e95b748c8f5b/file cookie=yes
[10-Aug-2026 12:05:15 Asia/Riyadh] [REQ] sid=469e7ohos2srdcptr1n5g10v4b user=yes GET /admin/verifications cookie=yes
[10-Aug-2026 12:05:15 Asia/Riyadh] [REQ] sid=469e7ohos2srdcptr1n5g10v4b user=yes POST /admin/documents/1/disable cookie=yes
[10-Aug-2026 12:05:15 Asia/Riyadh] [CSRF DEBUG] method=POST uri=/admin/documents/1/disable sid=469e7ohos2srdcptr1n5g10v4b sentlen=64 stored=9d2e0dfe97e72538c463ef26d978cbade8c4e589e3a4180f5498bac569b4a4c4
[10-Aug-2026 12:05:15 Asia/Riyadh] [REQ] sid=469e7ohos2srdcptr1n5g10v4b user=yes GET /admin/documents cookie=yes
[10-Aug-2026 12:05:15 Asia/Riyadh] [REQ] sid=469e7ohos2srdcptr1n5g10v4b user=yes GET /verify/76b3064b2cff04c7e390e95b748c8f5b cookie=yes
[10-Aug-2026 12:05:15 Asia/Riyadh] [REQ] sid=469e7ohos2srdcptr1n5g10v4b user=yes GET /verify/aaaaaaaaaaaaaaaaaaaaaaaaaaaaaaaa cookie=yes
[10-Aug-2026 12:05:15 Asia/Riyadh] [REQ] sid=469e7ohos2srdcptr1n5g10v4b user=yes POST /admin/documents/1/delete cookie=yes
[10-Aug-2026 12:05:15 Asia/Riyadh] [CSRF DEBUG] method=POST uri=/admin/documents/1/delete sid=469e7ohos2srdcptr1n5g10v4b sentlen=64 stored=9d2e0dfe97e72538c463ef26d978cbade8c4e589e3a4180f5498bac569b4a4c4
[10-Aug-2026 12:05:16 Asia/Riyadh] [REQ] sid=469e7ohos2srdcptr1n5g10v4b user=yes GET /admin/documents cookie=yes
[10-Aug-2026 12:05:16 Asia/Riyadh] [REQ] sid=469e7ohos2srdcptr1n5g10v4b user=yes GET /logout cookie=yes
[10-Aug-2026 12:05:16 Asia/Riyadh] [REQ] sid=469e7ohos2srdcptr1n5g10v4b user=yes GET /admin cookie=yes
[10-Aug-2026 12:12:11 Asia/Riyadh] [REQ] sid=fb2sq7p6v0dv87ff9skgi57cg1 user=no GET /login cookie=no
[10-Aug-2026 12:12:11 Asia/Riyadh] [REQ] sid=fb2sq7p6v0dv87ff9skgi57cg1 user=no POST /login cookie=yes
[10-Aug-2026 12:12:11 Asia/Riyadh] [REQ] sid=fb2sq7p6v0dv87ff9skgi57cg1 user=no GET /login cookie=yes
[10-Aug-2026 12:12:11 Asia/Riyadh] [REQ] sid=fb2sq7p6v0dv87ff9skgi57cg1 user=no POST /login cookie=yes
[10-Aug-2026 12:12:12 Asia/Riyadh] [REQ] sid=pmmol3vqdi3bt8gu9lg6tmeh75 user=yes GET /admin cookie=yes
[10-Aug-2026 12:12:12 Asia/Riyadh] [REQ] sid=pmmol3vqdi3bt8gu9lg6tmeh75 user=yes GET /admin/change-password cookie=yes
[10-Aug-2026 12:12:12 Asia/Riyadh] [REQ] sid=pmmol3vqdi3bt8gu9lg6tmeh75 user=yes POST /admin/change-password cookie=yes
[10-Aug-2026 12:12:12 Asia/Riyadh] [REQ] sid=pmmol3vqdi3bt8gu9lg6tmeh75 user=yes GET /admin cookie=yes
[10-Aug-2026 12:12:12 Asia/Riyadh] [REQ] sid=pmmol3vqdi3bt8gu9lg6tmeh75 user=yes POST /admin/clients/store cookie=yes
[10-Aug-2026 12:12:13 Asia/Riyadh] [REQ] sid=pmmol3vqdi3bt8gu9lg6tmeh75 user=yes GET /admin/clients cookie=yes
[10-Aug-2026 12:12:13 Asia/Riyadh] [REQ] sid=pmmol3vqdi3bt8gu9lg6tmeh75 user=yes POST /admin/documents/store cookie=yes
[10-Aug-2026 12:12:13 Asia/Riyadh] PHP Deprecated:  Optional parameter $filename declared before required parameter $fore_color is implicitly treated as a required parameter in D:\client1\vendor\phpqrcode\qrimage.php on line 30
[10-Aug-2026 12:12:13 Asia/Riyadh] PHP Deprecated:  Optional parameter $pixelPerPoint declared before required parameter $fore_color is implicitly treated as a required parameter in D:\client1\vendor\phpqrcode\qrimage.php on line 30
[10-Aug-2026 12:12:13 Asia/Riyadh] PHP Deprecated:  Optional parameter $outerFrame declared before required parameter $fore_color is implicitly treated as a required parameter in D:\client1\vendor\phpqrcode\qrimage.php on line 30
[10-Aug-2026 12:12:13 Asia/Riyadh] PHP Deprecated:  Optional parameter $saveandprint declared before required parameter $fore_color is implicitly treated as a required parameter in D:\client1\vendor\phpqrcode\qrimage.php on line 30
[10-Aug-2026 12:12:13 Asia/Riyadh] PHP Deprecated:  Optional parameter $filename declared before required parameter $fore_color is implicitly treated as a required parameter in D:\client1\vendor\phpqrcode\qrvect.php on line 140
[10-Aug-2026 12:12:13 Asia/Riyadh] PHP Deprecated:  Optional parameter $pixelPerPoint declared before required parameter $fore_color is implicitly treated as a required parameter in D:\client1\vendor\phpqrcode\qrvect.php on line 140
[10-Aug-2026 12:12:13 Asia/Riyadh] PHP Deprecated:  Optional parameter $outerFrame declared before required parameter $fore_color is implicitly treated as a required parameter in D:\client1\vendor\phpqrcode\qrvect.php on line 140
[10-Aug-2026 12:12:13 Asia/Riyadh] PHP Deprecated:  Optional parameter $saveandprint declared before required parameter $fore_color is implicitly treated as a required parameter in D:\client1\vendor\phpqrcode\qrvect.php on line 140
[10-Aug-2026 12:12:13 Asia/Riyadh] [QR LIB] Creation of dynamic property QRencode::$cmyk is deprecated
[10-Aug-2026 12:12:13 Asia/Riyadh] [QR LIB] Implicit conversion from float 0.25 to int loses precision
[10-Aug-2026 12:12:13 Asia/Riyadh] [QR LIB] Implicit conversion from float 0.5 to int loses precision
[10-Aug-2026 12:12:13 Asia/Riyadh] [QR LIB] Implicit conversion from float 0.75 to int loses precision
[10-Aug-2026 12:12:13 Asia/Riyadh] [QR LIB] Implicit conversion from float 1.25 to int loses precision
[10-Aug-2026 12:12:13 Asia/Riyadh] [QR LIB] Implicit conversion from float 1.5 to int loses precision
[10-Aug-2026 12:12:13 Asia/Riyadh] [QR LIB] Implicit conversion from float 1.75 to int loses precision
[10-Aug-2026 12:12:13 Asia/Riyadh] [QR LIB] Implicit conversion from float 2.25 to int loses precision
[10-Aug-2026 12:12:13 Asia/Riyadh] [QR LIB] Implicit conversion from float 2.5 to int loses precision
[10-Aug-2026 12:12:13 Asia/Riyadh] [QR LIB] Implicit conversion from float 2.75 to int loses precision
[10-Aug-2026 12:12:13 Asia/Riyadh] [QR LIB] Implicit conversion from float 3.25 to int loses precision
[10-Aug-2026 12:12:13 Asia/Riyadh] [QR LIB] Implicit conversion from float 3.5 to int loses precision
[10-Aug-2026 12:12:13 Asia/Riyadh] [QR LIB] Implicit conversion from float 3.75 to int loses precision
[10-Aug-2026 12:12:13 Asia/Riyadh] [QR LIB] Implicit conversion from float 4.25 to int loses precision
[10-Aug-2026 12:12:13 Asia/Riyadh] [QR LIB] Implicit conversion from float 4.5 to int loses precision
[10-Aug-2026 12:12:13 Asia/Riyadh] [QR LIB] Implicit conversion from float 4.75 to int loses precision
[10-Aug-2026 12:12:13 Asia/Riyadh] [QR LIB] Implicit conversion from float 5.25 to int loses precision
[10-Aug-2026 12:12:13 Asia/Riyadh] [QR LIB] Implicit conversion from float 5.5 to int loses precision
[10-Aug-2026 12:12:13 Asia/Riyadh] [QR LIB] Implicit conversion from float 5.75 to int loses precision
[10-Aug-2026 12:12:13 Asia/Riyadh] [QR LIB] Implicit conversion from float 6.25 to int loses precision
[10-Aug-2026 12:12:13 Asia/Riyadh] [QR LIB] Implicit conversion from float 6.5 to int loses precision
[10-Aug-2026 12:12:13 Asia/Riyadh] [QR LIB] Implicit conversion from float 6.75 to int loses precision
[10-Aug-2026 12:12:13 Asia/Riyadh] [QR LIB] Implicit conversion from float 7.25 to int loses precision
[10-Aug-2026 12:12:13 Asia/Riyadh] [QR LIB] Implicit conversion from float 7.5 to int loses precision
[10-Aug-2026 12:12:13 Asia/Riyadh] [QR LIB] Implicit conversion from float 7.75 to int loses precision
[10-Aug-2026 12:12:13 Asia/Riyadh] [QR LIB] Implicit conversion from float 8.25 to int loses precision
[10-Aug-2026 12:12:13 Asia/Riyadh] [QR LIB] Implicit conversion from float 8.5 to int loses precision
[10-Aug-2026 12:12:13 Asia/Riyadh] [QR LIB] Implicit conversion from float 8.75 to int loses precision
[10-Aug-2026 12:12:13 Asia/Riyadh] [QR LIB] Implicit conversion from float 9.25 to int loses precision
[10-Aug-2026 12:12:13 Asia/Riyadh] [QR LIB] Implicit conversion from float 9.5 to int loses precision
[10-Aug-2026 12:12:13 Asia/Riyadh] [QR LIB] Implicit conversion from float 9.75 to int loses precision
[10-Aug-2026 12:12:13 Asia/Riyadh] [QR LIB] Implicit conversion from float 10.25 to int loses precision
[10-Aug-2026 12:12:13 Asia/Riyadh] [QR LIB] Implicit conversion from float 10.5 to int loses precision
[10-Aug-2026 12:12:13 Asia/Riyadh] [QR LIB] Implicit conversion from float 10.75 to int loses precision
[10-Aug-2026 12:12:13 Asia/Riyadh] [QR LIB] Implicit conversion from float 11.25 to int loses precision
[10-Aug-2026 12:12:13 Asia/Riyadh] [QR LIB] Implicit conversion from float 11.5 to int loses precision
[10-Aug-2026 12:12:13 Asia/Riyadh] [QR LIB] Implicit conversion from float 11.75 to int loses precision
[10-Aug-2026 12:12:13 Asia/Riyadh] [QR LIB] Implicit conversion from float 12.25 to int loses precision
[10-Aug-2026 12:12:13 Asia/Riyadh] [QR LIB] Implicit conversion from float 12.5 to int loses precision
[10-Aug-2026 12:12:13 Asia/Riyadh] [QR LIB] Implicit conversion from float 12.75 to int loses precision
[10-Aug-2026 12:12:13 Asia/Riyadh] [QR LIB] Implicit conversion from float 13.25 to int loses precision
[10-Aug-2026 12:12:13 Asia/Riyadh] [QR LIB] Implicit conversion from float 13.5 to int loses precision
[10-Aug-2026 12:12:13 Asia/Riyadh] [QR LIB] Implicit conversion from float 13.75 to int loses precision
[10-Aug-2026 12:12:13 Asia/Riyadh] [QR LIB] Implicit conversion from float 14.25 to int loses precision
[10-Aug-2026 12:12:13 Asia/Riyadh] [QR LIB] Implicit conversion from float 14.5 to int loses precision
[10-Aug-2026 12:12:13 Asia/Riyadh] [QR LIB] Implicit conversion from float 14.75 to int loses precision
[10-Aug-2026 12:12:13 Asia/Riyadh] [QR LIB] Implicit conversion from float 0.25 to int loses precision
[10-Aug-2026 12:12:13 Asia/Riyadh] [QR LIB] Implicit conversion from float 0.5 to int loses precision
[10-Aug-2026 12:12:13 Asia/Riyadh] [QR LIB] Implicit conversion from float 0.75 to int loses precision
[10-Aug-2026 12:12:13 Asia/Riyadh] [QR LIB] Implicit conversion from float 1.25 to int loses precision
[10-Aug-2026 12:12:13 Asia/Riyadh] [QR LIB] Implicit conversion from float 1.5 to int loses precision
[10-Aug-2026 12:12:13 Asia/Riyadh] [QR LIB] Implicit conversion from float 1.75 to int loses precision
[10-Aug-2026 12:12:13 Asia/Riyadh] [QR LIB] Implicit conversion from float 2.25 to int loses precision
[10-Aug-2026 12:12:13 Asia/Riyadh] [QR LIB] Implicit conversion from float 2.5 to int loses precision
[10-Aug-2026 12:12:13 Asia/Riyadh] [QR LIB] Implicit conversion from float 2.75 to int loses precision
[10-Aug-2026 12:12:13 Asia/Riyadh] [QR LIB] Implicit conversion from float 3.25 to int loses precision
[10-Aug-2026 12:12:13 Asia/Riyadh] [QR LIB] Implicit conversion from float 3.5 to int loses precision
[10-Aug-2026 12:12:13 Asia/Riyadh] [QR LIB] Implicit conversion from float 3.75 to int loses precision
[10-Aug-2026 12:12:13 Asia/Riyadh] [QR LIB] Implicit conversion from float 4.25 to int loses precision
[10-Aug-2026 12:12:13 Asia/Riyadh] [QR LIB] Implicit conversion from float 4.5 to int loses precision
[10-Aug-2026 12:12:13 Asia/Riyadh] [QR LIB] Implicit conversion from float 4.75 to int loses precision
[10-Aug-2026 12:12:13 Asia/Riyadh] [QR LIB] Implicit conversion from float 5.25 to int loses precision
[10-Aug-2026 12:12:13 Asia/Riyadh] [QR LIB] Implicit conversion from float 5.5 to int loses precision
[10-Aug-2026 12:12:13 Asia/Riyadh] [QR LIB] Implicit conversion from float 5.75 to int loses precision
[10-Aug-2026 12:12:13 Asia/Riyadh] [QR LIB] Implicit conversion from float 6.25 to int loses precision
[10-Aug-2026 12:12:13 Asia/Riyadh] [QR LIB] Implicit conversion from float 6.5 to int loses precision
[10-Aug-2026 12:12:13 Asia/Riyadh] [QR LIB] Implicit conversion from float 6.75 to int loses precision
[10-Aug-2026 12:12:13 Asia/Riyadh] [QR LIB] Implicit conversion from float 7.25 to int loses precision
[10-Aug-2026 12:12:13 Asia/Riyadh] [QR LIB] Implicit conversion from float 7.5 to int loses precision
[10-Aug-2026 12:12:13 Asia/Riyadh] [QR LIB] Implicit conversion from float 7.75 to int loses precision
[10-Aug-2026 12:12:13 Asia/Riyadh] [QR LIB] Implicit conversion from float 8.25 to int loses precision
[10-Aug-2026 12:12:13 Asia/Riyadh] [QR LIB] Implicit conversion from float 8.5 to int loses precision
[10-Aug-2026 12:12:13 Asia/Riyadh] [QR LIB] Implicit conversion from float 8.75 to int loses precision
[10-Aug-2026 12:12:13 Asia/Riyadh] [QR LIB] Implicit conversion from float 9.25 to int loses precision
[10-Aug-2026 12:12:13 Asia/Riyadh] [QR LIB] Implicit conversion from float 9.5 to int loses precision
[10-Aug-2026 12:12:13 Asia/Riyadh] [QR LIB] Implicit conversion from float 9.75 to int loses precision
[10-Aug-2026 12:12:13 Asia/Riyadh] [QR LIB] Implicit conversion from float 10.25 to int loses precision
[10-Aug-2026 12:12:13 Asia/Riyadh] [QR LIB] Implicit conversion from float 10.5 to int loses precision
[10-Aug-2026 12:12:13 Asia/Riyadh] [QR LIB] Implicit conversion from float 10.75 to int loses precision
[10-Aug-2026 12:12:13 Asia/Riyadh] [QR LIB] Implicit conversion from float 11.25 to int loses precision
[10-Aug-2026 12:12:13 Asia/Riyadh] [QR LIB] Implicit conversion from float 11.5 to int loses precision
[10-Aug-2026 12:12:13 Asia/Riyadh] [QR LIB] Implicit conversion from float 11.75 to int loses precision
[10-Aug-2026 12:12:13 Asia/Riyadh] [QR LIB] Implicit conversion from float 12.25 to int loses precision
[10-Aug-2026 12:12:13 Asia/Riyadh] [QR LIB] Implicit conversion from float 12.5 to int loses precision
[10-Aug-2026 12:12:13 Asia/Riyadh] [QR LIB] Implicit conversion from float 12.75 to int loses precision
[10-Aug-2026 12:12:13 Asia/Riyadh] [QR LIB] Implicit conversion from float 13.25 to int loses precision
[10-Aug-2026 12:12:13 Asia/Riyadh] [QR LIB] Implicit conversion from float 13.5 to int loses precision
[10-Aug-2026 12:12:13 Asia/Riyadh] [QR LIB] Implicit conversion from float 13.75 to int loses precision
[10-Aug-2026 12:12:13 Asia/Riyadh] [QR LIB] Implicit conversion from float 14.25 to int loses precision
[10-Aug-2026 12:12:13 Asia/Riyadh] [QR LIB] Implicit conversion from float 14.5 to int loses precision
[10-Aug-2026 12:12:13 Asia/Riyadh] [QR LIB] Implicit conversion from float 14.75 to int loses precision
[10-Aug-2026 12:12:13 Asia/Riyadh] [QR LIB] Implicit conversion from float 15.25 to int loses precision
[10-Aug-2026 12:12:13 Asia/Riyadh] [QR LIB] Implicit conversion from float 15.5 to int loses precision
[10-Aug-2026 12:12:13 Asia/Riyadh] [QR LIB] Implicit conversion from float 15.75 to int loses precision
[10-Aug-2026 12:12:13 Asia/Riyadh] [QR LIB] Implicit conversion from float 16.25 to int loses precision
[10-Aug-2026 12:12:13 Asia/Riyadh] [QR LIB] Implicit conversion from float 16.5 to int loses precision
[10-Aug-2026 12:12:13 Asia/Riyadh] [QR LIB] Implicit conversion from float 16.75 to int loses precision
[10-Aug-2026 12:12:13 Asia/Riyadh] [QR LIB] Implicit conversion from float 17.25 to int loses precision
[10-Aug-2026 12:12:13 Asia/Riyadh] [QR LIB] Implicit conversion from float 17.5 to int loses precision
[10-Aug-2026 12:12:13 Asia/Riyadh] [QR LIB] Implicit conversion from float 17.75 to int loses precision
[10-Aug-2026 12:12:13 Asia/Riyadh] [QR LIB] Implicit conversion from float 18.25 to int loses precision
[10-Aug-2026 12:12:13 Asia/Riyadh] [QR LIB] Implicit conversion from float 18.5 to int loses precision
[10-Aug-2026 12:12:13 Asia/Riyadh] [QR LIB] Implicit conversion from float 18.75 to int loses precision
[10-Aug-2026 12:12:13 Asia/Riyadh] [QR LIB] Implicit conversion from float 19.25 to int loses precision
[10-Aug-2026 12:12:13 Asia/Riyadh] [QR LIB] Implicit conversion from float 19.5 to int loses precision
[10-Aug-2026 12:12:13 Asia/Riyadh] [QR LIB] Implicit conversion from float 19.75 to int loses precision
[10-Aug-2026 12:12:13 Asia/Riyadh] [QR LIB] Implicit conversion from float 20.25 to int loses precision
[10-Aug-2026 12:12:13 Asia/Riyadh] [QR LIB] Implicit conversion from float 20.5 to int loses precision
[10-Aug-2026 12:12:13 Asia/Riyadh] [QR LIB] Implicit conversion from float 20.75 to int loses precision
[10-Aug-2026 12:12:13 Asia/Riyadh] [QR LIB] Implicit conversion from float 21.25 to int loses precision
[10-Aug-2026 12:12:13 Asia/Riyadh] [QR LIB] Implicit conversion from float 21.5 to int loses precision
[10-Aug-2026 12:12:13 Asia/Riyadh] [QR LIB] Implicit conversion from float 21.75 to int loses precision
[10-Aug-2026 12:12:13 Asia/Riyadh] [QR LIB] Implicit conversion from float 22.25 to int loses precision
[10-Aug-2026 12:12:13 Asia/Riyadh] [QR LIB] Implicit conversion from float 22.5 to int loses precision
[10-Aug-2026 12:12:13 Asia/Riyadh] [QR LIB] Implicit conversion from float 22.75 to int loses precision
[10-Aug-2026 12:12:13 Asia/Riyadh] [QR LIB] Implicit conversion from float 23.25 to int loses precision
[10-Aug-2026 12:12:13 Asia/Riyadh] [QR LIB] Implicit conversion from float 23.5 to int loses precision
[10-Aug-2026 12:12:13 Asia/Riyadh] [QR LIB] Implicit conversion from float 23.75 to int loses precision
[10-Aug-2026 12:12:13 Asia/Riyadh] [QR LIB] Implicit conversion from float 24.25 to int loses precision
[10-Aug-2026 12:12:13 Asia/Riyadh] [QR LIB] Implicit conversion from float 24.5 to int loses precision
[10-Aug-2026 12:12:13 Asia/Riyadh] [QR LIB] Implicit conversion from float 24.75 to int loses precision
[10-Aug-2026 12:12:13 Asia/Riyadh] [QR LIB] Implicit conversion from float 25.25 to int loses precision
[10-Aug-2026 12:12:13 Asia/Riyadh] [QR LIB] Implicit conversion from float 25.5 to int loses precision
[10-Aug-2026 12:12:13 Asia/Riyadh] [QR LIB] Implicit conversion from float 25.75 to int loses precision
[10-Aug-2026 12:12:13 Asia/Riyadh] [QR LIB] Implicit conversion from float 26.25 to int loses precision
[10-Aug-2026 12:12:13 Asia/Riyadh] [QR LIB] Implicit conversion from float 26.5 to int loses precision
[10-Aug-2026 12:12:13 Asia/Riyadh] [QR LIB] Implicit conversion from float 26.75 to int loses precision
[10-Aug-2026 12:12:13 Asia/Riyadh] [QR LIB] Implicit conversion from float 27.25 to int loses precision
[10-Aug-2026 12:12:13 Asia/Riyadh] [QR LIB] Implicit conversion from float 27.5 to int loses precision
[10-Aug-2026 12:12:13 Asia/Riyadh] [QR LIB] Implicit conversion from float 27.75 to int loses precision
[10-Aug-2026 12:12:13 Asia/Riyadh] [REQ] sid=pmmol3vqdi3bt8gu9lg6tmeh75 user=yes GET /admin/documents cookie=yes
[10-Aug-2026 12:12:13 Asia/Riyadh] [REQ] sid=pmmol3vqdi3bt8gu9lg6tmeh75 user=yes GET /admin/documents cookie=yes
[10-Aug-2026 12:12:14 Asia/Riyadh] [REQ] sid=pmmol3vqdi3bt8gu9lg6tmeh75 user=yes GET /admin/documents/1/qr cookie=yes
[10-Aug-2026 12:12:14 Asia/Riyadh] [REQ] sid=pmmol3vqdi3bt8gu9lg6tmeh75 user=yes POST /admin/documents/1/activate cookie=yes
[10-Aug-2026 12:12:14 Asia/Riyadh] [REQ] sid=pmmol3vqdi3bt8gu9lg6tmeh75 user=yes GET /admin/documents cookie=yes
[10-Aug-2026 12:12:14 Asia/Riyadh] [REQ] sid=pmmol3vqdi3bt8gu9lg6tmeh75 user=yes GET /verify/c2f8a9e984f7b92d42270708241acb11 cookie=yes
[10-Aug-2026 12:12:14 Asia/Riyadh] [REQ] sid=pmmol3vqdi3bt8gu9lg6tmeh75 user=yes GET /verify/c2f8a9e984f7b92d42270708241acb11/file cookie=yes
[10-Aug-2026 12:12:14 Asia/Riyadh] [REQ] sid=pmmol3vqdi3bt8gu9lg6tmeh75 user=yes GET /admin/verifications cookie=yes
[10-Aug-2026 12:12:15 Asia/Riyadh] [REQ] sid=pmmol3vqdi3bt8gu9lg6tmeh75 user=yes POST /admin/documents/1/disable cookie=yes
[10-Aug-2026 12:12:15 Asia/Riyadh] [REQ] sid=pmmol3vqdi3bt8gu9lg6tmeh75 user=yes GET /admin/documents cookie=yes
[10-Aug-2026 12:12:15 Asia/Riyadh] [REQ] sid=pmmol3vqdi3bt8gu9lg6tmeh75 user=yes GET /verify/c2f8a9e984f7b92d42270708241acb11 cookie=yes
[10-Aug-2026 12:12:15 Asia/Riyadh] [REQ] sid=pmmol3vqdi3bt8gu9lg6tmeh75 user=yes GET /verify/aaaaaaaaaaaaaaaaaaaaaaaaaaaaaaaa cookie=yes
[10-Aug-2026 12:12:15 Asia/Riyadh] [REQ] sid=pmmol3vqdi3bt8gu9lg6tmeh75 user=yes POST /admin/documents/1/delete cookie=yes
[10-Aug-2026 12:12:15 Asia/Riyadh] [REQ] sid=pmmol3vqdi3bt8gu9lg6tmeh75 user=yes GET /admin/documents cookie=yes
[10-Aug-2026 12:12:15 Asia/Riyadh] [REQ] sid=pmmol3vqdi3bt8gu9lg6tmeh75 user=yes POST /logout cookie=yes
[10-Aug-2026 12:12:16 Asia/Riyadh] [REQ] sid=346b0fkf0f0akbonp0s0lg2466 user=no GET /login cookie=yes
[10-Aug-2026 12:12:16 Asia/Riyadh] [REQ] sid=346b0fkf0f0akbonp0s0lg2466 user=no GET /admin cookie=yes
[10-Aug-2026 12:12:16 Asia/Riyadh] [REQ] sid=346b0fkf0f0akbonp0s0lg2466 user=no GET /login cookie=yes
[10-Aug-2026 12:12:26 Asia/Riyadh] [REQ] sid=vrhimq9oeikvkqclitbd87o9s9 user=no POST /login cookie=yes
[10-Aug-2026 12:12:26 Asia/Riyadh] [REQ] sid=vrhimq9oeikvkqclitbd87o9s9 user=no GET /login cookie=yes
[10-Aug-2026 12:13:13 Asia/Riyadh] [REQ] sid=vrhimq9oeikvkqclitbd87o9s9 user=no GET /.well-known/appspecific/com.chrome.devtools.json cookie=yes
[10-Aug-2026 12:13:14 Asia/Riyadh] [REQ] sid=vrhimq9oeikvkqclitbd87o9s9 user=no GET /assets/vendor/bootstrap/bootstrap.bundle.min.js.map cookie=yes
[10-Aug-2026 12:13:14 Asia/Riyadh] [REQ] sid=vrhimq9oeikvkqclitbd87o9s9 user=no GET /assets/vendor/bootstrap/bootstrap.rtl.min.css.map cookie=yes
[10-Aug-2026 12:13:54 Asia/Riyadh] [REQ] sid=6fvfv7a3uuqnd0vtv15nn5to2d user=no GET /login cookie=no
[10-Aug-2026 12:13:54 Asia/Riyadh] [REQ] sid=83mpkmadkvktbne9f2ue18uja1 user=no GET /verify/aaaaaaaaaaaaaaaaaaaaaaaaaaaaaaaa cookie=no
[10-Aug-2026 12:15:16 Asia/Riyadh] [REQ] sid=vrhimq9oeikvkqclitbd87o9s9 user=no GET /login cookie=yes
[10-Aug-2026 12:15:28 Asia/Riyadh] [REQ] sid=vrhimq9oeikvkqclitbd87o9s9 user=no POST /login cookie=yes
[10-Aug-2026 12:15:28 Asia/Riyadh] [REQ] sid=vrhimq9oeikvkqclitbd87o9s9 user=no GET /login cookie=yes
[10-Aug-2026 12:15:35 Asia/Riyadh] [REQ] sid=vrhimq9oeikvkqclitbd87o9s9 user=no GET /.well-known/appspecific/com.chrome.devtools.json cookie=yes
[10-Aug-2026 12:15:36 Asia/Riyadh] [REQ] sid=vrhimq9oeikvkqclitbd87o9s9 user=no GET /assets/vendor/bootstrap/bootstrap.bundle.min.js.map cookie=yes
[10-Aug-2026 12:15:36 Asia/Riyadh] [REQ] sid=vrhimq9oeikvkqclitbd87o9s9 user=no GET /assets/vendor/bootstrap/bootstrap.rtl.min.css.map cookie=yes
[10-Aug-2026 12:16:08 Asia/Riyadh] [REQ] sid=737l9uecsvkc7c8u4rnffnshun user=no GET / cookie=no
[10-Aug-2026 12:16:08 Asia/Riyadh] [REQ] sid=737l9uecsvkc7c8u4rnffnshun user=no GET /login cookie=yes
[10-Aug-2026 12:16:16 Asia/Riyadh] [REQ] sid=737l9uecsvkc7c8u4rnffnshun user=no POST /login cookie=yes
[10-Aug-2026 12:16:16 Asia/Riyadh] [REQ] sid=737l9uecsvkc7c8u4rnffnshun user=no GET /login cookie=yes
[10-Aug-2026 12:22:14 Asia/Riyadh] [REQ] sid=ff0r2kithdjees610esfmb2o0g user=no GET /login cookie=no
[10-Aug-2026 12:22:14 Asia/Riyadh] [REQ] sid=ff0r2kithdjees610esfmb2o0g user=no POST /login cookie=yes
[10-Aug-2026 12:23:00 Asia/Riyadh] [REQ] sid=0nmlplh5svfmne2vbj2r3tcuve user=no GET /login cookie=no
[10-Aug-2026 12:23:00 Asia/Riyadh] [REQ] sid=r4i9vk8qlckflg2ekk3agt5181 user=no POST /login cookie=no
[10-Aug-2026 12:23:03 Asia/Riyadh] [REQ] sid=5l8mliscgibdrtdgg21gbtiu13 user=no GET /login cookie=no
[10-Aug-2026 12:23:03 Asia/Riyadh] [REQ] sid=5l8mliscgibdrtdgg21gbtiu13 user=no POST /login cookie=yes
[10-Aug-2026 12:23:03 Asia/Riyadh] [REQ] sid=5l8mliscgibdrtdgg21gbtiu13 user=no GET /login cookie=yes
[10-Aug-2026 12:23:03 Asia/Riyadh] [REQ] sid=5l8mliscgibdrtdgg21gbtiu13 user=no POST /login cookie=yes
[10-Aug-2026 12:23:03 Asia/Riyadh] [REQ] sid=bilte343k1vgrv3m83tihhb158 user=yes GET /admin cookie=yes
[10-Aug-2026 12:23:03 Asia/Riyadh] [REQ] sid=bilte343k1vgrv3m83tihhb158 user=yes GET /admin/change-password cookie=yes
[10-Aug-2026 12:23:04 Asia/Riyadh] [REQ] sid=bilte343k1vgrv3m83tihhb158 user=yes POST /admin/change-password cookie=yes
[10-Aug-2026 12:23:04 Asia/Riyadh] [REQ] sid=bilte343k1vgrv3m83tihhb158 user=yes GET /admin cookie=yes
[10-Aug-2026 12:23:04 Asia/Riyadh] [REQ] sid=bilte343k1vgrv3m83tihhb158 user=yes POST /admin/clients/store cookie=yes
[10-Aug-2026 12:23:04 Asia/Riyadh] [REQ] sid=bilte343k1vgrv3m83tihhb158 user=yes GET /admin/clients cookie=yes
[10-Aug-2026 12:23:04 Asia/Riyadh] [REQ] sid=bilte343k1vgrv3m83tihhb158 user=yes POST /admin/documents/store cookie=yes
[10-Aug-2026 12:23:04 Asia/Riyadh] PHP Deprecated:  Optional parameter $filename declared before required parameter $fore_color is implicitly treated as a required parameter in D:\client1\vendor\phpqrcode\qrimage.php on line 30
[10-Aug-2026 12:23:04 Asia/Riyadh] PHP Deprecated:  Optional parameter $pixelPerPoint declared before required parameter $fore_color is implicitly treated as a required parameter in D:\client1\vendor\phpqrcode\qrimage.php on line 30
[10-Aug-2026 12:23:04 Asia/Riyadh] PHP Deprecated:  Optional parameter $outerFrame declared before required parameter $fore_color is implicitly treated as a required parameter in D:\client1\vendor\phpqrcode\qrimage.php on line 30
[10-Aug-2026 12:23:04 Asia/Riyadh] PHP Deprecated:  Optional parameter $saveandprint declared before required parameter $fore_color is implicitly treated as a required parameter in D:\client1\vendor\phpqrcode\qrimage.php on line 30
[10-Aug-2026 12:23:04 Asia/Riyadh] PHP Deprecated:  Optional parameter $filename declared before required parameter $fore_color is implicitly treated as a required parameter in D:\client1\vendor\phpqrcode\qrvect.php on line 140
[10-Aug-2026 12:23:04 Asia/Riyadh] PHP Deprecated:  Optional parameter $pixelPerPoint declared before required parameter $fore_color is implicitly treated as a required parameter in D:\client1\vendor\phpqrcode\qrvect.php on line 140
[10-Aug-2026 12:23:04 Asia/Riyadh] PHP Deprecated:  Optional parameter $outerFrame declared before required parameter $fore_color is implicitly treated as a required parameter in D:\client1\vendor\phpqrcode\qrvect.php on line 140
[10-Aug-2026 12:23:04 Asia/Riyadh] PHP Deprecated:  Optional parameter $saveandprint declared before required parameter $fore_color is implicitly treated as a required parameter in D:\client1\vendor\phpqrcode\qrvect.php on line 140
[10-Aug-2026 12:23:04 Asia/Riyadh] [QR LIB] Creation of dynamic property QRencode::$cmyk is deprecated
[10-Aug-2026 12:23:04 Asia/Riyadh] [QR LIB] Implicit conversion from float 0.2 to int loses precision
[10-Aug-2026 12:23:04 Asia/Riyadh] [QR LIB] Implicit conversion from float 0.4 to int loses precision
[10-Aug-2026 12:23:04 Asia/Riyadh] [QR LIB] Implicit conversion from float 0.6 to int loses precision
[10-Aug-2026 12:23:04 Asia/Riyadh] [QR LIB] Implicit conversion from float 0.8 to int loses precision
[10-Aug-2026 12:23:04 Asia/Riyadh] [QR LIB] Implicit conversion from float 1.2 to int loses precision
[10-Aug-2026 12:23:04 Asia/Riyadh] [QR LIB] Implicit conversion from float 1.4 to int loses precision
[10-Aug-2026 12:23:04 Asia/Riyadh] [QR LIB] Implicit conversion from float 1.6 to int loses precision
[10-Aug-2026 12:23:04 Asia/Riyadh] [QR LIB] Implicit conversion from float 1.8 to int loses precision
[10-Aug-2026 12:23:04 Asia/Riyadh] [QR LIB] Implicit conversion from float 2.2 to int loses precision
[10-Aug-2026 12:23:04 Asia/Riyadh] [QR LIB] Implicit conversion from float 2.4 to int loses precision
[10-Aug-2026 12:23:04 Asia/Riyadh] [QR LIB] Implicit conversion from float 2.6 to int loses precision
[10-Aug-2026 12:23:04 Asia/Riyadh] [QR LIB] Implicit conversion from float 2.8 to int loses precision
[10-Aug-2026 12:23:04 Asia/Riyadh] [QR LIB] Implicit conversion from float 3.2 to int loses precision
[10-Aug-2026 12:23:04 Asia/Riyadh] [QR LIB] Implicit conversion from float 3.4 to int loses precision
[10-Aug-2026 12:23:04 Asia/Riyadh] [QR LIB] Implicit conversion from float 3.6 to int loses precision
[10-Aug-2026 12:23:04 Asia/Riyadh] [QR LIB] Implicit conversion from float 3.8 to int loses precision
[10-Aug-2026 12:23:04 Asia/Riyadh] [QR LIB] Implicit conversion from float 4.2 to int loses precision
[10-Aug-2026 12:23:05 Asia/Riyadh] [QR LIB] Implicit conversion from float 4.4 to int loses precision
[10-Aug-2026 12:23:05 Asia/Riyadh] [QR LIB] Implicit conversion from float 4.6 to int loses precision
[10-Aug-2026 12:23:05 Asia/Riyadh] [QR LIB] Implicit conversion from float 4.8 to int loses precision
[10-Aug-2026 12:23:05 Asia/Riyadh] [QR LIB] Implicit conversion from float 5.2 to int loses precision
[10-Aug-2026 12:23:05 Asia/Riyadh] [QR LIB] Implicit conversion from float 5.4 to int loses precision
[10-Aug-2026 12:23:05 Asia/Riyadh] [QR LIB] Implicit conversion from float 5.6 to int loses precision
[10-Aug-2026 12:23:05 Asia/Riyadh] [QR LIB] Implicit conversion from float 5.8 to int loses precision
[10-Aug-2026 12:23:05 Asia/Riyadh] [QR LIB] Implicit conversion from float 6.2 to int loses precision
[10-Aug-2026 12:23:05 Asia/Riyadh] [QR LIB] Implicit conversion from float 6.4 to int loses precision
[10-Aug-2026 12:23:05 Asia/Riyadh] [QR LIB] Implicit conversion from float 6.6 to int loses precision
[10-Aug-2026 12:23:05 Asia/Riyadh] [QR LIB] Implicit conversion from float 6.8 to int loses precision
[10-Aug-2026 12:23:05 Asia/Riyadh] [QR LIB] Implicit conversion from float 7.2 to int loses precision
[10-Aug-2026 12:23:05 Asia/Riyadh] [QR LIB] Implicit conversion from float 7.4 to int loses precision
[10-Aug-2026 12:23:05 Asia/Riyadh] [QR LIB] Implicit conversion from float 7.6 to int loses precision
[10-Aug-2026 12:23:05 Asia/Riyadh] [QR LIB] Implicit conversion from float 7.8 to int loses precision
[10-Aug-2026 12:23:05 Asia/Riyadh] [QR LIB] Implicit conversion from float 8.2 to int loses precision
[10-Aug-2026 12:23:05 Asia/Riyadh] [QR LIB] Implicit conversion from float 8.4 to int loses precision
[10-Aug-2026 12:23:05 Asia/Riyadh] [QR LIB] Implicit conversion from float 8.6 to int loses precision
[10-Aug-2026 12:23:05 Asia/Riyadh] [QR LIB] Implicit conversion from float 8.8 to int loses precision
[10-Aug-2026 12:23:05 Asia/Riyadh] [QR LIB] Implicit conversion from float 9.2 to int loses precision
[10-Aug-2026 12:23:05 Asia/Riyadh] [QR LIB] Implicit conversion from float 9.4 to int loses precision
[10-Aug-2026 12:23:05 Asia/Riyadh] [QR LIB] Implicit conversion from float 9.6 to int loses precision
[10-Aug-2026 12:23:05 Asia/Riyadh] [QR LIB] Implicit conversion from float 9.8 to int loses precision
[10-Aug-2026 12:23:05 Asia/Riyadh] [QR LIB] Implicit conversion from float 10.2 to int loses precision
[10-Aug-2026 12:23:05 Asia/Riyadh] [QR LIB] Implicit conversion from float 10.4 to int loses precision
[10-Aug-2026 12:23:05 Asia/Riyadh] [QR LIB] Implicit conversion from float 10.6 to int loses precision
[10-Aug-2026 12:23:05 Asia/Riyadh] [QR LIB] Implicit conversion from float 10.8 to int loses precision
[10-Aug-2026 12:23:05 Asia/Riyadh] [QR LIB] Implicit conversion from float 11.2 to int loses precision
[10-Aug-2026 12:23:05 Asia/Riyadh] [QR LIB] Implicit conversion from float 11.4 to int loses precision
[10-Aug-2026 12:23:05 Asia/Riyadh] [QR LIB] Implicit conversion from float 11.6 to int loses precision
[10-Aug-2026 12:23:05 Asia/Riyadh] [QR LIB] Implicit conversion from float 11.8 to int loses precision
[10-Aug-2026 12:23:05 Asia/Riyadh] [QR LIB] Implicit conversion from float 12.2 to int loses precision
[10-Aug-2026 12:23:05 Asia/Riyadh] [QR LIB] Implicit conversion from float 12.4 to int loses precision
[10-Aug-2026 12:23:05 Asia/Riyadh] [QR LIB] Implicit conversion from float 12.6 to int loses precision
[10-Aug-2026 12:23:05 Asia/Riyadh] [QR LIB] Implicit conversion from float 12.8 to int loses precision
[10-Aug-2026 12:23:05 Asia/Riyadh] [QR LIB] Implicit conversion from float 0.2 to int loses precision
[10-Aug-2026 12:23:05 Asia/Riyadh] [QR LIB] Implicit conversion from float 0.4 to int loses precision
[10-Aug-2026 12:23:05 Asia/Riyadh] [QR LIB] Implicit conversion from float 0.6 to int loses precision
[10-Aug-2026 12:23:05 Asia/Riyadh] [QR LIB] Implicit conversion from float 0.8 to int loses precision
[10-Aug-2026 12:23:05 Asia/Riyadh] [QR LIB] Implicit conversion from float 1.2 to int loses precision
[10-Aug-2026 12:23:05 Asia/Riyadh] [QR LIB] Implicit conversion from float 1.4 to int loses precision
[10-Aug-2026 12:23:05 Asia/Riyadh] [QR LIB] Implicit conversion from float 1.6 to int loses precision
[10-Aug-2026 12:23:05 Asia/Riyadh] [QR LIB] Implicit conversion from float 1.8 to int loses precision
[10-Aug-2026 12:23:05 Asia/Riyadh] [QR LIB] Implicit conversion from float 2.2 to int loses precision
[10-Aug-2026 12:23:05 Asia/Riyadh] [QR LIB] Implicit conversion from float 2.4 to int loses precision
[10-Aug-2026 12:23:05 Asia/Riyadh] [QR LIB] Implicit conversion from float 2.6 to int loses precision
[10-Aug-2026 12:23:05 Asia/Riyadh] [QR LIB] Implicit conversion from float 2.8 to int loses precision
[10-Aug-2026 12:23:05 Asia/Riyadh] [QR LIB] Implicit conversion from float 3.2 to int loses precision
[10-Aug-2026 12:23:05 Asia/Riyadh] [QR LIB] Implicit conversion from float 3.4 to int loses precision
[10-Aug-2026 12:23:05 Asia/Riyadh] [QR LIB] Implicit conversion from float 3.6 to int loses precision
[10-Aug-2026 12:23:05 Asia/Riyadh] [QR LIB] Implicit conversion from float 3.8 to int loses precision
[10-Aug-2026 12:23:05 Asia/Riyadh] [QR LIB] Implicit conversion from float 4.2 to int loses precision
[10-Aug-2026 12:23:05 Asia/Riyadh] [QR LIB] Implicit conversion from float 4.4 to int loses precision
[10-Aug-2026 12:23:05 Asia/Riyadh] [QR LIB] Implicit conversion from float 4.6 to int loses precision
[10-Aug-2026 12:23:05 Asia/Riyadh] [QR LIB] Implicit conversion from float 4.8 to int loses precision
[10-Aug-2026 12:23:05 Asia/Riyadh] [QR LIB] Implicit conversion from float 5.2 to int loses precision
[10-Aug-2026 12:23:05 Asia/Riyadh] [QR LIB] Implicit conversion from float 5.4 to int loses precision
[10-Aug-2026 12:23:05 Asia/Riyadh] [QR LIB] Implicit conversion from float 5.6 to int loses precision
[10-Aug-2026 12:23:05 Asia/Riyadh] [QR LIB] Implicit conversion from float 5.8 to int loses precision
[10-Aug-2026 12:23:05 Asia/Riyadh] [QR LIB] Implicit conversion from float 6.2 to int loses precision
[10-Aug-2026 12:23:05 Asia/Riyadh] [QR LIB] Implicit conversion from float 6.4 to int loses precision
[10-Aug-2026 12:23:05 Asia/Riyadh] [QR LIB] Implicit conversion from float 6.6 to int loses precision
[10-Aug-2026 12:23:05 Asia/Riyadh] [QR LIB] Implicit conversion from float 6.8 to int loses precision
[10-Aug-2026 12:23:05 Asia/Riyadh] [QR LIB] Implicit conversion from float 7.2 to int loses precision
[10-Aug-2026 12:23:05 Asia/Riyadh] [QR LIB] Implicit conversion from float 7.4 to int loses precision
[10-Aug-2026 12:23:05 Asia/Riyadh] [QR LIB] Implicit conversion from float 7.6 to int loses precision
[10-Aug-2026 12:23:05 Asia/Riyadh] [QR LIB] Implicit conversion from float 7.8 to int loses precision
[10-Aug-2026 12:23:05 Asia/Riyadh] [QR LIB] Implicit conversion from float 8.2 to int loses precision
[10-Aug-2026 12:23:05 Asia/Riyadh] [QR LIB] Implicit conversion from float 8.4 to int loses precision
[10-Aug-2026 12:23:05 Asia/Riyadh] [QR LIB] Implicit conversion from float 8.6 to int loses precision
[10-Aug-2026 12:23:05 Asia/Riyadh] [QR LIB] Implicit conversion from float 8.8 to int loses precision
[10-Aug-2026 12:23:05 Asia/Riyadh] [QR LIB] Implicit conversion from float 9.2 to int loses precision
[10-Aug-2026 12:23:05 Asia/Riyadh] [QR LIB] Implicit conversion from float 9.4 to int loses precision
[10-Aug-2026 12:23:05 Asia/Riyadh] [QR LIB] Implicit conversion from float 9.6 to int loses precision
[10-Aug-2026 12:23:05 Asia/Riyadh] [QR LIB] Implicit conversion from float 9.8 to int loses precision
[10-Aug-2026 12:23:05 Asia/Riyadh] [QR LIB] Implicit conversion from float 10.2 to int loses precision
[10-Aug-2026 12:23:05 Asia/Riyadh] [QR LIB] Implicit conversion from float 10.4 to int loses precision
[10-Aug-2026 12:23:05 Asia/Riyadh] [QR LIB] Implicit conversion from float 10.6 to int loses precision
[10-Aug-2026 12:23:05 Asia/Riyadh] [QR LIB] Implicit conversion from float 10.8 to int loses precision
[10-Aug-2026 12:23:05 Asia/Riyadh] [QR LIB] Implicit conversion from float 11.2 to int loses precision
[10-Aug-2026 12:23:05 Asia/Riyadh] [QR LIB] Implicit conversion from float 11.4 to int loses precision
[10-Aug-2026 12:23:05 Asia/Riyadh] [QR LIB] Implicit conversion from float 11.6 to int loses precision
[10-Aug-2026 12:23:05 Asia/Riyadh] [QR LIB] Implicit conversion from float 11.8 to int loses precision
[10-Aug-2026 12:23:05 Asia/Riyadh] [QR LIB] Implicit conversion from float 12.2 to int loses precision
[10-Aug-2026 12:23:05 Asia/Riyadh] [QR LIB] Implicit conversion from float 12.4 to int loses precision
[10-Aug-2026 12:23:05 Asia/Riyadh] [QR LIB] Implicit conversion from float 12.6 to int loses precision
[10-Aug-2026 12:23:05 Asia/Riyadh] [QR LIB] Implicit conversion from float 12.8 to int loses precision
[10-Aug-2026 12:23:05 Asia/Riyadh] [QR LIB] Implicit conversion from float 13.2 to int loses precision
[10-Aug-2026 12:23:05 Asia/Riyadh] [QR LIB] Implicit conversion from float 13.4 to int loses precision
[10-Aug-2026 12:23:05 Asia/Riyadh] [QR LIB] Implicit conversion from float 13.6 to int loses precision
[10-Aug-2026 12:23:05 Asia/Riyadh] [QR LIB] Implicit conversion from float 13.8 to int loses precision
[10-Aug-2026 12:23:05 Asia/Riyadh] [QR LIB] Implicit conversion from float 14.2 to int loses precision
[10-Aug-2026 12:23:05 Asia/Riyadh] [QR LIB] Implicit conversion from float 14.4 to int loses precision
[10-Aug-2026 12:23:05 Asia/Riyadh] [QR LIB] Implicit conversion from float 14.6 to int loses precision
[10-Aug-2026 12:23:05 Asia/Riyadh] [QR LIB] Implicit conversion from float 14.8 to int loses precision
[10-Aug-2026 12:23:05 Asia/Riyadh] [QR LIB] Implicit conversion from float 15.2 to int loses precision
[10-Aug-2026 12:23:05 Asia/Riyadh] [QR LIB] Implicit conversion from float 15.4 to int loses precision
[10-Aug-2026 12:23:05 Asia/Riyadh] [QR LIB] Implicit conversion from float 15.6 to int loses precision
[10-Aug-2026 12:23:05 Asia/Riyadh] [QR LIB] Implicit conversion from float 15.8 to int loses precision
[10-Aug-2026 12:23:05 Asia/Riyadh] [QR LIB] Implicit conversion from float 16.2 to int loses precision
[10-Aug-2026 12:23:05 Asia/Riyadh] [QR LIB] Implicit conversion from float 16.4 to int loses precision
[10-Aug-2026 12:23:05 Asia/Riyadh] [QR LIB] Implicit conversion from float 16.6 to int loses precision
[10-Aug-2026 12:23:05 Asia/Riyadh] [QR LIB] Implicit conversion from float 16.8 to int loses precision
[10-Aug-2026 12:23:05 Asia/Riyadh] [QR LIB] Implicit conversion from float 17.2 to int loses precision
[10-Aug-2026 12:23:05 Asia/Riyadh] [QR LIB] Implicit conversion from float 17.4 to int loses precision
[10-Aug-2026 12:23:05 Asia/Riyadh] [QR LIB] Implicit conversion from float 17.6 to int loses precision
[10-Aug-2026 12:23:05 Asia/Riyadh] [QR LIB] Implicit conversion from float 17.8 to int loses precision
[10-Aug-2026 12:23:05 Asia/Riyadh] [QR LIB] Implicit conversion from float 18.2 to int loses precision
[10-Aug-2026 12:23:05 Asia/Riyadh] [QR LIB] Implicit conversion from float 18.4 to int loses precision
[10-Aug-2026 12:23:05 Asia/Riyadh] [QR LIB] Implicit conversion from float 18.6 to int loses precision
[10-Aug-2026 12:23:05 Asia/Riyadh] [QR LIB] Implicit conversion from float 18.8 to int loses precision
[10-Aug-2026 12:23:05 Asia/Riyadh] [QR LIB] Implicit conversion from float 19.2 to int loses precision
[10-Aug-2026 12:23:05 Asia/Riyadh] [QR LIB] Implicit conversion from float 19.4 to int loses precision
[10-Aug-2026 12:23:05 Asia/Riyadh] [QR LIB] Implicit conversion from float 19.6 to int loses precision
[10-Aug-2026 12:23:05 Asia/Riyadh] [QR LIB] Implicit conversion from float 19.8 to int loses precision
[10-Aug-2026 12:23:05 Asia/Riyadh] [QR LIB] Implicit conversion from float 20.2 to int loses precision
[10-Aug-2026 12:23:05 Asia/Riyadh] [QR LIB] Implicit conversion from float 20.4 to int loses precision
[10-Aug-2026 12:23:05 Asia/Riyadh] [QR LIB] Implicit conversion from float 20.6 to int loses precision
[10-Aug-2026 12:23:05 Asia/Riyadh] [QR LIB] Implicit conversion from float 20.8 to int loses precision
[10-Aug-2026 12:23:05 Asia/Riyadh] [QR LIB] Implicit conversion from float 21.2 to int loses precision
[10-Aug-2026 12:23:05 Asia/Riyadh] [QR LIB] Implicit conversion from float 21.4 to int loses precision
[10-Aug-2026 12:23:05 Asia/Riyadh] [QR LIB] Implicit conversion from float 21.6 to int loses precision
[10-Aug-2026 12:23:05 Asia/Riyadh] [QR LIB] Implicit conversion from float 21.8 to int loses precision
[10-Aug-2026 12:23:05 Asia/Riyadh] [QR LIB] Implicit conversion from float 22.2 to int loses precision
[10-Aug-2026 12:23:05 Asia/Riyadh] [QR LIB] Implicit conversion from float 22.4 to int loses precision
[10-Aug-2026 12:23:05 Asia/Riyadh] [QR LIB] Implicit conversion from float 22.6 to int loses precision
[10-Aug-2026 12:23:05 Asia/Riyadh] [QR LIB] Implicit conversion from float 22.8 to int loses precision
[10-Aug-2026 12:23:05 Asia/Riyadh] [QR LIB] Implicit conversion from float 23.2 to int loses precision
[10-Aug-2026 12:23:05 Asia/Riyadh] [QR LIB] Implicit conversion from float 23.4 to int loses precision
[10-Aug-2026 12:23:05 Asia/Riyadh] [QR LIB] Implicit conversion from float 23.6 to int loses precision
[10-Aug-2026 12:23:05 Asia/Riyadh] [QR LIB] Implicit conversion from float 23.8 to int loses precision
[10-Aug-2026 12:23:05 Asia/Riyadh] [QR LIB] Implicit conversion from float 24.2 to int loses precision
[10-Aug-2026 12:23:05 Asia/Riyadh] [QR LIB] Implicit conversion from float 24.4 to int loses precision
[10-Aug-2026 12:23:05 Asia/Riyadh] [QR LIB] Implicit conversion from float 24.6 to int loses precision
[10-Aug-2026 12:23:05 Asia/Riyadh] [QR LIB] Implicit conversion from float 24.8 to int loses precision
[10-Aug-2026 12:23:05 Asia/Riyadh] [QR LIB] Implicit conversion from float 25.2 to int loses precision
[10-Aug-2026 12:23:05 Asia/Riyadh] [QR LIB] Implicit conversion from float 25.4 to int loses precision
[10-Aug-2026 12:23:05 Asia/Riyadh] [QR LIB] Implicit conversion from float 25.6 to int loses precision
[10-Aug-2026 12:23:05 Asia/Riyadh] [QR LIB] Implicit conversion from float 25.8 to int loses precision
[10-Aug-2026 12:23:05 Asia/Riyadh] [REQ] sid=bilte343k1vgrv3m83tihhb158 user=yes GET /admin/documents cookie=yes
[10-Aug-2026 12:23:05 Asia/Riyadh] [REQ] sid=bilte343k1vgrv3m83tihhb158 user=yes GET /admin/documents cookie=yes
[10-Aug-2026 12:23:05 Asia/Riyadh] [REQ] sid=bilte343k1vgrv3m83tihhb158 user=yes GET /admin/documents/1/qr cookie=yes
[10-Aug-2026 12:23:05 Asia/Riyadh] [REQ] sid=bilte343k1vgrv3m83tihhb158 user=yes POST /admin/documents/1/activate cookie=yes
[10-Aug-2026 12:23:05 Asia/Riyadh] [REQ] sid=bilte343k1vgrv3m83tihhb158 user=yes GET /admin/documents cookie=yes
[10-Aug-2026 12:23:06 Asia/Riyadh] [REQ] sid=bilte343k1vgrv3m83tihhb158 user=yes GET /verify/2832c4d0eab74455f91e2e343f5c84cf cookie=yes
[10-Aug-2026 12:23:06 Asia/Riyadh] [REQ] sid=bilte343k1vgrv3m83tihhb158 user=yes GET /verify/2832c4d0eab74455f91e2e343f5c84cf/file cookie=yes
[10-Aug-2026 12:23:06 Asia/Riyadh] [REQ] sid=bilte343k1vgrv3m83tihhb158 user=yes GET /admin/verifications cookie=yes
[10-Aug-2026 12:23:06 Asia/Riyadh] [REQ] sid=bilte343k1vgrv3m83tihhb158 user=yes POST /admin/documents/1/disable cookie=yes
[10-Aug-2026 12:23:06 Asia/Riyadh] [REQ] sid=bilte343k1vgrv3m83tihhb158 user=yes GET /admin/documents cookie=yes
[10-Aug-2026 12:23:06 Asia/Riyadh] [REQ] sid=bilte343k1vgrv3m83tihhb158 user=yes GET /verify/2832c4d0eab74455f91e2e343f5c84cf cookie=yes
[10-Aug-2026 12:23:06 Asia/Riyadh] [REQ] sid=bilte343k1vgrv3m83tihhb158 user=yes GET /verify/aaaaaaaaaaaaaaaaaaaaaaaaaaaaaaaa cookie=yes
[10-Aug-2026 12:23:07 Asia/Riyadh] [REQ] sid=bilte343k1vgrv3m83tihhb158 user=yes POST /admin/documents/1/delete cookie=yes
[10-Aug-2026 12:23:07 Asia/Riyadh] [REQ] sid=bilte343k1vgrv3m83tihhb158 user=yes GET /admin/documents cookie=yes
[10-Aug-2026 12:23:07 Asia/Riyadh] [REQ] sid=bilte343k1vgrv3m83tihhb158 user=yes POST /logout cookie=yes
[10-Aug-2026 12:23:07 Asia/Riyadh] [REQ] sid=j3qq3fe57ik9bs525p7sfb0f6k user=no GET /login cookie=yes
[10-Aug-2026 12:23:07 Asia/Riyadh] [REQ] sid=j3qq3fe57ik9bs525p7sfb0f6k user=no GET /admin cookie=yes
[10-Aug-2026 12:23:07 Asia/Riyadh] [REQ] sid=j3qq3fe57ik9bs525p7sfb0f6k user=no GET /login cookie=yes
[10-Aug-2026 12:23:26 Asia/Riyadh] [REQ] sid=18t0lp7q9sjr9afvn93dfsbco8 user=no GET /login cookie=no
[10-Aug-2026 12:23:26 Asia/Riyadh] [REQ] sid=18t0lp7q9sjr9afvn93dfsbco8 user=no POST /login cookie=yes
[10-Aug-2026 12:23:27 Asia/Riyadh] [REQ] sid=18t0lp7q9sjr9afvn93dfsbco8 user=no GET /login cookie=yes
[10-Aug-2026 12:23:50 Asia/Riyadh] [REQ] sid=b7snlnqqunu5unkfev8745qaq1 user=no GET /logout cookie=no
[10-Aug-2026 12:23:50 Asia/Riyadh] [REQ] sid=5app07vp7giln01ckrsm5upcfr user=no GET /windows/win.ini cookie=no
[10-Aug-2026 12:23:51 Asia/Riyadh] [REQ] sid=dqchef8kgdqi0av77ujdracskq user=no GET /config/config.php cookie=no
[10-Aug-2026 12:23:51 Asia/Riyadh] [REQ] sid=5vn71h2rmrntgalfjproovvvlb user=no GET /.htaccess cookie=no
[10-Aug-2026 12:23:51 Asia/Riyadh] [REQ] sid=l9kaoas8qtg3pgvmj4duemtu8l user=no GET /storage/documents/a479a2fbebbd2509da6315b5d6b041da.pdf cookie=no
[10-Aug-2026 12:24:12 Asia/Riyadh] [REQ] sid=euofm9vacv56q476jq55h3b7if user=no GET /admin cookie=no
[10-Aug-2026 12:24:33 Asia/Riyadh] [REQ] sid=5h4e671tll19aqp3k0h12p0qim user=no GET /login cookie=no
[10-Aug-2026 12:25:26 Asia/Riyadh] [REQ] sid=b86jed8ktre6b27fp441jkr7sd user=no GET /login cookie=no
[10-Aug-2026 12:25:27 Asia/Riyadh] [REQ] sid=b86jed8ktre6b27fp441jkr7sd user=no POST /login cookie=yes
[10-Aug-2026 12:25:27 Asia/Riyadh] [REQ] sid=b86jed8ktre6b27fp441jkr7sd user=no GET /login cookie=yes
[10-Aug-2026 12:35:10 Asia/Riyadh] [REQ] sid=cc4nl9nji8q1hbvp07i3ucsa37 user=no GET /login cookie=no
[10-Aug-2026 12:35:22 Asia/Riyadh] [REQ] sid=ubsia5e9da0lufc4efo6er8c2u user=no GET /login cookie=no
[10-Aug-2026 12:35:59 Asia/Riyadh] [REQ] sid=vrhimq9oeikvkqclitbd87o9s9 user=no POST /login cookie=yes
[10-Aug-2026 12:35:59 Asia/Riyadh] [REQ] sid=47fos1si3fe37a4ti8ss02s999 user=yes GET /admin cookie=yes
[10-Aug-2026 12:35:59 Asia/Riyadh] [REQ] sid=47fos1si3fe37a4ti8ss02s999 user=yes GET /admin/change-password cookie=yes
[10-Aug-2026 12:36:06 Asia/Riyadh] [REQ] sid=e7q4vapokm2fbj13kgmtjla0sg user=no GET /login cookie=no
[10-Aug-2026 12:36:06 Asia/Riyadh] [REQ] sid=e7q4vapokm2fbj13kgmtjla0sg user=no POST /login cookie=yes
[10-Aug-2026 12:36:06 Asia/Riyadh] [REQ] sid=173rh21k20f04qqr3p2jt52vv8 user=yes GET /admin cookie=yes
[10-Aug-2026 12:36:06 Asia/Riyadh] [REQ] sid=173rh21k20f04qqr3p2jt52vv8 user=yes GET /admin/change-password cookie=yes
[10-Aug-2026 12:36:42 Asia/Riyadh] [REQ] sid=47fos1si3fe37a4ti8ss02s999 user=yes POST /admin/change-password cookie=yes
[10-Aug-2026 12:36:43 Asia/Riyadh] [REQ] sid=47fos1si3fe37a4ti8ss02s999 user=yes GET /admin/change-password cookie=yes
[10-Aug-2026 12:37:08 Asia/Riyadh] [REQ] sid=47fos1si3fe37a4ti8ss02s999 user=yes POST /admin/change-password cookie=yes
[10-Aug-2026 12:37:09 Asia/Riyadh] [REQ] sid=47fos1si3fe37a4ti8ss02s999 user=yes GET /admin cookie=yes
[10-Aug-2026 12:37:21 Asia/Riyadh] [REQ] sid=47fos1si3fe37a4ti8ss02s999 user=yes GET /admin/clients cookie=yes
[10-Aug-2026 12:37:46 Asia/Riyadh] [REQ] sid=47fos1si3fe37a4ti8ss02s999 user=yes POST /admin/clients/1/delete cookie=yes
[10-Aug-2026 12:37:46 Asia/Riyadh] [REQ] sid=47fos1si3fe37a4ti8ss02s999 user=yes GET /admin/clients cookie=yes
[10-Aug-2026 12:37:48 Asia/Riyadh] [REQ] sid=47fos1si3fe37a4ti8ss02s999 user=yes GET /admin/clients/create cookie=yes
[10-Aug-2026 12:37:55 Asia/Riyadh] [REQ] sid=47fos1si3fe37a4ti8ss02s999 user=yes POST /admin/clients/store cookie=yes
[10-Aug-2026 12:37:55 Asia/Riyadh] [REQ] sid=47fos1si3fe37a4ti8ss02s999 user=yes GET /admin/clients cookie=yes
[10-Aug-2026 12:37:59 Asia/Riyadh] [REQ] sid=47fos1si3fe37a4ti8ss02s999 user=yes GET /admin/documents cookie=yes
[10-Aug-2026 12:38:01 Asia/Riyadh] [REQ] sid=47fos1si3fe37a4ti8ss02s999 user=yes GET /admin/documents/upload cookie=yes
[10-Aug-2026 12:39:16 Asia/Riyadh] [REQ] sid=47fos1si3fe37a4ti8ss02s999 user=yes POST /admin/documents/store cookie=yes
[10-Aug-2026 12:39:16 Asia/Riyadh] PHP Deprecated:  Optional parameter $filename declared before required parameter $fore_color is implicitly treated as a required parameter in D:\client1\vendor\phpqrcode\qrimage.php on line 30
[10-Aug-2026 12:39:16 Asia/Riyadh] PHP Deprecated:  Optional parameter $pixelPerPoint declared before required parameter $fore_color is implicitly treated as a required parameter in D:\client1\vendor\phpqrcode\qrimage.php on line 30
[10-Aug-2026 12:39:16 Asia/Riyadh] PHP Deprecated:  Optional parameter $outerFrame declared before required parameter $fore_color is implicitly treated as a required parameter in D:\client1\vendor\phpqrcode\qrimage.php on line 30
[10-Aug-2026 12:39:16 Asia/Riyadh] PHP Deprecated:  Optional parameter $saveandprint declared before required parameter $fore_color is implicitly treated as a required parameter in D:\client1\vendor\phpqrcode\qrimage.php on line 30
[10-Aug-2026 12:39:16 Asia/Riyadh] PHP Deprecated:  Optional parameter $filename declared before required parameter $fore_color is implicitly treated as a required parameter in D:\client1\vendor\phpqrcode\qrvect.php on line 140
[10-Aug-2026 12:39:16 Asia/Riyadh] PHP Deprecated:  Optional parameter $pixelPerPoint declared before required parameter $fore_color is implicitly treated as a required parameter in D:\client1\vendor\phpqrcode\qrvect.php on line 140
[10-Aug-2026 12:39:16 Asia/Riyadh] PHP Deprecated:  Optional parameter $outerFrame declared before required parameter $fore_color is implicitly treated as a required parameter in D:\client1\vendor\phpqrcode\qrvect.php on line 140
[10-Aug-2026 12:39:16 Asia/Riyadh] PHP Deprecated:  Optional parameter $saveandprint declared before required parameter $fore_color is implicitly treated as a required parameter in D:\client1\vendor\phpqrcode\qrvect.php on line 140
[10-Aug-2026 12:39:16 Asia/Riyadh] [QR LIB] Creation of dynamic property QRencode::$cmyk is deprecated
[10-Aug-2026 12:39:16 Asia/Riyadh] [QR LIB] Implicit conversion from float 0.2 to int loses precision
[10-Aug-2026 12:39:16 Asia/Riyadh] [QR LIB] Implicit conversion from float 0.4 to int loses precision
[10-Aug-2026 12:39:16 Asia/Riyadh] [QR LIB] Implicit conversion from float 0.6 to int loses precision
[10-Aug-2026 12:39:16 Asia/Riyadh] [QR LIB] Implicit conversion from float 0.8 to int loses precision
[10-Aug-2026 12:39:16 Asia/Riyadh] [QR LIB] Implicit conversion from float 1.2 to int loses precision
[10-Aug-2026 12:39:16 Asia/Riyadh] [QR LIB] Implicit conversion from float 1.4 to int loses precision
[10-Aug-2026 12:39:16 Asia/Riyadh] [QR LIB] Implicit conversion from float 1.6 to int loses precision
[10-Aug-2026 12:39:16 Asia/Riyadh] [QR LIB] Implicit conversion from float 1.8 to int loses precision
[10-Aug-2026 12:39:16 Asia/Riyadh] [QR LIB] Implicit conversion from float 2.2 to int loses precision
[10-Aug-2026 12:39:16 Asia/Riyadh] [QR LIB] Implicit conversion from float 2.4 to int loses precision
[10-Aug-2026 12:39:16 Asia/Riyadh] [QR LIB] Implicit conversion from float 2.6 to int loses precision
[10-Aug-2026 12:39:16 Asia/Riyadh] [QR LIB] Implicit conversion from float 2.8 to int loses precision
[10-Aug-2026 12:39:16 Asia/Riyadh] [QR LIB] Implicit conversion from float 3.2 to int loses precision
[10-Aug-2026 12:39:16 Asia/Riyadh] [QR LIB] Implicit conversion from float 3.4 to int loses precision
[10-Aug-2026 12:39:16 Asia/Riyadh] [QR LIB] Implicit conversion from float 3.6 to int loses precision
[10-Aug-2026 12:39:16 Asia/Riyadh] [QR LIB] Implicit conversion from float 3.8 to int loses precision
[10-Aug-2026 12:39:16 Asia/Riyadh] [QR LIB] Implicit conversion from float 4.2 to int loses precision
[10-Aug-2026 12:39:16 Asia/Riyadh] [QR LIB] Implicit conversion from float 4.4 to int loses precision
[10-Aug-2026 12:39:16 Asia/Riyadh] [QR LIB] Implicit conversion from float 4.6 to int loses precision
[10-Aug-2026 12:39:16 Asia/Riyadh] [QR LIB] Implicit conversion from float 4.8 to int loses precision
[10-Aug-2026 12:39:16 Asia/Riyadh] [QR LIB] Implicit conversion from float 5.2 to int loses precision
[10-Aug-2026 12:39:16 Asia/Riyadh] [QR LIB] Implicit conversion from float 5.4 to int loses precision
[10-Aug-2026 12:39:16 Asia/Riyadh] [QR LIB] Implicit conversion from float 5.6 to int loses precision
[10-Aug-2026 12:39:16 Asia/Riyadh] [QR LIB] Implicit conversion from float 5.8 to int loses precision
[10-Aug-2026 12:39:16 Asia/Riyadh] [QR LIB] Implicit conversion from float 6.2 to int loses precision
[10-Aug-2026 12:39:16 Asia/Riyadh] [QR LIB] Implicit conversion from float 6.4 to int loses precision
[10-Aug-2026 12:39:16 Asia/Riyadh] [QR LIB] Implicit conversion from float 6.6 to int loses precision
[10-Aug-2026 12:39:16 Asia/Riyadh] [QR LIB] Implicit conversion from float 6.8 to int loses precision
[10-Aug-2026 12:39:16 Asia/Riyadh] [QR LIB] Implicit conversion from float 7.2 to int loses precision
[10-Aug-2026 12:39:16 Asia/Riyadh] [QR LIB] Implicit conversion from float 7.4 to int loses precision
[10-Aug-2026 12:39:16 Asia/Riyadh] [QR LIB] Implicit conversion from float 7.6 to int loses precision
[10-Aug-2026 12:39:16 Asia/Riyadh] [QR LIB] Implicit conversion from float 7.8 to int loses precision
[10-Aug-2026 12:39:16 Asia/Riyadh] [QR LIB] Implicit conversion from float 8.2 to int loses precision
[10-Aug-2026 12:39:16 Asia/Riyadh] [QR LIB] Implicit conversion from float 8.4 to int loses precision
[10-Aug-2026 12:39:16 Asia/Riyadh] [QR LIB] Implicit conversion from float 8.6 to int loses precision
[10-Aug-2026 12:39:16 Asia/Riyadh] [QR LIB] Implicit conversion from float 8.8 to int loses precision
[10-Aug-2026 12:39:16 Asia/Riyadh] [QR LIB] Implicit conversion from float 9.2 to int loses precision
[10-Aug-2026 12:39:16 Asia/Riyadh] [QR LIB] Implicit conversion from float 9.4 to int loses precision
[10-Aug-2026 12:39:16 Asia/Riyadh] [QR LIB] Implicit conversion from float 9.6 to int loses precision
[10-Aug-2026 12:39:16 Asia/Riyadh] [QR LIB] Implicit conversion from float 9.8 to int loses precision
[10-Aug-2026 12:39:16 Asia/Riyadh] [QR LIB] Implicit conversion from float 10.2 to int loses precision
[10-Aug-2026 12:39:16 Asia/Riyadh] [QR LIB] Implicit conversion from float 10.4 to int loses precision
[10-Aug-2026 12:39:16 Asia/Riyadh] [QR LIB] Implicit conversion from float 10.6 to int loses precision
[10-Aug-2026 12:39:16 Asia/Riyadh] [QR LIB] Implicit conversion from float 10.8 to int loses precision
[10-Aug-2026 12:39:16 Asia/Riyadh] [QR LIB] Implicit conversion from float 11.2 to int loses precision
[10-Aug-2026 12:39:16 Asia/Riyadh] [QR LIB] Implicit conversion from float 11.4 to int loses precision
[10-Aug-2026 12:39:16 Asia/Riyadh] [QR LIB] Implicit conversion from float 11.6 to int loses precision
[10-Aug-2026 12:39:16 Asia/Riyadh] [QR LIB] Implicit conversion from float 11.8 to int loses precision
[10-Aug-2026 12:39:16 Asia/Riyadh] [QR LIB] Implicit conversion from float 12.2 to int loses precision
[10-Aug-2026 12:39:16 Asia/Riyadh] [QR LIB] Implicit conversion from float 12.4 to int loses precision
[10-Aug-2026 12:39:16 Asia/Riyadh] [QR LIB] Implicit conversion from float 12.6 to int loses precision
[10-Aug-2026 12:39:16 Asia/Riyadh] [QR LIB] Implicit conversion from float 12.8 to int loses precision
[10-Aug-2026 12:39:16 Asia/Riyadh] [QR LIB] Implicit conversion from float 0.2 to int loses precision
[10-Aug-2026 12:39:16 Asia/Riyadh] [QR LIB] Implicit conversion from float 0.4 to int loses precision
[10-Aug-2026 12:39:16 Asia/Riyadh] [QR LIB] Implicit conversion from float 0.6 to int loses precision
[10-Aug-2026 12:39:16 Asia/Riyadh] [QR LIB] Implicit conversion from float 0.8 to int loses precision
[10-Aug-2026 12:39:16 Asia/Riyadh] [QR LIB] Implicit conversion from float 1.2 to int loses precision
[10-Aug-2026 12:39:16 Asia/Riyadh] [QR LIB] Implicit conversion from float 1.4 to int loses precision
[10-Aug-2026 12:39:16 Asia/Riyadh] [QR LIB] Implicit conversion from float 1.6 to int loses precision
[10-Aug-2026 12:39:16 Asia/Riyadh] [QR LIB] Implicit conversion from float 1.8 to int loses precision
[10-Aug-2026 12:39:16 Asia/Riyadh] [QR LIB] Implicit conversion from float 2.2 to int loses precision
[10-Aug-2026 12:39:16 Asia/Riyadh] [QR LIB] Implicit conversion from float 2.4 to int loses precision
[10-Aug-2026 12:39:16 Asia/Riyadh] [QR LIB] Implicit conversion from float 2.6 to int loses precision
[10-Aug-2026 12:39:16 Asia/Riyadh] [QR LIB] Implicit conversion from float 2.8 to int loses precision
[10-Aug-2026 12:39:16 Asia/Riyadh] [QR LIB] Implicit conversion from float 3.2 to int loses precision
[10-Aug-2026 12:39:16 Asia/Riyadh] [QR LIB] Implicit conversion from float 3.4 to int loses precision
[10-Aug-2026 12:39:16 Asia/Riyadh] [QR LIB] Implicit conversion from float 3.6 to int loses precision
[10-Aug-2026 12:39:16 Asia/Riyadh] [QR LIB] Implicit conversion from float 3.8 to int loses precision
[10-Aug-2026 12:39:16 Asia/Riyadh] [QR LIB] Implicit conversion from float 4.2 to int loses precision
[10-Aug-2026 12:39:16 Asia/Riyadh] [QR LIB] Implicit conversion from float 4.4 to int loses precision
[10-Aug-2026 12:39:16 Asia/Riyadh] [QR LIB] Implicit conversion from float 4.6 to int loses precision
[10-Aug-2026 12:39:16 Asia/Riyadh] [QR LIB] Implicit conversion from float 4.8 to int loses precision
[10-Aug-2026 12:39:16 Asia/Riyadh] [QR LIB] Implicit conversion from float 5.2 to int loses precision
[10-Aug-2026 12:39:16 Asia/Riyadh] [QR LIB] Implicit conversion from float 5.4 to int loses precision
[10-Aug-2026 12:39:16 Asia/Riyadh] [QR LIB] Implicit conversion from float 5.6 to int loses precision
[10-Aug-2026 12:39:16 Asia/Riyadh] [QR LIB] Implicit conversion from float 5.8 to int loses precision
[10-Aug-2026 12:39:16 Asia/Riyadh] [QR LIB] Implicit conversion from float 6.2 to int loses precision
[10-Aug-2026 12:39:16 Asia/Riyadh] [QR LIB] Implicit conversion from float 6.4 to int loses precision
[10-Aug-2026 12:39:16 Asia/Riyadh] [QR LIB] Implicit conversion from float 6.6 to int loses precision
[10-Aug-2026 12:39:16 Asia/Riyadh] [QR LIB] Implicit conversion from float 6.8 to int loses precision
[10-Aug-2026 12:39:16 Asia/Riyadh] [QR LIB] Implicit conversion from float 7.2 to int loses precision
[10-Aug-2026 12:39:16 Asia/Riyadh] [QR LIB] Implicit conversion from float 7.4 to int loses precision
[10-Aug-2026 12:39:16 Asia/Riyadh] [QR LIB] Implicit conversion from float 7.6 to int loses precision
[10-Aug-2026 12:39:16 Asia/Riyadh] [QR LIB] Implicit conversion from float 7.8 to int loses precision
[10-Aug-2026 12:39:16 Asia/Riyadh] [QR LIB] Implicit conversion from float 8.2 to int loses precision
[10-Aug-2026 12:39:16 Asia/Riyadh] [QR LIB] Implicit conversion from float 8.4 to int loses precision
[10-Aug-2026 12:39:16 Asia/Riyadh] [QR LIB] Implicit conversion from float 8.6 to int loses precision
[10-Aug-2026 12:39:16 Asia/Riyadh] [QR LIB] Implicit conversion from float 8.8 to int loses precision
[10-Aug-2026 12:39:16 Asia/Riyadh] [QR LIB] Implicit conversion from float 9.2 to int loses precision
[10-Aug-2026 12:39:16 Asia/Riyadh] [QR LIB] Implicit conversion from float 9.4 to int loses precision
[10-Aug-2026 12:39:16 Asia/Riyadh] [QR LIB] Implicit conversion from float 9.6 to int loses precision
[10-Aug-2026 12:39:16 Asia/Riyadh] [QR LIB] Implicit conversion from float 9.8 to int loses precision
[10-Aug-2026 12:39:16 Asia/Riyadh] [QR LIB] Implicit conversion from float 10.2 to int loses precision
[10-Aug-2026 12:39:16 Asia/Riyadh] [QR LIB] Implicit conversion from float 10.4 to int loses precision
[10-Aug-2026 12:39:16 Asia/Riyadh] [QR LIB] Implicit conversion from float 10.6 to int loses precision
[10-Aug-2026 12:39:16 Asia/Riyadh] [QR LIB] Implicit conversion from float 10.8 to int loses precision
[10-Aug-2026 12:39:16 Asia/Riyadh] [QR LIB] Implicit conversion from float 11.2 to int loses precision
[10-Aug-2026 12:39:16 Asia/Riyadh] [QR LIB] Implicit conversion from float 11.4 to int loses precision
[10-Aug-2026 12:39:16 Asia/Riyadh] [QR LIB] Implicit conversion from float 11.6 to int loses precision
[10-Aug-2026 12:39:16 Asia/Riyadh] [QR LIB] Implicit conversion from float 11.8 to int loses precision
[10-Aug-2026 12:39:16 Asia/Riyadh] [QR LIB] Implicit conversion from float 12.2 to int loses precision
[10-Aug-2026 12:39:16 Asia/Riyadh] [QR LIB] Implicit conversion from float 12.4 to int loses precision
[10-Aug-2026 12:39:16 Asia/Riyadh] [QR LIB] Implicit conversion from float 12.6 to int loses precision
[10-Aug-2026 12:39:16 Asia/Riyadh] [QR LIB] Implicit conversion from float 12.8 to int loses precision
[10-Aug-2026 12:39:16 Asia/Riyadh] [QR LIB] Implicit conversion from float 13.2 to int loses precision
[10-Aug-2026 12:39:16 Asia/Riyadh] [QR LIB] Implicit conversion from float 13.4 to int loses precision
[10-Aug-2026 12:39:16 Asia/Riyadh] [QR LIB] Implicit conversion from float 13.6 to int loses precision
[10-Aug-2026 12:39:16 Asia/Riyadh] [QR LIB] Implicit conversion from float 13.8 to int loses precision
[10-Aug-2026 12:39:16 Asia/Riyadh] [QR LIB] Implicit conversion from float 14.2 to int loses precision
[10-Aug-2026 12:39:16 Asia/Riyadh] [QR LIB] Implicit conversion from float 14.4 to int loses precision
[10-Aug-2026 12:39:16 Asia/Riyadh] [QR LIB] Implicit conversion from float 14.6 to int loses precision
[10-Aug-2026 12:39:16 Asia/Riyadh] [QR LIB] Implicit conversion from float 14.8 to int loses precision
[10-Aug-2026 12:39:16 Asia/Riyadh] [QR LIB] Implicit conversion from float 15.2 to int loses precision
[10-Aug-2026 12:39:16 Asia/Riyadh] [QR LIB] Implicit conversion from float 15.4 to int loses precision
[10-Aug-2026 12:39:16 Asia/Riyadh] [QR LIB] Implicit conversion from float 15.6 to int loses precision
[10-Aug-2026 12:39:16 Asia/Riyadh] [QR LIB] Implicit conversion from float 15.8 to int loses precision
[10-Aug-2026 12:39:16 Asia/Riyadh] [QR LIB] Implicit conversion from float 16.2 to int loses precision
[10-Aug-2026 12:39:16 Asia/Riyadh] [QR LIB] Implicit conversion from float 16.4 to int loses precision
[10-Aug-2026 12:39:16 Asia/Riyadh] [QR LIB] Implicit conversion from float 16.6 to int loses precision
[10-Aug-2026 12:39:16 Asia/Riyadh] [QR LIB] Implicit conversion from float 16.8 to int loses precision
[10-Aug-2026 12:39:16 Asia/Riyadh] [QR LIB] Implicit conversion from float 17.2 to int loses precision
[10-Aug-2026 12:39:16 Asia/Riyadh] [QR LIB] Implicit conversion from float 17.4 to int loses precision
[10-Aug-2026 12:39:16 Asia/Riyadh] [QR LIB] Implicit conversion from float 17.6 to int loses precision
[10-Aug-2026 12:39:16 Asia/Riyadh] [QR LIB] Implicit conversion from float 17.8 to int loses precision
[10-Aug-2026 12:39:16 Asia/Riyadh] [QR LIB] Implicit conversion from float 18.2 to int loses precision
[10-Aug-2026 12:39:16 Asia/Riyadh] [QR LIB] Implicit conversion from float 18.4 to int loses precision
[10-Aug-2026 12:39:16 Asia/Riyadh] [QR LIB] Implicit conversion from float 18.6 to int loses precision
[10-Aug-2026 12:39:16 Asia/Riyadh] [QR LIB] Implicit conversion from float 18.8 to int loses precision
[10-Aug-2026 12:39:16 Asia/Riyadh] [QR LIB] Implicit conversion from float 19.2 to int loses precision
[10-Aug-2026 12:39:16 Asia/Riyadh] [QR LIB] Implicit conversion from float 19.4 to int loses precision
[10-Aug-2026 12:39:16 Asia/Riyadh] [QR LIB] Implicit conversion from float 19.6 to int loses precision
[10-Aug-2026 12:39:16 Asia/Riyadh] [QR LIB] Implicit conversion from float 19.8 to int loses precision
[10-Aug-2026 12:39:16 Asia/Riyadh] [QR LIB] Implicit conversion from float 20.2 to int loses precision
[10-Aug-2026 12:39:16 Asia/Riyadh] [QR LIB] Implicit conversion from float 20.4 to int loses precision
[10-Aug-2026 12:39:16 Asia/Riyadh] [QR LIB] Implicit conversion from float 20.6 to int loses precision
[10-Aug-2026 12:39:16 Asia/Riyadh] [QR LIB] Implicit conversion from float 20.8 to int loses precision
[10-Aug-2026 12:39:16 Asia/Riyadh] [QR LIB] Implicit conversion from float 21.2 to int loses precision
[10-Aug-2026 12:39:16 Asia/Riyadh] [QR LIB] Implicit conversion from float 21.4 to int loses precision
[10-Aug-2026 12:39:16 Asia/Riyadh] [QR LIB] Implicit conversion from float 21.6 to int loses precision
[10-Aug-2026 12:39:16 Asia/Riyadh] [QR LIB] Implicit conversion from float 21.8 to int loses precision
[10-Aug-2026 12:39:16 Asia/Riyadh] [QR LIB] Implicit conversion from float 22.2 to int loses precision
[10-Aug-2026 12:39:16 Asia/Riyadh] [QR LIB] Implicit conversion from float 22.4 to int loses precision
[10-Aug-2026 12:39:16 Asia/Riyadh] [QR LIB] Implicit conversion from float 22.6 to int loses precision
[10-Aug-2026 12:39:16 Asia/Riyadh] [QR LIB] Implicit conversion from float 22.8 to int loses precision
[10-Aug-2026 12:39:16 Asia/Riyadh] [QR LIB] Implicit conversion from float 23.2 to int loses precision
[10-Aug-2026 12:39:16 Asia/Riyadh] [QR LIB] Implicit conversion from float 23.4 to int loses precision
[10-Aug-2026 12:39:16 Asia/Riyadh] [QR LIB] Implicit conversion from float 23.6 to int loses precision
[10-Aug-2026 12:39:16 Asia/Riyadh] [QR LIB] Implicit conversion from float 23.8 to int loses precision
[10-Aug-2026 12:39:16 Asia/Riyadh] [QR LIB] Implicit conversion from float 24.2 to int loses precision
[10-Aug-2026 12:39:16 Asia/Riyadh] [QR LIB] Implicit conversion from float 24.4 to int loses precision
[10-Aug-2026 12:39:16 Asia/Riyadh] [QR LIB] Implicit conversion from float 24.6 to int loses precision
[10-Aug-2026 12:39:16 Asia/Riyadh] [QR LIB] Implicit conversion from float 24.8 to int loses precision
[10-Aug-2026 12:39:16 Asia/Riyadh] [QR LIB] Implicit conversion from float 25.2 to int loses precision
[10-Aug-2026 12:39:16 Asia/Riyadh] [QR LIB] Implicit conversion from float 25.4 to int loses precision
[10-Aug-2026 12:39:16 Asia/Riyadh] [QR LIB] Implicit conversion from float 25.6 to int loses precision
[10-Aug-2026 12:39:16 Asia/Riyadh] [QR LIB] Implicit conversion from float 25.8 to int loses precision
[10-Aug-2026 12:39:17 Asia/Riyadh] [REQ] sid=47fos1si3fe37a4ti8ss02s999 user=yes GET /admin/documents cookie=yes
[10-Aug-2026 12:39:21 Asia/Riyadh] [REQ] sid=47fos1si3fe37a4ti8ss02s999 user=yes POST /admin/documents/2/activate cookie=yes
[10-Aug-2026 12:39:21 Asia/Riyadh] [REQ] sid=47fos1si3fe37a4ti8ss02s999 user=yes GET /admin/documents cookie=yes
[10-Aug-2026 12:39:27 Asia/Riyadh] [REQ] sid=47fos1si3fe37a4ti8ss02s999 user=yes GET /admin/documents/2/qr cookie=yes
[10-Aug-2026 12:39:27 Asia/Riyadh] [REQ] sid=47fos1si3fe37a4ti8ss02s999 user=yes GET /admin/documents/2/qr/image cookie=yes
[10-Aug-2026 12:39:30 Asia/Riyadh] [REQ] sid=47fos1si3fe37a4ti8ss02s999 user=yes GET /verify/04be79b94bdfcb8b9047e89983f25a29 cookie=yes
[10-Aug-2026 12:39:30 Asia/Riyadh] [REQ] sid=47fos1si3fe37a4ti8ss02s999 user=yes GET /verify/04be79b94bdfcb8b9047e89983f25a29/file cookie=yes
[10-Aug-2026 12:40:57 Asia/Riyadh] [REQ] sid=47fos1si3fe37a4ti8ss02s999 user=yes GET /admin/clients cookie=yes
[10-Aug-2026 12:40:59 Asia/Riyadh] [REQ] sid=47fos1si3fe37a4ti8ss02s999 user=yes GET /admin/clients/create cookie=yes
[10-Aug-2026 12:41:19 Asia/Riyadh] [REQ] sid=47fos1si3fe37a4ti8ss02s999 user=yes POST /admin/clients/store cookie=yes
[10-Aug-2026 12:41:19 Asia/Riyadh] [REQ] sid=47fos1si3fe37a4ti8ss02s999 user=yes GET /admin/clients cookie=yes
[10-Aug-2026 12:41:24 Asia/Riyadh] [REQ] sid=47fos1si3fe37a4ti8ss02s999 user=yes GET /admin/documents cookie=yes
[10-Aug-2026 12:41:26 Asia/Riyadh] [REQ] sid=47fos1si3fe37a4ti8ss02s999 user=yes GET /admin/documents/upload cookie=yes
[10-Aug-2026 12:41:37 Asia/Riyadh] [REQ] sid=47fos1si3fe37a4ti8ss02s999 user=yes POST /admin/documents/store cookie=yes
[10-Aug-2026 12:41:37 Asia/Riyadh] PHP Deprecated:  Optional parameter $filename declared before required parameter $fore_color is implicitly treated as a required parameter in D:\client1\vendor\phpqrcode\qrimage.php on line 30
[10-Aug-2026 12:41:37 Asia/Riyadh] PHP Deprecated:  Optional parameter $pixelPerPoint declared before required parameter $fore_color is implicitly treated as a required parameter in D:\client1\vendor\phpqrcode\qrimage.php on line 30
[10-Aug-2026 12:41:37 Asia/Riyadh] PHP Deprecated:  Optional parameter $outerFrame declared before required parameter $fore_color is implicitly treated as a required parameter in D:\client1\vendor\phpqrcode\qrimage.php on line 30
[10-Aug-2026 12:41:37 Asia/Riyadh] PHP Deprecated:  Optional parameter $saveandprint declared before required parameter $fore_color is implicitly treated as a required parameter in D:\client1\vendor\phpqrcode\qrimage.php on line 30
[10-Aug-2026 12:41:37 Asia/Riyadh] PHP Deprecated:  Optional parameter $filename declared before required parameter $fore_color is implicitly treated as a required parameter in D:\client1\vendor\phpqrcode\qrvect.php on line 140
[10-Aug-2026 12:41:37 Asia/Riyadh] PHP Deprecated:  Optional parameter $pixelPerPoint declared before required parameter $fore_color is implicitly treated as a required parameter in D:\client1\vendor\phpqrcode\qrvect.php on line 140
[10-Aug-2026 12:41:37 Asia/Riyadh] PHP Deprecated:  Optional parameter $outerFrame declared before required parameter $fore_color is implicitly treated as a required parameter in D:\client1\vendor\phpqrcode\qrvect.php on line 140
[10-Aug-2026 12:41:37 Asia/Riyadh] PHP Deprecated:  Optional parameter $saveandprint declared before required parameter $fore_color is implicitly treated as a required parameter in D:\client1\vendor\phpqrcode\qrvect.php on line 140
[10-Aug-2026 12:41:37 Asia/Riyadh] [QR LIB] Creation of dynamic property QRencode::$cmyk is deprecated
[10-Aug-2026 12:41:37 Asia/Riyadh] [QR LIB] Implicit conversion from float 0.25 to int loses precision
[10-Aug-2026 12:41:37 Asia/Riyadh] [QR LIB] Implicit conversion from float 0.5 to int loses precision
[10-Aug-2026 12:41:37 Asia/Riyadh] [QR LIB] Implicit conversion from float 0.75 to int loses precision
[10-Aug-2026 12:41:37 Asia/Riyadh] [QR LIB] Implicit conversion from float 1.25 to int loses precision
[10-Aug-2026 12:41:37 Asia/Riyadh] [QR LIB] Implicit conversion from float 1.5 to int loses precision
[10-Aug-2026 12:41:37 Asia/Riyadh] [QR LIB] Implicit conversion from float 1.75 to int loses precision
[10-Aug-2026 12:41:37 Asia/Riyadh] [QR LIB] Implicit conversion from float 2.25 to int loses precision
[10-Aug-2026 12:41:37 Asia/Riyadh] [QR LIB] Implicit conversion from float 2.5 to int loses precision
[10-Aug-2026 12:41:37 Asia/Riyadh] [QR LIB] Implicit conversion from float 2.75 to int loses precision
[10-Aug-2026 12:41:37 Asia/Riyadh] [QR LIB] Implicit conversion from float 3.25 to int loses precision
[10-Aug-2026 12:41:37 Asia/Riyadh] [QR LIB] Implicit conversion from float 3.5 to int loses precision
[10-Aug-2026 12:41:37 Asia/Riyadh] [QR LIB] Implicit conversion from float 3.75 to int loses precision
[10-Aug-2026 12:41:37 Asia/Riyadh] [QR LIB] Implicit conversion from float 4.25 to int loses precision
[10-Aug-2026 12:41:37 Asia/Riyadh] [QR LIB] Implicit conversion from float 4.5 to int loses precision
[10-Aug-2026 12:41:37 Asia/Riyadh] [QR LIB] Implicit conversion from float 4.75 to int loses precision
[10-Aug-2026 12:41:37 Asia/Riyadh] [QR LIB] Implicit conversion from float 5.25 to int loses precision
[10-Aug-2026 12:41:37 Asia/Riyadh] [QR LIB] Implicit conversion from float 5.5 to int loses precision
[10-Aug-2026 12:41:37 Asia/Riyadh] [QR LIB] Implicit conversion from float 5.75 to int loses precision
[10-Aug-2026 12:41:37 Asia/Riyadh] [QR LIB] Implicit conversion from float 6.25 to int loses precision
[10-Aug-2026 12:41:37 Asia/Riyadh] [QR LIB] Implicit conversion from float 6.5 to int loses precision
[10-Aug-2026 12:41:37 Asia/Riyadh] [QR LIB] Implicit conversion from float 6.75 to int loses precision
[10-Aug-2026 12:41:37 Asia/Riyadh] [QR LIB] Implicit conversion from float 7.25 to int loses precision
[10-Aug-2026 12:41:37 Asia/Riyadh] [QR LIB] Implicit conversion from float 7.5 to int loses precision
[10-Aug-2026 12:41:37 Asia/Riyadh] [QR LIB] Implicit conversion from float 7.75 to int loses precision
[10-Aug-2026 12:41:37 Asia/Riyadh] [QR LIB] Implicit conversion from float 8.25 to int loses precision
[10-Aug-2026 12:41:37 Asia/Riyadh] [QR LIB] Implicit conversion from float 8.5 to int loses precision
[10-Aug-2026 12:41:37 Asia/Riyadh] [QR LIB] Implicit conversion from float 8.75 to int loses precision
[10-Aug-2026 12:41:37 Asia/Riyadh] [QR LIB] Implicit conversion from float 9.25 to int loses precision
[10-Aug-2026 12:41:37 Asia/Riyadh] [QR LIB] Implicit conversion from float 9.5 to int loses precision
[10-Aug-2026 12:41:37 Asia/Riyadh] [QR LIB] Implicit conversion from float 9.75 to int loses precision
[10-Aug-2026 12:41:37 Asia/Riyadh] [QR LIB] Implicit conversion from float 10.25 to int loses precision
[10-Aug-2026 12:41:37 Asia/Riyadh] [QR LIB] Implicit conversion from float 10.5 to int loses precision
[10-Aug-2026 12:41:37 Asia/Riyadh] [QR LIB] Implicit conversion from float 10.75 to int loses precision
[10-Aug-2026 12:41:37 Asia/Riyadh] [QR LIB] Implicit conversion from float 11.25 to int loses precision
[10-Aug-2026 12:41:37 Asia/Riyadh] [QR LIB] Implicit conversion from float 11.5 to int loses precision
[10-Aug-2026 12:41:37 Asia/Riyadh] [QR LIB] Implicit conversion from float 11.75 to int loses precision
[10-Aug-2026 12:41:37 Asia/Riyadh] [QR LIB] Implicit conversion from float 12.25 to int loses precision
[10-Aug-2026 12:41:37 Asia/Riyadh] [QR LIB] Implicit conversion from float 12.5 to int loses precision
[10-Aug-2026 12:41:37 Asia/Riyadh] [QR LIB] Implicit conversion from float 12.75 to int loses precision
[10-Aug-2026 12:41:37 Asia/Riyadh] [QR LIB] Implicit conversion from float 13.25 to int loses precision
[10-Aug-2026 12:41:37 Asia/Riyadh] [QR LIB] Implicit conversion from float 13.5 to int loses precision
[10-Aug-2026 12:41:37 Asia/Riyadh] [QR LIB] Implicit conversion from float 13.75 to int loses precision
[10-Aug-2026 12:41:37 Asia/Riyadh] [QR LIB] Implicit conversion from float 14.25 to int loses precision
[10-Aug-2026 12:41:37 Asia/Riyadh] [QR LIB] Implicit conversion from float 14.5 to int loses precision
[10-Aug-2026 12:41:37 Asia/Riyadh] [QR LIB] Implicit conversion from float 14.75 to int loses precision
[10-Aug-2026 12:41:37 Asia/Riyadh] [QR LIB] Implicit conversion from float 0.25 to int loses precision
[10-Aug-2026 12:41:37 Asia/Riyadh] [QR LIB] Implicit conversion from float 0.5 to int loses precision
[10-Aug-2026 12:41:37 Asia/Riyadh] [QR LIB] Implicit conversion from float 0.75 to int loses precision
[10-Aug-2026 12:41:37 Asia/Riyadh] [QR LIB] Implicit conversion from float 1.25 to int loses precision
[10-Aug-2026 12:41:37 Asia/Riyadh] [QR LIB] Implicit conversion from float 1.5 to int loses precision
[10-Aug-2026 12:41:37 Asia/Riyadh] [QR LIB] Implicit conversion from float 1.75 to int loses precision
[10-Aug-2026 12:41:37 Asia/Riyadh] [QR LIB] Implicit conversion from float 2.25 to int loses precision
[10-Aug-2026 12:41:37 Asia/Riyadh] [QR LIB] Implicit conversion from float 2.5 to int loses precision
[10-Aug-2026 12:41:37 Asia/Riyadh] [QR LIB] Implicit conversion from float 2.75 to int loses precision
[10-Aug-2026 12:41:37 Asia/Riyadh] [QR LIB] Implicit conversion from float 3.25 to int loses precision
[10-Aug-2026 12:41:37 Asia/Riyadh] [QR LIB] Implicit conversion from float 3.5 to int loses precision
[10-Aug-2026 12:41:37 Asia/Riyadh] [QR LIB] Implicit conversion from float 3.75 to int loses precision
[10-Aug-2026 12:41:37 Asia/Riyadh] [QR LIB] Implicit conversion from float 4.25 to int loses precision
[10-Aug-2026 12:41:37 Asia/Riyadh] [QR LIB] Implicit conversion from float 4.5 to int loses precision
[10-Aug-2026 12:41:37 Asia/Riyadh] [QR LIB] Implicit conversion from float 4.75 to int loses precision
[10-Aug-2026 12:41:37 Asia/Riyadh] [QR LIB] Implicit conversion from float 5.25 to int loses precision
[10-Aug-2026 12:41:37 Asia/Riyadh] [QR LIB] Implicit conversion from float 5.5 to int loses precision
[10-Aug-2026 12:41:37 Asia/Riyadh] [QR LIB] Implicit conversion from float 5.75 to int loses precision
[10-Aug-2026 12:41:37 Asia/Riyadh] [QR LIB] Implicit conversion from float 6.25 to int loses precision
[10-Aug-2026 12:41:37 Asia/Riyadh] [QR LIB] Implicit conversion from float 6.5 to int loses precision
[10-Aug-2026 12:41:37 Asia/Riyadh] [QR LIB] Implicit conversion from float 6.75 to int loses precision
[10-Aug-2026 12:41:37 Asia/Riyadh] [QR LIB] Implicit conversion from float 7.25 to int loses precision
[10-Aug-2026 12:41:37 Asia/Riyadh] [QR LIB] Implicit conversion from float 7.5 to int loses precision
[10-Aug-2026 12:41:37 Asia/Riyadh] [QR LIB] Implicit conversion from float 7.75 to int loses precision
[10-Aug-2026 12:41:37 Asia/Riyadh] [QR LIB] Implicit conversion from float 8.25 to int loses precision
[10-Aug-2026 12:41:37 Asia/Riyadh] [QR LIB] Implicit conversion from float 8.5 to int loses precision
[10-Aug-2026 12:41:37 Asia/Riyadh] [QR LIB] Implicit conversion from float 8.75 to int loses precision
[10-Aug-2026 12:41:37 Asia/Riyadh] [QR LIB] Implicit conversion from float 9.25 to int loses precision
[10-Aug-2026 12:41:37 Asia/Riyadh] [QR LIB] Implicit conversion from float 9.5 to int loses precision
[10-Aug-2026 12:41:37 Asia/Riyadh] [QR LIB] Implicit conversion from float 9.75 to int loses precision
[10-Aug-2026 12:41:37 Asia/Riyadh] [QR LIB] Implicit conversion from float 10.25 to int loses precision
[10-Aug-2026 12:41:37 Asia/Riyadh] [QR LIB] Implicit conversion from float 10.5 to int loses precision
[10-Aug-2026 12:41:37 Asia/Riyadh] [QR LIB] Implicit conversion from float 10.75 to int loses precision
[10-Aug-2026 12:41:37 Asia/Riyadh] [QR LIB] Implicit conversion from float 11.25 to int loses precision
[10-Aug-2026 12:41:37 Asia/Riyadh] [QR LIB] Implicit conversion from float 11.5 to int loses precision
[10-Aug-2026 12:41:37 Asia/Riyadh] [QR LIB] Implicit conversion from float 11.75 to int loses precision
[10-Aug-2026 12:41:37 Asia/Riyadh] [QR LIB] Implicit conversion from float 12.25 to int loses precision
[10-Aug-2026 12:41:37 Asia/Riyadh] [QR LIB] Implicit conversion from float 12.5 to int loses precision
[10-Aug-2026 12:41:37 Asia/Riyadh] [QR LIB] Implicit conversion from float 12.75 to int loses precision
[10-Aug-2026 12:41:37 Asia/Riyadh] [QR LIB] Implicit conversion from float 13.25 to int loses precision
[10-Aug-2026 12:41:37 Asia/Riyadh] [QR LIB] Implicit conversion from float 13.5 to int loses precision
[10-Aug-2026 12:41:37 Asia/Riyadh] [QR LIB] Implicit conversion from float 13.75 to int loses precision
[10-Aug-2026 12:41:37 Asia/Riyadh] [QR LIB] Implicit conversion from float 14.25 to int loses precision
[10-Aug-2026 12:41:37 Asia/Riyadh] [QR LIB] Implicit conversion from float 14.5 to int loses precision
[10-Aug-2026 12:41:37 Asia/Riyadh] [QR LIB] Implicit conversion from float 14.75 to int loses precision
[10-Aug-2026 12:41:37 Asia/Riyadh] [QR LIB] Implicit conversion from float 15.25 to int loses precision
[10-Aug-2026 12:41:37 Asia/Riyadh] [QR LIB] Implicit conversion from float 15.5 to int loses precision
[10-Aug-2026 12:41:37 Asia/Riyadh] [QR LIB] Implicit conversion from float 15.75 to int loses precision
[10-Aug-2026 12:41:37 Asia/Riyadh] [QR LIB] Implicit conversion from float 16.25 to int loses precision
[10-Aug-2026 12:41:37 Asia/Riyadh] [QR LIB] Implicit conversion from float 16.5 to int loses precision
[10-Aug-2026 12:41:37 Asia/Riyadh] [QR LIB] Implicit conversion from float 16.75 to int loses precision
[10-Aug-2026 12:41:37 Asia/Riyadh] [QR LIB] Implicit conversion from float 17.25 to int loses precision
[10-Aug-2026 12:41:37 Asia/Riyadh] [QR LIB] Implicit conversion from float 17.5 to int loses precision
[10-Aug-2026 12:41:37 Asia/Riyadh] [QR LIB] Implicit conversion from float 17.75 to int loses precision
[10-Aug-2026 12:41:37 Asia/Riyadh] [QR LIB] Implicit conversion from float 18.25 to int loses precision
[10-Aug-2026 12:41:37 Asia/Riyadh] [QR LIB] Implicit conversion from float 18.5 to int loses precision
[10-Aug-2026 12:41:37 Asia/Riyadh] [QR LIB] Implicit conversion from float 18.75 to int loses precision
[10-Aug-2026 12:41:37 Asia/Riyadh] [QR LIB] Implicit conversion from float 19.25 to int loses precision
[10-Aug-2026 12:41:37 Asia/Riyadh] [QR LIB] Implicit conversion from float 19.5 to int loses precision
[10-Aug-2026 12:41:37 Asia/Riyadh] [QR LIB] Implicit conversion from float 19.75 to int loses precision
[10-Aug-2026 12:41:37 Asia/Riyadh] [QR LIB] Implicit conversion from float 20.25 to int loses precision
[10-Aug-2026 12:41:37 Asia/Riyadh] [QR LIB] Implicit conversion from float 20.5 to int loses precision
[10-Aug-2026 12:41:37 Asia/Riyadh] [QR LIB] Implicit conversion from float 20.75 to int loses precision
[10-Aug-2026 12:41:37 Asia/Riyadh] [QR LIB] Implicit conversion from float 21.25 to int loses precision
[10-Aug-2026 12:41:37 Asia/Riyadh] [QR LIB] Implicit conversion from float 21.5 to int loses precision
[10-Aug-2026 12:41:37 Asia/Riyadh] [QR LIB] Implicit conversion from float 21.75 to int loses precision
[10-Aug-2026 12:41:37 Asia/Riyadh] [QR LIB] Implicit conversion from float 22.25 to int loses precision
[10-Aug-2026 12:41:37 Asia/Riyadh] [QR LIB] Implicit conversion from float 22.5 to int loses precision
[10-Aug-2026 12:41:37 Asia/Riyadh] [QR LIB] Implicit conversion from float 22.75 to int loses precision
[10-Aug-2026 12:41:37 Asia/Riyadh] [QR LIB] Implicit conversion from float 23.25 to int loses precision
[10-Aug-2026 12:41:37 Asia/Riyadh] [QR LIB] Implicit conversion from float 23.5 to int loses precision
[10-Aug-2026 12:41:37 Asia/Riyadh] [QR LIB] Implicit conversion from float 23.75 to int loses precision
[10-Aug-2026 12:41:37 Asia/Riyadh] [QR LIB] Implicit conversion from float 24.25 to int loses precision
[10-Aug-2026 12:41:37 Asia/Riyadh] [QR LIB] Implicit conversion from float 24.5 to int loses precision
[10-Aug-2026 12:41:37 Asia/Riyadh] [QR LIB] Implicit conversion from float 24.75 to int loses precision
[10-Aug-2026 12:41:37 Asia/Riyadh] [QR LIB] Implicit conversion from float 25.25 to int loses precision
[10-Aug-2026 12:41:37 Asia/Riyadh] [QR LIB] Implicit conversion from float 25.5 to int loses precision
[10-Aug-2026 12:41:37 Asia/Riyadh] [QR LIB] Implicit conversion from float 25.75 to int loses precision
[10-Aug-2026 12:41:37 Asia/Riyadh] [QR LIB] Implicit conversion from float 26.25 to int loses precision
[10-Aug-2026 12:41:37 Asia/Riyadh] [QR LIB] Implicit conversion from float 26.5 to int loses precision
[10-Aug-2026 12:41:37 Asia/Riyadh] [QR LIB] Implicit conversion from float 26.75 to int loses precision
[10-Aug-2026 12:41:37 Asia/Riyadh] [QR LIB] Implicit conversion from float 27.25 to int loses precision
[10-Aug-2026 12:41:37 Asia/Riyadh] [QR LIB] Implicit conversion from float 27.5 to int loses precision
[10-Aug-2026 12:41:37 Asia/Riyadh] [QR LIB] Implicit conversion from float 27.75 to int loses precision
[10-Aug-2026 12:41:37 Asia/Riyadh] [REQ] sid=47fos1si3fe37a4ti8ss02s999 user=yes GET /admin/documents cookie=yes
[10-Aug-2026 12:41:42 Asia/Riyadh] [REQ] sid=47fos1si3fe37a4ti8ss02s999 user=yes POST /admin/documents/3/activate cookie=yes
[10-Aug-2026 12:41:42 Asia/Riyadh] [REQ] sid=47fos1si3fe37a4ti8ss02s999 user=yes GET /admin/documents cookie=yes
[10-Aug-2026 12:41:44 Asia/Riyadh] [REQ] sid=47fos1si3fe37a4ti8ss02s999 user=yes GET /admin/documents/3/qr cookie=yes
[10-Aug-2026 12:41:44 Asia/Riyadh] [REQ] sid=47fos1si3fe37a4ti8ss02s999 user=yes GET /admin/documents/3/qr/image cookie=yes
[10-Aug-2026 12:42:08 Asia/Riyadh] [REQ] sid=47fos1si3fe37a4ti8ss02s999 user=yes GET /verify/f82ed8c08f9a57ea14ff504dd2d1e8a3 cookie=yes
[10-Aug-2026 12:42:08 Asia/Riyadh] [REQ] sid=47fos1si3fe37a4ti8ss02s999 user=yes GET /verify/f82ed8c08f9a57ea14ff504dd2d1e8a3/file cookie=yes
[10-Aug-2026 12:42:15 Asia/Riyadh] [REQ] sid=47fos1si3fe37a4ti8ss02s999 user=yes GET /verify/f82ed8c08f9a57ea14ff504dd2d1e8a3/file cookie=yes
[10-Aug-2026 12:42:15 Asia/Riyadh] [REQ] sid=47fos1si3fe37a4ti8ss02s999 user=yes GET /favicon.ico cookie=yes
[10-Aug-2026 12:48:44 Asia/Riyadh] [REQ] sid=47fos1si3fe37a4ti8ss02s999 user=yes GET /admin/clients cookie=yes
[10-Aug-2026 12:48:47 Asia/Riyadh] [REQ] sid=47fos1si3fe37a4ti8ss02s999 user=yes GET /admin/clients/create cookie=yes
[10-Aug-2026 12:48:49 Asia/Riyadh] [REQ] sid=47fos1si3fe37a4ti8ss02s999 user=yes GET /admin/clients cookie=yes
[10-Aug-2026 12:48:51 Asia/Riyadh] [REQ] sid=47fos1si3fe37a4ti8ss02s999 user=yes GET /admin/documents cookie=yes
[10-Aug-2026 12:48:52 Asia/Riyadh] [REQ] sid=ciq3mnnq6sft3apf7sm4mr5ohc user=no GET /login cookie=no
[10-Aug-2026 12:48:52 Asia/Riyadh] [REQ] sid=ciq3mnnq6sft3apf7sm4mr5ohc user=no POST /login cookie=yes
[10-Aug-2026 12:48:52 Asia/Riyadh] [REQ] sid=ciq3mnnq6sft3apf7sm4mr5ohc user=no GET /login cookie=yes
[10-Aug-2026 12:48:53 Asia/Riyadh] [REQ] sid=ciq3mnnq6sft3apf7sm4mr5ohc user=no GET /admin/change-password cookie=yes
[10-Aug-2026 12:48:53 Asia/Riyadh] [REQ] sid=ciq3mnnq6sft3apf7sm4mr5ohc user=no POST /admin/change-password cookie=yes
[10-Aug-2026 12:48:53 Asia/Riyadh] [REQ] sid=ciq3mnnq6sft3apf7sm4mr5ohc user=no GET /login cookie=yes
[10-Aug-2026 12:48:53 Asia/Riyadh] [REQ] sid=ciq3mnnq6sft3apf7sm4mr5ohc user=no GET /admin/change-password cookie=yes
[10-Aug-2026 12:48:53 Asia/Riyadh] [REQ] sid=ciq3mnnq6sft3apf7sm4mr5ohc user=no POST /admin/change-password cookie=yes
[10-Aug-2026 12:48:53 Asia/Riyadh] [REQ] sid=ciq3mnnq6sft3apf7sm4mr5ohc user=no GET /login cookie=yes
[10-Aug-2026 12:48:53 Asia/Riyadh] [REQ] sid=ciq3mnnq6sft3apf7sm4mr5ohc user=no GET /admin/clients/create cookie=yes
[10-Aug-2026 12:48:53 Asia/Riyadh] [REQ] sid=ciq3mnnq6sft3apf7sm4mr5ohc user=no GET /admin/documents/upload cookie=yes
[10-Aug-2026 12:48:54 Asia/Riyadh] [REQ] sid=ciq3mnnq6sft3apf7sm4mr5ohc user=no GET /admin/settings cookie=yes
[10-Aug-2026 12:48:57 Asia/Riyadh] [REQ] sid=47fos1si3fe37a4ti8ss02s999 user=yes GET /admin/documents?q=&client_id=&status=inactive&type=&date_from=&date_to= cookie=yes
[10-Aug-2026 12:49:01 Asia/Riyadh] [REQ] sid=47fos1si3fe37a4ti8ss02s999 user=yes GET /admin/documents?q=&client_id=&status=active&type=&date_from=&date_to= cookie=yes
[10-Aug-2026 12:49:07 Asia/Riyadh] [REQ] sid=47fos1si3fe37a4ti8ss02s999 user=yes GET /admin/documents?q=&client_id=&status=&type=pdf&date_from=&date_to= cookie=yes
[10-Aug-2026 12:49:11 Asia/Riyadh] [REQ] sid=47fos1si3fe37a4ti8ss02s999 user=yes GET /admin/documents?q=&client_id=&status=&type=jpg&date_from=&date_to= cookie=yes
[10-Aug-2026 12:49:15 Asia/Riyadh] [REQ] sid=47fos1si3fe37a4ti8ss02s999 user=yes GET /admin/documents?q=&client_id=&status=&type=png&date_from=&date_to= cookie=yes
[10-Aug-2026 12:49:23 Asia/Riyadh] [REQ] sid=47fos1si3fe37a4ti8ss02s999 user=yes GET /admin/documents?q=&client_id=&status=&type=&date_from=&date_to= cookie=yes
[10-Aug-2026 12:49:24 Asia/Riyadh] [REQ] sid=47fos1si3fe37a4ti8ss02s999 user=yes GET /admin/documents cookie=yes
[10-Aug-2026 12:49:32 Asia/Riyadh] [REQ] sid=47fos1si3fe37a4ti8ss02s999 user=yes GET /admin cookie=yes
[10-Aug-2026 12:49:48 Asia/Riyadh] [REQ] sid=47fos1si3fe37a4ti8ss02s999 user=yes GET /admin/documents cookie=yes
[10-Aug-2026 12:49:51 Asia/Riyadh] [REQ] sid=47fos1si3fe37a4ti8ss02s999 user=yes GET /admin/documents/2/qr cookie=yes
[10-Aug-2026 12:49:51 Asia/Riyadh] [REQ] sid=47fos1si3fe37a4ti8ss02s999 user=yes GET /admin/documents/2/qr/image cookie=yes
[10-Aug-2026 12:49:56 Asia/Riyadh] [REQ] sid=47fos1si3fe37a4ti8ss02s999 user=yes GET /verify/04be79b94bdfcb8b9047e89983f25a29 cookie=yes
[10-Aug-2026 12:49:56 Asia/Riyadh] [REQ] sid=47fos1si3fe37a4ti8ss02s999 user=yes GET /verify/04be79b94bdfcb8b9047e89983f25a29/file cookie=yes
[10-Aug-2026 12:50:39 Asia/Riyadh] [REQ] sid=p2oq41aij29dqft86koh4klp6u user=no GET /login cookie=no
[10-Aug-2026 12:50:39 Asia/Riyadh] [REQ] sid=p2oq41aij29dqft86koh4klp6u user=no POST /login cookie=yes
[10-Aug-2026 12:50:39 Asia/Riyadh] [REQ] sid=se16lqsavui5pr7l96flle8fm1 user=yes GET /admin cookie=yes
[10-Aug-2026 12:50:39 Asia/Riyadh] [REQ] sid=se16lqsavui5pr7l96flle8fm1 user=yes GET /admin/change-password cookie=yes
[10-Aug-2026 12:50:39 Asia/Riyadh] [REQ] sid=se16lqsavui5pr7l96flle8fm1 user=yes GET /admin/change-password cookie=yes
[10-Aug-2026 12:50:40 Asia/Riyadh] [REQ] sid=se16lqsavui5pr7l96flle8fm1 user=yes POST /admin/change-password cookie=yes
[10-Aug-2026 12:50:40 Asia/Riyadh] [REQ] sid=se16lqsavui5pr7l96flle8fm1 user=yes GET /admin cookie=yes
[10-Aug-2026 12:50:40 Asia/Riyadh] [REQ] sid=se16lqsavui5pr7l96flle8fm1 user=yes GET /admin/change-password cookie=yes
[10-Aug-2026 12:50:40 Asia/Riyadh] [REQ] sid=se16lqsavui5pr7l96flle8fm1 user=yes POST /admin/change-password cookie=yes
[10-Aug-2026 12:50:40 Asia/Riyadh] [REQ] sid=se16lqsavui5pr7l96flle8fm1 user=yes GET /admin/change-password cookie=yes
[10-Aug-2026 12:50:41 Asia/Riyadh] [REQ] sid=se16lqsavui5pr7l96flle8fm1 user=yes GET /admin/clients/create cookie=yes
[10-Aug-2026 12:50:41 Asia/Riyadh] [REQ] sid=se16lqsavui5pr7l96flle8fm1 user=yes GET /admin/documents/upload cookie=yes
[10-Aug-2026 12:50:41 Asia/Riyadh] [REQ] sid=se16lqsavui5pr7l96flle8fm1 user=yes GET /admin/settings cookie=yes
[10-Aug-2026 12:51:42 Asia/Riyadh] [REQ] sid=n9j2du66rgl2bok4kf46ikbigm user=no GET /login cookie=no
[10-Aug-2026 12:51:42 Asia/Riyadh] [REQ] sid=n9j2du66rgl2bok4kf46ikbigm user=no POST /login cookie=yes
[10-Aug-2026 12:51:42 Asia/Riyadh] [REQ] sid=n9j2du66rgl2bok4kf46ikbigm user=no GET /login cookie=yes
[10-Aug-2026 12:51:42 Asia/Riyadh] [REQ] sid=n9j2du66rgl2bok4kf46ikbigm user=no POST /login cookie=yes
[10-Aug-2026 12:51:42 Asia/Riyadh] [REQ] sid=i0vihml6vmujjg2df2htlnk9no user=yes GET /admin cookie=yes
[10-Aug-2026 12:51:43 Asia/Riyadh] [REQ] sid=i0vihml6vmujjg2df2htlnk9no user=yes GET /admin/change-password cookie=yes
[10-Aug-2026 12:51:43 Asia/Riyadh] [REQ] sid=i0vihml6vmujjg2df2htlnk9no user=yes POST /admin/change-password cookie=yes
[10-Aug-2026 12:51:43 Asia/Riyadh] [REQ] sid=i0vihml6vmujjg2df2htlnk9no user=yes GET /admin cookie=yes
[10-Aug-2026 12:51:43 Asia/Riyadh] [REQ] sid=i0vihml6vmujjg2df2htlnk9no user=yes POST /admin/clients/store cookie=yes
[10-Aug-2026 12:51:43 Asia/Riyadh] [REQ] sid=i0vihml6vmujjg2df2htlnk9no user=yes GET /admin/clients cookie=yes
[10-Aug-2026 12:51:43 Asia/Riyadh] [REQ] sid=i0vihml6vmujjg2df2htlnk9no user=yes POST /admin/documents/store cookie=yes
[10-Aug-2026 12:51:43 Asia/Riyadh] PHP Deprecated:  Optional parameter $filename declared before required parameter $fore_color is implicitly treated as a required parameter in D:\client1\vendor\phpqrcode\qrimage.php on line 30
[10-Aug-2026 12:51:43 Asia/Riyadh] PHP Deprecated:  Optional parameter $pixelPerPoint declared before required parameter $fore_color is implicitly treated as a required parameter in D:\client1\vendor\phpqrcode\qrimage.php on line 30
[10-Aug-2026 12:51:43 Asia/Riyadh] PHP Deprecated:  Optional parameter $outerFrame declared before required parameter $fore_color is implicitly treated as a required parameter in D:\client1\vendor\phpqrcode\qrimage.php on line 30
[10-Aug-2026 12:51:43 Asia/Riyadh] PHP Deprecated:  Optional parameter $saveandprint declared before required parameter $fore_color is implicitly treated as a required parameter in D:\client1\vendor\phpqrcode\qrimage.php on line 30
[10-Aug-2026 12:51:43 Asia/Riyadh] PHP Deprecated:  Optional parameter $filename declared before required parameter $fore_color is implicitly treated as a required parameter in D:\client1\vendor\phpqrcode\qrvect.php on line 140
[10-Aug-2026 12:51:44 Asia/Riyadh] PHP Deprecated:  Optional parameter $pixelPerPoint declared before required parameter $fore_color is implicitly treated as a required parameter in D:\client1\vendor\phpqrcode\qrvect.php on line 140
[10-Aug-2026 12:51:44 Asia/Riyadh] PHP Deprecated:  Optional parameter $outerFrame declared before required parameter $fore_color is implicitly treated as a required parameter in D:\client1\vendor\phpqrcode\qrvect.php on line 140
[10-Aug-2026 12:51:44 Asia/Riyadh] PHP Deprecated:  Optional parameter $saveandprint declared before required parameter $fore_color is implicitly treated as a required parameter in D:\client1\vendor\phpqrcode\qrvect.php on line 140
[10-Aug-2026 12:51:44 Asia/Riyadh] [QR LIB] Creation of dynamic property QRencode::$cmyk is deprecated
[10-Aug-2026 12:51:44 Asia/Riyadh] [QR LIB] Implicit conversion from float 0.25 to int loses precision
[10-Aug-2026 12:51:44 Asia/Riyadh] [QR LIB] Implicit conversion from float 0.5 to int loses precision
[10-Aug-2026 12:51:44 Asia/Riyadh] [QR LIB] Implicit conversion from float 0.75 to int loses precision
[10-Aug-2026 12:51:44 Asia/Riyadh] [QR LIB] Implicit conversion from float 1.25 to int loses precision
[10-Aug-2026 12:51:44 Asia/Riyadh] [QR LIB] Implicit conversion from float 1.5 to int loses precision
[10-Aug-2026 12:51:44 Asia/Riyadh] [QR LIB] Implicit conversion from float 1.75 to int loses precision
[10-Aug-2026 12:51:44 Asia/Riyadh] [QR LIB] Implicit conversion from float 2.25 to int loses precision
[10-Aug-2026 12:51:44 Asia/Riyadh] [QR LIB] Implicit conversion from float 2.5 to int loses precision
[10-Aug-2026 12:51:44 Asia/Riyadh] [QR LIB] Implicit conversion from float 2.75 to int loses precision
[10-Aug-2026 12:51:44 Asia/Riyadh] [QR LIB] Implicit conversion from float 3.25 to int loses precision
[10-Aug-2026 12:51:44 Asia/Riyadh] [QR LIB] Implicit conversion from float 3.5 to int loses precision
[10-Aug-2026 12:51:44 Asia/Riyadh] [QR LIB] Implicit conversion from float 3.75 to int loses precision
[10-Aug-2026 12:51:44 Asia/Riyadh] [QR LIB] Implicit conversion from float 4.25 to int loses precision
[10-Aug-2026 12:51:44 Asia/Riyadh] [QR LIB] Implicit conversion from float 4.5 to int loses precision
[10-Aug-2026 12:51:44 Asia/Riyadh] [QR LIB] Implicit conversion from float 4.75 to int loses precision
[10-Aug-2026 12:51:44 Asia/Riyadh] [QR LIB] Implicit conversion from float 5.25 to int loses precision
[10-Aug-2026 12:51:44 Asia/Riyadh] [QR LIB] Implicit conversion from float 5.5 to int loses precision
[10-Aug-2026 12:51:44 Asia/Riyadh] [QR LIB] Implicit conversion from float 5.75 to int loses precision
[10-Aug-2026 12:51:44 Asia/Riyadh] [QR LIB] Implicit conversion from float 6.25 to int loses precision
[10-Aug-2026 12:51:44 Asia/Riyadh] [QR LIB] Implicit conversion from float 6.5 to int loses precision
[10-Aug-2026 12:51:44 Asia/Riyadh] [QR LIB] Implicit conversion from float 6.75 to int loses precision
[10-Aug-2026 12:51:44 Asia/Riyadh] [QR LIB] Implicit conversion from float 7.25 to int loses precision
[10-Aug-2026 12:51:44 Asia/Riyadh] [QR LIB] Implicit conversion from float 7.5 to int loses precision
[10-Aug-2026 12:51:44 Asia/Riyadh] [QR LIB] Implicit conversion from float 7.75 to int loses precision
[10-Aug-2026 12:51:44 Asia/Riyadh] [QR LIB] Implicit conversion from float 8.25 to int loses precision
[10-Aug-2026 12:51:44 Asia/Riyadh] [QR LIB] Implicit conversion from float 8.5 to int loses precision
[10-Aug-2026 12:51:44 Asia/Riyadh] [QR LIB] Implicit conversion from float 8.75 to int loses precision
[10-Aug-2026 12:51:44 Asia/Riyadh] [QR LIB] Implicit conversion from float 9.25 to int loses precision
[10-Aug-2026 12:51:44 Asia/Riyadh] [QR LIB] Implicit conversion from float 9.5 to int loses precision
[10-Aug-2026 12:51:44 Asia/Riyadh] [QR LIB] Implicit conversion from float 9.75 to int loses precision
[10-Aug-2026 12:51:44 Asia/Riyadh] [QR LIB] Implicit conversion from float 10.25 to int loses precision
[10-Aug-2026 12:51:44 Asia/Riyadh] [QR LIB] Implicit conversion from float 10.5 to int loses precision
[10-Aug-2026 12:51:44 Asia/Riyadh] [QR LIB] Implicit conversion from float 10.75 to int loses precision
[10-Aug-2026 12:51:44 Asia/Riyadh] [QR LIB] Implicit conversion from float 11.25 to int loses precision
[10-Aug-2026 12:51:44 Asia/Riyadh] [QR LIB] Implicit conversion from float 11.5 to int loses precision
[10-Aug-2026 12:51:44 Asia/Riyadh] [QR LIB] Implicit conversion from float 11.75 to int loses precision
[10-Aug-2026 12:51:44 Asia/Riyadh] [QR LIB] Implicit conversion from float 12.25 to int loses precision
[10-Aug-2026 12:51:44 Asia/Riyadh] [QR LIB] Implicit conversion from float 12.5 to int loses precision
[10-Aug-2026 12:51:44 Asia/Riyadh] [QR LIB] Implicit conversion from float 12.75 to int loses precision
[10-Aug-2026 12:51:44 Asia/Riyadh] [QR LIB] Implicit conversion from float 13.25 to int loses precision
[10-Aug-2026 12:51:44 Asia/Riyadh] [QR LIB] Implicit conversion from float 13.5 to int loses precision
[10-Aug-2026 12:51:44 Asia/Riyadh] [QR LIB] Implicit conversion from float 13.75 to int loses precision
[10-Aug-2026 12:51:44 Asia/Riyadh] [QR LIB] Implicit conversion from float 14.25 to int loses precision
[10-Aug-2026 12:51:44 Asia/Riyadh] [QR LIB] Implicit conversion from float 14.5 to int loses precision
[10-Aug-2026 12:51:44 Asia/Riyadh] [QR LIB] Implicit conversion from float 14.75 to int loses precision
[10-Aug-2026 12:51:44 Asia/Riyadh] [QR LIB] Implicit conversion from float 0.25 to int loses precision
[10-Aug-2026 12:51:44 Asia/Riyadh] [QR LIB] Implicit conversion from float 0.5 to int loses precision
[10-Aug-2026 12:51:44 Asia/Riyadh] [QR LIB] Implicit conversion from float 0.75 to int loses precision
[10-Aug-2026 12:51:44 Asia/Riyadh] [QR LIB] Implicit conversion from float 1.25 to int loses precision
[10-Aug-2026 12:51:44 Asia/Riyadh] [QR LIB] Implicit conversion from float 1.5 to int loses precision
[10-Aug-2026 12:51:44 Asia/Riyadh] [QR LIB] Implicit conversion from float 1.75 to int loses precision
[10-Aug-2026 12:51:44 Asia/Riyadh] [QR LIB] Implicit conversion from float 2.25 to int loses precision
[10-Aug-2026 12:51:44 Asia/Riyadh] [QR LIB] Implicit conversion from float 2.5 to int loses precision
[10-Aug-2026 12:51:44 Asia/Riyadh] [QR LIB] Implicit conversion from float 2.75 to int loses precision
[10-Aug-2026 12:51:44 Asia/Riyadh] [QR LIB] Implicit conversion from float 3.25 to int loses precision
[10-Aug-2026 12:51:44 Asia/Riyadh] [QR LIB] Implicit conversion from float 3.5 to int loses precision
[10-Aug-2026 12:51:44 Asia/Riyadh] [QR LIB] Implicit conversion from float 3.75 to int loses precision
[10-Aug-2026 12:51:44 Asia/Riyadh] [QR LIB] Implicit conversion from float 4.25 to int loses precision
[10-Aug-2026 12:51:44 Asia/Riyadh] [QR LIB] Implicit conversion from float 4.5 to int loses precision
[10-Aug-2026 12:51:44 Asia/Riyadh] [QR LIB] Implicit conversion from float 4.75 to int loses precision
[10-Aug-2026 12:51:44 Asia/Riyadh] [QR LIB] Implicit conversion from float 5.25 to int loses precision
[10-Aug-2026 12:51:44 Asia/Riyadh] [QR LIB] Implicit conversion from float 5.5 to int loses precision
[10-Aug-2026 12:51:44 Asia/Riyadh] [QR LIB] Implicit conversion from float 5.75 to int loses precision
[10-Aug-2026 12:51:44 Asia/Riyadh] [QR LIB] Implicit conversion from float 6.25 to int loses precision
[10-Aug-2026 12:51:44 Asia/Riyadh] [QR LIB] Implicit conversion from float 6.5 to int loses precision
[10-Aug-2026 12:51:44 Asia/Riyadh] [QR LIB] Implicit conversion from float 6.75 to int loses precision
[10-Aug-2026 12:51:44 Asia/Riyadh] [QR LIB] Implicit conversion from float 7.25 to int loses precision
[10-Aug-2026 12:51:44 Asia/Riyadh] [QR LIB] Implicit conversion from float 7.5 to int loses precision
[10-Aug-2026 12:51:44 Asia/Riyadh] [QR LIB] Implicit conversion from float 7.75 to int loses precision
[10-Aug-2026 12:51:44 Asia/Riyadh] [QR LIB] Implicit conversion from float 8.25 to int loses precision
[10-Aug-2026 12:51:44 Asia/Riyadh] [QR LIB] Implicit conversion from float 8.5 to int loses precision
[10-Aug-2026 12:51:44 Asia/Riyadh] [QR LIB] Implicit conversion from float 8.75 to int loses precision
[10-Aug-2026 12:51:44 Asia/Riyadh] [QR LIB] Implicit conversion from float 9.25 to int loses precision
[10-Aug-2026 12:51:44 Asia/Riyadh] [QR LIB] Implicit conversion from float 9.5 to int loses precision
[10-Aug-2026 12:51:44 Asia/Riyadh] [QR LIB] Implicit conversion from float 9.75 to int loses precision
[10-Aug-2026 12:51:44 Asia/Riyadh] [QR LIB] Implicit conversion from float 10.25 to int loses precision
[10-Aug-2026 12:51:44 Asia/Riyadh] [QR LIB] Implicit conversion from float 10.5 to int loses precision
[10-Aug-2026 12:51:44 Asia/Riyadh] [QR LIB] Implicit conversion from float 10.75 to int loses precision
[10-Aug-2026 12:51:44 Asia/Riyadh] [QR LIB] Implicit conversion from float 11.25 to int loses precision
[10-Aug-2026 12:51:44 Asia/Riyadh] [QR LIB] Implicit conversion from float 11.5 to int loses precision
[10-Aug-2026 12:51:44 Asia/Riyadh] [QR LIB] Implicit conversion from float 11.75 to int loses precision
[10-Aug-2026 12:51:44 Asia/Riyadh] [QR LIB] Implicit conversion from float 12.25 to int loses precision
[10-Aug-2026 12:51:44 Asia/Riyadh] [QR LIB] Implicit conversion from float 12.5 to int loses precision
[10-Aug-2026 12:51:44 Asia/Riyadh] [QR LIB] Implicit conversion from float 12.75 to int loses precision
[10-Aug-2026 12:51:44 Asia/Riyadh] [QR LIB] Implicit conversion from float 13.25 to int loses precision
[10-Aug-2026 12:51:44 Asia/Riyadh] [QR LIB] Implicit conversion from float 13.5 to int loses precision
[10-Aug-2026 12:51:44 Asia/Riyadh] [QR LIB] Implicit conversion from float 13.75 to int loses precision
[10-Aug-2026 12:51:44 Asia/Riyadh] [QR LIB] Implicit conversion from float 14.25 to int loses precision
[10-Aug-2026 12:51:44 Asia/Riyadh] [QR LIB] Implicit conversion from float 14.5 to int loses precision
[10-Aug-2026 12:51:44 Asia/Riyadh] [QR LIB] Implicit conversion from float 14.75 to int loses precision
[10-Aug-2026 12:51:44 Asia/Riyadh] [QR LIB] Implicit conversion from float 15.25 to int loses precision
[10-Aug-2026 12:51:44 Asia/Riyadh] [QR LIB] Implicit conversion from float 15.5 to int loses precision
[10-Aug-2026 12:51:44 Asia/Riyadh] [QR LIB] Implicit conversion from float 15.75 to int loses precision
[10-Aug-2026 12:51:44 Asia/Riyadh] [QR LIB] Implicit conversion from float 16.25 to int loses precision
[10-Aug-2026 12:51:44 Asia/Riyadh] [QR LIB] Implicit conversion from float 16.5 to int loses precision
[10-Aug-2026 12:51:44 Asia/Riyadh] [QR LIB] Implicit conversion from float 16.75 to int loses precision
[10-Aug-2026 12:51:44 Asia/Riyadh] [QR LIB] Implicit conversion from float 17.25 to int loses precision
[10-Aug-2026 12:51:44 Asia/Riyadh] [QR LIB] Implicit conversion from float 17.5 to int loses precision
[10-Aug-2026 12:51:44 Asia/Riyadh] [QR LIB] Implicit conversion from float 17.75 to int loses precision
[10-Aug-2026 12:51:44 Asia/Riyadh] [QR LIB] Implicit conversion from float 18.25 to int loses precision
[10-Aug-2026 12:51:44 Asia/Riyadh] [QR LIB] Implicit conversion from float 18.5 to int loses precision
[10-Aug-2026 12:51:44 Asia/Riyadh] [QR LIB] Implicit conversion from float 18.75 to int loses precision
[10-Aug-2026 12:51:44 Asia/Riyadh] [QR LIB] Implicit conversion from float 19.25 to int loses precision
[10-Aug-2026 12:51:44 Asia/Riyadh] [QR LIB] Implicit conversion from float 19.5 to int loses precision
[10-Aug-2026 12:51:44 Asia/Riyadh] [QR LIB] Implicit conversion from float 19.75 to int loses precision
[10-Aug-2026 12:51:44 Asia/Riyadh] [QR LIB] Implicit conversion from float 20.25 to int loses precision
[10-Aug-2026 12:51:44 Asia/Riyadh] [QR LIB] Implicit conversion from float 20.5 to int loses precision
[10-Aug-2026 12:51:44 Asia/Riyadh] [QR LIB] Implicit conversion from float 20.75 to int loses precision
[10-Aug-2026 12:51:44 Asia/Riyadh] [QR LIB] Implicit conversion from float 21.25 to int loses precision
[10-Aug-2026 12:51:44 Asia/Riyadh] [QR LIB] Implicit conversion from float 21.5 to int loses precision
[10-Aug-2026 12:51:44 Asia/Riyadh] [QR LIB] Implicit conversion from float 21.75 to int loses precision
[10-Aug-2026 12:51:44 Asia/Riyadh] [QR LIB] Implicit conversion from float 22.25 to int loses precision
[10-Aug-2026 12:51:44 Asia/Riyadh] [QR LIB] Implicit conversion from float 22.5 to int loses precision
[10-Aug-2026 12:51:44 Asia/Riyadh] [QR LIB] Implicit conversion from float 22.75 to int loses precision
[10-Aug-2026 12:51:44 Asia/Riyadh] [QR LIB] Implicit conversion from float 23.25 to int loses precision
[10-Aug-2026 12:51:44 Asia/Riyadh] [QR LIB] Implicit conversion from float 23.5 to int loses precision
[10-Aug-2026 12:51:44 Asia/Riyadh] [QR LIB] Implicit conversion from float 23.75 to int loses precision
[10-Aug-2026 12:51:44 Asia/Riyadh] [QR LIB] Implicit conversion from float 24.25 to int loses precision
[10-Aug-2026 12:51:44 Asia/Riyadh] [QR LIB] Implicit conversion from float 24.5 to int loses precision
[10-Aug-2026 12:51:44 Asia/Riyadh] [QR LIB] Implicit conversion from float 24.75 to int loses precision
[10-Aug-2026 12:51:44 Asia/Riyadh] [QR LIB] Implicit conversion from float 25.25 to int loses precision
[10-Aug-2026 12:51:44 Asia/Riyadh] [QR LIB] Implicit conversion from float 25.5 to int loses precision
[10-Aug-2026 12:51:44 Asia/Riyadh] [QR LIB] Implicit conversion from float 25.75 to int loses precision
[10-Aug-2026 12:51:44 Asia/Riyadh] [QR LIB] Implicit conversion from float 26.25 to int loses precision
[10-Aug-2026 12:51:44 Asia/Riyadh] [QR LIB] Implicit conversion from float 26.5 to int loses precision
[10-Aug-2026 12:51:44 Asia/Riyadh] [QR LIB] Implicit conversion from float 26.75 to int loses precision
[10-Aug-2026 12:51:44 Asia/Riyadh] [QR LIB] Implicit conversion from float 27.25 to int loses precision
[10-Aug-2026 12:51:44 Asia/Riyadh] [QR LIB] Implicit conversion from float 27.5 to int loses precision
[10-Aug-2026 12:51:44 Asia/Riyadh] [QR LIB] Implicit conversion from float 27.75 to int loses precision
[10-Aug-2026 12:51:44 Asia/Riyadh] [REQ] sid=i0vihml6vmujjg2df2htlnk9no user=yes GET /admin/documents cookie=yes
[10-Aug-2026 12:51:44 Asia/Riyadh] [REQ] sid=i0vihml6vmujjg2df2htlnk9no user=yes GET /admin/documents cookie=yes
[10-Aug-2026 12:51:44 Asia/Riyadh] [REQ] sid=i0vihml6vmujjg2df2htlnk9no user=yes GET /admin/documents/1/qr cookie=yes
[10-Aug-2026 12:51:44 Asia/Riyadh] [REQ] sid=i0vihml6vmujjg2df2htlnk9no user=yes POST /admin/documents/1/activate cookie=yes
[10-Aug-2026 12:51:44 Asia/Riyadh] [REQ] sid=i0vihml6vmujjg2df2htlnk9no user=yes GET /admin/documents cookie=yes
[10-Aug-2026 12:51:45 Asia/Riyadh] [REQ] sid=i0vihml6vmujjg2df2htlnk9no user=yes GET /verify/5e58f90ddc011009f98d7ff34f58e984 cookie=yes
[10-Aug-2026 12:51:45 Asia/Riyadh] [REQ] sid=i0vihml6vmujjg2df2htlnk9no user=yes GET /verify/5e58f90ddc011009f98d7ff34f58e984/file cookie=yes
[10-Aug-2026 12:51:45 Asia/Riyadh] [REQ] sid=i0vihml6vmujjg2df2htlnk9no user=yes GET /admin/verifications cookie=yes
[10-Aug-2026 12:51:45 Asia/Riyadh] [REQ] sid=i0vihml6vmujjg2df2htlnk9no user=yes POST /admin/documents/1/disable cookie=yes
[10-Aug-2026 12:51:45 Asia/Riyadh] [REQ] sid=i0vihml6vmujjg2df2htlnk9no user=yes GET /admin/documents cookie=yes
[10-Aug-2026 12:51:45 Asia/Riyadh] [REQ] sid=i0vihml6vmujjg2df2htlnk9no user=yes GET /verify/5e58f90ddc011009f98d7ff34f58e984 cookie=yes
[10-Aug-2026 12:51:45 Asia/Riyadh] [REQ] sid=i0vihml6vmujjg2df2htlnk9no user=yes GET /verify/aaaaaaaaaaaaaaaaaaaaaaaaaaaaaaaa cookie=yes
[10-Aug-2026 12:51:46 Asia/Riyadh] [REQ] sid=i0vihml6vmujjg2df2htlnk9no user=yes POST /admin/documents/1/delete cookie=yes
[10-Aug-2026 12:51:46 Asia/Riyadh] [REQ] sid=i0vihml6vmujjg2df2htlnk9no user=yes GET /admin/documents cookie=yes
[10-Aug-2026 12:51:46 Asia/Riyadh] [REQ] sid=i0vihml6vmujjg2df2htlnk9no user=yes POST /logout cookie=yes
[10-Aug-2026 12:51:46 Asia/Riyadh] [REQ] sid=hmrdh0qnugr0r1tn1ld5f1find user=no GET /login cookie=yes
[10-Aug-2026 12:51:46 Asia/Riyadh] [REQ] sid=hmrdh0qnugr0r1tn1ld5f1find user=no GET /admin cookie=yes
[10-Aug-2026 12:51:46 Asia/Riyadh] [REQ] sid=hmrdh0qnugr0r1tn1ld5f1find user=no GET /login cookie=yes
[10-Aug-2026 13:03:47 Asia/Riyadh] [REQ] sid=jr1hpln83j1eu8sms7dcnsbtnn user=no GET /login cookie=no
[10-Aug-2026 13:03:48 Asia/Riyadh] [REQ] sid=jr1hpln83j1eu8sms7dcnsbtnn user=no POST /login cookie=yes
[10-Aug-2026 13:03:49 Asia/Riyadh] [REQ] sid=jr1hpln83j1eu8sms7dcnsbtnn user=no POST /login cookie=yes
[10-Aug-2026 13:03:49 Asia/Riyadh] [REQ] sid=5drk3do7egnld6f07isl1b1ncf user=yes POST /admin/change-password cookie=yes
[10-Aug-2026 13:03:50 Asia/Riyadh] [REQ] sid=5drk3do7egnld6f07isl1b1ncf user=yes POST /admin/clients/store cookie=yes
[10-Aug-2026 13:03:50 Asia/Riyadh] [REQ] sid=5drk3do7egnld6f07isl1b1ncf user=yes POST /admin/documents/store cookie=yes
[10-Aug-2026 13:03:50 Asia/Riyadh] [REQ] sid=5drk3do7egnld6f07isl1b1ncf user=yes GET /admin/documents cookie=yes
[10-Aug-2026 13:03:51 Asia/Riyadh] [REQ] sid=5drk3do7egnld6f07isl1b1ncf user=yes GET /admin/documents//qr cookie=yes
[10-Aug-2026 13:03:51 Asia/Riyadh] [REQ] sid=5drk3do7egnld6f07isl1b1ncf user=yes POST /admin/documents//activate cookie=yes
[10-Aug-2026 13:03:51 Asia/Riyadh] [REQ] sid=5drk3do7egnld6f07isl1b1ncf user=yes GET /verify/ cookie=yes
[10-Aug-2026 13:03:51 Asia/Riyadh] [REQ] sid=5drk3do7egnld6f07isl1b1ncf user=yes GET /verify//file cookie=yes
[10-Aug-2026 13:03:51 Asia/Riyadh] [REQ] sid=5drk3do7egnld6f07isl1b1ncf user=yes GET /admin/verifications cookie=yes
[10-Aug-2026 13:03:51 Asia/Riyadh] [REQ] sid=5drk3do7egnld6f07isl1b1ncf user=yes POST /admin/documents//disable cookie=yes
[10-Aug-2026 13:03:51 Asia/Riyadh] [REQ] sid=5drk3do7egnld6f07isl1b1ncf user=yes GET /verify/ cookie=yes
[10-Aug-2026 13:03:52 Asia/Riyadh] [REQ] sid=5drk3do7egnld6f07isl1b1ncf user=yes GET /verify/aaaaaaaaaaaaaaaaaaaaaaaaaaaaaaaa cookie=yes
[10-Aug-2026 13:03:52 Asia/Riyadh] [REQ] sid=5drk3do7egnld6f07isl1b1ncf user=yes POST /admin/documents//delete cookie=yes
[10-Aug-2026 13:03:52 Asia/Riyadh] [REQ] sid=5drk3do7egnld6f07isl1b1ncf user=yes POST /logout cookie=yes
[10-Aug-2026 13:03:52 Asia/Riyadh] [REQ] sid=5drk3do7egnld6f07isl1b1ncf user=yes GET /admin cookie=yes
[10-Aug-2026 13:05:25 Asia/Riyadh] [REQ] sid=d97bj6uejnd8lpan4174dtt5n3 user=no GET /login cookie=no
[10-Aug-2026 13:05:26 Asia/Riyadh] [REQ] sid=d97bj6uejnd8lpan4174dtt5n3 user=no POST /login cookie=yes
[10-Aug-2026 13:05:26 Asia/Riyadh] [REQ] sid=d97bj6uejnd8lpan4174dtt5n3 user=no GET /login cookie=yes
[10-Aug-2026 13:05:26 Asia/Riyadh] [REQ] sid=d97bj6uejnd8lpan4174dtt5n3 user=no POST /login cookie=yes
[10-Aug-2026 13:05:26 Asia/Riyadh] [REQ] sid=kc7ui0vta72m5r1ggdhvaq6dg1 user=yes GET /admin cookie=yes
[10-Aug-2026 13:05:26 Asia/Riyadh] [REQ] sid=kc7ui0vta72m5r1ggdhvaq6dg1 user=yes GET /admin/change-password cookie=yes
[10-Aug-2026 13:05:27 Asia/Riyadh] [REQ] sid=kc7ui0vta72m5r1ggdhvaq6dg1 user=yes POST /admin/change-password cookie=yes
[10-Aug-2026 13:05:27 Asia/Riyadh] [REQ] sid=kc7ui0vta72m5r1ggdhvaq6dg1 user=yes GET /admin cookie=yes
[10-Aug-2026 13:05:27 Asia/Riyadh] [REQ] sid=kc7ui0vta72m5r1ggdhvaq6dg1 user=yes POST /admin/clients/store cookie=yes
[10-Aug-2026 13:05:27 Asia/Riyadh] [REQ] sid=kc7ui0vta72m5r1ggdhvaq6dg1 user=yes GET /admin/clients cookie=yes
[10-Aug-2026 13:05:27 Asia/Riyadh] [REQ] sid=kc7ui0vta72m5r1ggdhvaq6dg1 user=yes POST /admin/documents/store cookie=yes
[10-Aug-2026 13:05:27 Asia/Riyadh] PHP Deprecated:  Optional parameter $filename declared before required parameter $fore_color is implicitly treated as a required parameter in D:\client1\vendor\phpqrcode\qrimage.php on line 30
[10-Aug-2026 13:05:27 Asia/Riyadh] PHP Deprecated:  Optional parameter $pixelPerPoint declared before required parameter $fore_color is implicitly treated as a required parameter in D:\client1\vendor\phpqrcode\qrimage.php on line 30
[10-Aug-2026 13:05:27 Asia/Riyadh] PHP Deprecated:  Optional parameter $outerFrame declared before required parameter $fore_color is implicitly treated as a required parameter in D:\client1\vendor\phpqrcode\qrimage.php on line 30
[10-Aug-2026 13:05:27 Asia/Riyadh] PHP Deprecated:  Optional parameter $saveandprint declared before required parameter $fore_color is implicitly treated as a required parameter in D:\client1\vendor\phpqrcode\qrimage.php on line 30
[10-Aug-2026 13:05:27 Asia/Riyadh] PHP Deprecated:  Optional parameter $filename declared before required parameter $fore_color is implicitly treated as a required parameter in D:\client1\vendor\phpqrcode\qrvect.php on line 140
[10-Aug-2026 13:05:27 Asia/Riyadh] PHP Deprecated:  Optional parameter $pixelPerPoint declared before required parameter $fore_color is implicitly treated as a required parameter in D:\client1\vendor\phpqrcode\qrvect.php on line 140
[10-Aug-2026 13:05:27 Asia/Riyadh] PHP Deprecated:  Optional parameter $outerFrame declared before required parameter $fore_color is implicitly treated as a required parameter in D:\client1\vendor\phpqrcode\qrvect.php on line 140
[10-Aug-2026 13:05:27 Asia/Riyadh] PHP Deprecated:  Optional parameter $saveandprint declared before required parameter $fore_color is implicitly treated as a required parameter in D:\client1\vendor\phpqrcode\qrvect.php on line 140
[10-Aug-2026 13:05:27 Asia/Riyadh] [QR LIB] Creation of dynamic property QRencode::$cmyk is deprecated
[10-Aug-2026 13:05:27 Asia/Riyadh] [QR LIB] Implicit conversion from float 0.25 to int loses precision
[10-Aug-2026 13:05:27 Asia/Riyadh] [QR LIB] Implicit conversion from float 0.5 to int loses precision
[10-Aug-2026 13:05:27 Asia/Riyadh] [QR LIB] Implicit conversion from float 0.75 to int loses precision
[10-Aug-2026 13:05:27 Asia/Riyadh] [QR LIB] Implicit conversion from float 1.25 to int loses precision
[10-Aug-2026 13:05:27 Asia/Riyadh] [QR LIB] Implicit conversion from float 1.5 to int loses precision
[10-Aug-2026 13:05:27 Asia/Riyadh] [QR LIB] Implicit conversion from float 1.75 to int loses precision
[10-Aug-2026 13:05:27 Asia/Riyadh] [QR LIB] Implicit conversion from float 2.25 to int loses precision
[10-Aug-2026 13:05:27 Asia/Riyadh] [QR LIB] Implicit conversion from float 2.5 to int loses precision
[10-Aug-2026 13:05:27 Asia/Riyadh] [QR LIB] Implicit conversion from float 2.75 to int loses precision
[10-Aug-2026 13:05:27 Asia/Riyadh] [QR LIB] Implicit conversion from float 3.25 to int loses precision
[10-Aug-2026 13:05:27 Asia/Riyadh] [QR LIB] Implicit conversion from float 3.5 to int loses precision
[10-Aug-2026 13:05:27 Asia/Riyadh] [QR LIB] Implicit conversion from float 3.75 to int loses precision
[10-Aug-2026 13:05:27 Asia/Riyadh] [QR LIB] Implicit conversion from float 4.25 to int loses precision
[10-Aug-2026 13:05:27 Asia/Riyadh] [QR LIB] Implicit conversion from float 4.5 to int loses precision
[10-Aug-2026 13:05:27 Asia/Riyadh] [QR LIB] Implicit conversion from float 4.75 to int loses precision
[10-Aug-2026 13:05:27 Asia/Riyadh] [QR LIB] Implicit conversion from float 5.25 to int loses precision
[10-Aug-2026 13:05:27 Asia/Riyadh] [QR LIB] Implicit conversion from float 5.5 to int loses precision
[10-Aug-2026 13:05:27 Asia/Riyadh] [QR LIB] Implicit conversion from float 5.75 to int loses precision
[10-Aug-2026 13:05:27 Asia/Riyadh] [QR LIB] Implicit conversion from float 6.25 to int loses precision
[10-Aug-2026 13:05:27 Asia/Riyadh] [QR LIB] Implicit conversion from float 6.5 to int loses precision
[10-Aug-2026 13:05:27 Asia/Riyadh] [QR LIB] Implicit conversion from float 6.75 to int loses precision
[10-Aug-2026 13:05:27 Asia/Riyadh] [QR LIB] Implicit conversion from float 7.25 to int loses precision
[10-Aug-2026 13:05:27 Asia/Riyadh] [QR LIB] Implicit conversion from float 7.5 to int loses precision
[10-Aug-2026 13:05:27 Asia/Riyadh] [QR LIB] Implicit conversion from float 7.75 to int loses precision
[10-Aug-2026 13:05:27 Asia/Riyadh] [QR LIB] Implicit conversion from float 8.25 to int loses precision
[10-Aug-2026 13:05:27 Asia/Riyadh] [QR LIB] Implicit conversion from float 8.5 to int loses precision
[10-Aug-2026 13:05:27 Asia/Riyadh] [QR LIB] Implicit conversion from float 8.75 to int loses precision
[10-Aug-2026 13:05:27 Asia/Riyadh] [QR LIB] Implicit conversion from float 9.25 to int loses precision
[10-Aug-2026 13:05:27 Asia/Riyadh] [QR LIB] Implicit conversion from float 9.5 to int loses precision
[10-Aug-2026 13:05:27 Asia/Riyadh] [QR LIB] Implicit conversion from float 9.75 to int loses precision
[10-Aug-2026 13:05:27 Asia/Riyadh] [QR LIB] Implicit conversion from float 10.25 to int loses precision
[10-Aug-2026 13:05:27 Asia/Riyadh] [QR LIB] Implicit conversion from float 10.5 to int loses precision
[10-Aug-2026 13:05:27 Asia/Riyadh] [QR LIB] Implicit conversion from float 10.75 to int loses precision
[10-Aug-2026 13:05:27 Asia/Riyadh] [QR LIB] Implicit conversion from float 11.25 to int loses precision
[10-Aug-2026 13:05:27 Asia/Riyadh] [QR LIB] Implicit conversion from float 11.5 to int loses precision
[10-Aug-2026 13:05:27 Asia/Riyadh] [QR LIB] Implicit conversion from float 11.75 to int loses precision
[10-Aug-2026 13:05:27 Asia/Riyadh] [QR LIB] Implicit conversion from float 12.25 to int loses precision
[10-Aug-2026 13:05:27 Asia/Riyadh] [QR LIB] Implicit conversion from float 12.5 to int loses precision
[10-Aug-2026 13:05:27 Asia/Riyadh] [QR LIB] Implicit conversion from float 12.75 to int loses precision
[10-Aug-2026 13:05:27 Asia/Riyadh] [QR LIB] Implicit conversion from float 13.25 to int loses precision
[10-Aug-2026 13:05:27 Asia/Riyadh] [QR LIB] Implicit conversion from float 13.5 to int loses precision
[10-Aug-2026 13:05:27 Asia/Riyadh] [QR LIB] Implicit conversion from float 13.75 to int loses precision
[10-Aug-2026 13:05:27 Asia/Riyadh] [QR LIB] Implicit conversion from float 14.25 to int loses precision
[10-Aug-2026 13:05:27 Asia/Riyadh] [QR LIB] Implicit conversion from float 14.5 to int loses precision
[10-Aug-2026 13:05:27 Asia/Riyadh] [QR LIB] Implicit conversion from float 14.75 to int loses precision
[10-Aug-2026 13:05:27 Asia/Riyadh] [QR LIB] Implicit conversion from float 0.25 to int loses precision
[10-Aug-2026 13:05:27 Asia/Riyadh] [QR LIB] Implicit conversion from float 0.5 to int loses precision
[10-Aug-2026 13:05:27 Asia/Riyadh] [QR LIB] Implicit conversion from float 0.75 to int loses precision
[10-Aug-2026 13:05:27 Asia/Riyadh] [QR LIB] Implicit conversion from float 1.25 to int loses precision
[10-Aug-2026 13:05:27 Asia/Riyadh] [QR LIB] Implicit conversion from float 1.5 to int loses precision
[10-Aug-2026 13:05:27 Asia/Riyadh] [QR LIB] Implicit conversion from float 1.75 to int loses precision
[10-Aug-2026 13:05:27 Asia/Riyadh] [QR LIB] Implicit conversion from float 2.25 to int loses precision
[10-Aug-2026 13:05:27 Asia/Riyadh] [QR LIB] Implicit conversion from float 2.5 to int loses precision
[10-Aug-2026 13:05:27 Asia/Riyadh] [QR LIB] Implicit conversion from float 2.75 to int loses precision
[10-Aug-2026 13:05:27 Asia/Riyadh] [QR LIB] Implicit conversion from float 3.25 to int loses precision
[10-Aug-2026 13:05:27 Asia/Riyadh] [QR LIB] Implicit conversion from float 3.5 to int loses precision
[10-Aug-2026 13:05:27 Asia/Riyadh] [QR LIB] Implicit conversion from float 3.75 to int loses precision
[10-Aug-2026 13:05:27 Asia/Riyadh] [QR LIB] Implicit conversion from float 4.25 to int loses precision
[10-Aug-2026 13:05:27 Asia/Riyadh] [QR LIB] Implicit conversion from float 4.5 to int loses precision
[10-Aug-2026 13:05:27 Asia/Riyadh] [QR LIB] Implicit conversion from float 4.75 to int loses precision
[10-Aug-2026 13:05:27 Asia/Riyadh] [QR LIB] Implicit conversion from float 5.25 to int loses precision
[10-Aug-2026 13:05:27 Asia/Riyadh] [QR LIB] Implicit conversion from float 5.5 to int loses precision
[10-Aug-2026 13:05:27 Asia/Riyadh] [QR LIB] Implicit conversion from float 5.75 to int loses precision
[10-Aug-2026 13:05:27 Asia/Riyadh] [QR LIB] Implicit conversion from float 6.25 to int loses precision
[10-Aug-2026 13:05:27 Asia/Riyadh] [QR LIB] Implicit conversion from float 6.5 to int loses precision
[10-Aug-2026 13:05:27 Asia/Riyadh] [QR LIB] Implicit conversion from float 6.75 to int loses precision
[10-Aug-2026 13:05:27 Asia/Riyadh] [QR LIB] Implicit conversion from float 7.25 to int loses precision
[10-Aug-2026 13:05:27 Asia/Riyadh] [QR LIB] Implicit conversion from float 7.5 to int loses precision
[10-Aug-2026 13:05:27 Asia/Riyadh] [QR LIB] Implicit conversion from float 7.75 to int loses precision
[10-Aug-2026 13:05:27 Asia/Riyadh] [QR LIB] Implicit conversion from float 8.25 to int loses precision
[10-Aug-2026 13:05:27 Asia/Riyadh] [QR LIB] Implicit conversion from float 8.5 to int loses precision
[10-Aug-2026 13:05:27 Asia/Riyadh] [QR LIB] Implicit conversion from float 8.75 to int loses precision
[10-Aug-2026 13:05:27 Asia/Riyadh] [QR LIB] Implicit conversion from float 9.25 to int loses precision
[10-Aug-2026 13:05:27 Asia/Riyadh] [QR LIB] Implicit conversion from float 9.5 to int loses precision
[10-Aug-2026 13:05:27 Asia/Riyadh] [QR LIB] Implicit conversion from float 9.75 to int loses precision
[10-Aug-2026 13:05:27 Asia/Riyadh] [QR LIB] Implicit conversion from float 10.25 to int loses precision
[10-Aug-2026 13:05:27 Asia/Riyadh] [QR LIB] Implicit conversion from float 10.5 to int loses precision
[10-Aug-2026 13:05:27 Asia/Riyadh] [QR LIB] Implicit conversion from float 10.75 to int loses precision
[10-Aug-2026 13:05:27 Asia/Riyadh] [QR LIB] Implicit conversion from float 11.25 to int loses precision
[10-Aug-2026 13:05:27 Asia/Riyadh] [QR LIB] Implicit conversion from float 11.5 to int loses precision
[10-Aug-2026 13:05:27 Asia/Riyadh] [QR LIB] Implicit conversion from float 11.75 to int loses precision
[10-Aug-2026 13:05:27 Asia/Riyadh] [QR LIB] Implicit conversion from float 12.25 to int loses precision
[10-Aug-2026 13:05:27 Asia/Riyadh] [QR LIB] Implicit conversion from float 12.5 to int loses precision
[10-Aug-2026 13:05:27 Asia/Riyadh] [QR LIB] Implicit conversion from float 12.75 to int loses precision
[10-Aug-2026 13:05:27 Asia/Riyadh] [QR LIB] Implicit conversion from float 13.25 to int loses precision
[10-Aug-2026 13:05:27 Asia/Riyadh] [QR LIB] Implicit conversion from float 13.5 to int loses precision
[10-Aug-2026 13:05:27 Asia/Riyadh] [QR LIB] Implicit conversion from float 13.75 to int loses precision
[10-Aug-2026 13:05:27 Asia/Riyadh] [QR LIB] Implicit conversion from float 14.25 to int loses precision
[10-Aug-2026 13:05:27 Asia/Riyadh] [QR LIB] Implicit conversion from float 14.5 to int loses precision
[10-Aug-2026 13:05:27 Asia/Riyadh] [QR LIB] Implicit conversion from float 14.75 to int loses precision
[10-Aug-2026 13:05:27 Asia/Riyadh] [QR LIB] Implicit conversion from float 15.25 to int loses precision
[10-Aug-2026 13:05:27 Asia/Riyadh] [QR LIB] Implicit conversion from float 15.5 to int loses precision
[10-Aug-2026 13:05:27 Asia/Riyadh] [QR LIB] Implicit conversion from float 15.75 to int loses precision
[10-Aug-2026 13:05:27 Asia/Riyadh] [QR LIB] Implicit conversion from float 16.25 to int loses precision
[10-Aug-2026 13:05:27 Asia/Riyadh] [QR LIB] Implicit conversion from float 16.5 to int loses precision
[10-Aug-2026 13:05:27 Asia/Riyadh] [QR LIB] Implicit conversion from float 16.75 to int loses precision
[10-Aug-2026 13:05:27 Asia/Riyadh] [QR LIB] Implicit conversion from float 17.25 to int loses precision
[10-Aug-2026 13:05:27 Asia/Riyadh] [QR LIB] Implicit conversion from float 17.5 to int loses precision
[10-Aug-2026 13:05:27 Asia/Riyadh] [QR LIB] Implicit conversion from float 17.75 to int loses precision
[10-Aug-2026 13:05:27 Asia/Riyadh] [QR LIB] Implicit conversion from float 18.25 to int loses precision
[10-Aug-2026 13:05:27 Asia/Riyadh] [QR LIB] Implicit conversion from float 18.5 to int loses precision
[10-Aug-2026 13:05:27 Asia/Riyadh] [QR LIB] Implicit conversion from float 18.75 to int loses precision
[10-Aug-2026 13:05:27 Asia/Riyadh] [QR LIB] Implicit conversion from float 19.25 to int loses precision
[10-Aug-2026 13:05:27 Asia/Riyadh] [QR LIB] Implicit conversion from float 19.5 to int loses precision
[10-Aug-2026 13:05:27 Asia/Riyadh] [QR LIB] Implicit conversion from float 19.75 to int loses precision
[10-Aug-2026 13:05:27 Asia/Riyadh] [QR LIB] Implicit conversion from float 20.25 to int loses precision
[10-Aug-2026 13:05:27 Asia/Riyadh] [QR LIB] Implicit conversion from float 20.5 to int loses precision
[10-Aug-2026 13:05:27 Asia/Riyadh] [QR LIB] Implicit conversion from float 20.75 to int loses precision
[10-Aug-2026 13:05:27 Asia/Riyadh] [QR LIB] Implicit conversion from float 21.25 to int loses precision
[10-Aug-2026 13:05:27 Asia/Riyadh] [QR LIB] Implicit conversion from float 21.5 to int loses precision
[10-Aug-2026 13:05:27 Asia/Riyadh] [QR LIB] Implicit conversion from float 21.75 to int loses precision
[10-Aug-2026 13:05:27 Asia/Riyadh] [QR LIB] Implicit conversion from float 22.25 to int loses precision
[10-Aug-2026 13:05:27 Asia/Riyadh] [QR LIB] Implicit conversion from float 22.5 to int loses precision
[10-Aug-2026 13:05:27 Asia/Riyadh] [QR LIB] Implicit conversion from float 22.75 to int loses precision
[10-Aug-2026 13:05:27 Asia/Riyadh] [QR LIB] Implicit conversion from float 23.25 to int loses precision
[10-Aug-2026 13:05:27 Asia/Riyadh] [QR LIB] Implicit conversion from float 23.5 to int loses precision
[10-Aug-2026 13:05:27 Asia/Riyadh] [QR LIB] Implicit conversion from float 23.75 to int loses precision
[10-Aug-2026 13:05:27 Asia/Riyadh] [QR LIB] Implicit conversion from float 24.25 to int loses precision
[10-Aug-2026 13:05:27 Asia/Riyadh] [QR LIB] Implicit conversion from float 24.5 to int loses precision
[10-Aug-2026 13:05:27 Asia/Riyadh] [QR LIB] Implicit conversion from float 24.75 to int loses precision
[10-Aug-2026 13:05:27 Asia/Riyadh] [QR LIB] Implicit conversion from float 25.25 to int loses precision
[10-Aug-2026 13:05:27 Asia/Riyadh] [QR LIB] Implicit conversion from float 25.5 to int loses precision
[10-Aug-2026 13:05:27 Asia/Riyadh] [QR LIB] Implicit conversion from float 25.75 to int loses precision
[10-Aug-2026 13:05:27 Asia/Riyadh] [QR LIB] Implicit conversion from float 26.25 to int loses precision
[10-Aug-2026 13:05:27 Asia/Riyadh] [QR LIB] Implicit conversion from float 26.5 to int loses precision
[10-Aug-2026 13:05:27 Asia/Riyadh] [QR LIB] Implicit conversion from float 26.75 to int loses precision
[10-Aug-2026 13:05:27 Asia/Riyadh] [QR LIB] Implicit conversion from float 27.25 to int loses precision
[10-Aug-2026 13:05:27 Asia/Riyadh] [QR LIB] Implicit conversion from float 27.5 to int loses precision
[10-Aug-2026 13:05:27 Asia/Riyadh] [QR LIB] Implicit conversion from float 27.75 to int loses precision
[10-Aug-2026 13:05:28 Asia/Riyadh] [REQ] sid=kc7ui0vta72m5r1ggdhvaq6dg1 user=yes GET /admin/documents cookie=yes
[10-Aug-2026 13:05:28 Asia/Riyadh] [REQ] sid=kc7ui0vta72m5r1ggdhvaq6dg1 user=yes GET /admin/documents cookie=yes
[10-Aug-2026 13:05:28 Asia/Riyadh] [REQ] sid=kc7ui0vta72m5r1ggdhvaq6dg1 user=yes GET /admin/documents/1/qr cookie=yes
[10-Aug-2026 13:05:28 Asia/Riyadh] [REQ] sid=kc7ui0vta72m5r1ggdhvaq6dg1 user=yes POST /admin/documents/1/activate cookie=yes
[10-Aug-2026 13:05:28 Asia/Riyadh] [REQ] sid=kc7ui0vta72m5r1ggdhvaq6dg1 user=yes GET /admin/documents cookie=yes
[10-Aug-2026 13:05:28 Asia/Riyadh] [REQ] sid=kc7ui0vta72m5r1ggdhvaq6dg1 user=yes GET /verify/b319cae5d1d93b7f8b5c1b15c798abb7 cookie=yes
[10-Aug-2026 13:05:28 Asia/Riyadh] [REQ] sid=kc7ui0vta72m5r1ggdhvaq6dg1 user=yes GET /verify/b319cae5d1d93b7f8b5c1b15c798abb7/file cookie=yes
[10-Aug-2026 13:05:29 Asia/Riyadh] [REQ] sid=kc7ui0vta72m5r1ggdhvaq6dg1 user=yes GET /admin/verifications cookie=yes
[10-Aug-2026 13:05:29 Asia/Riyadh] [REQ] sid=kc7ui0vta72m5r1ggdhvaq6dg1 user=yes POST /admin/documents/1/disable cookie=yes
[10-Aug-2026 13:05:29 Asia/Riyadh] [REQ] sid=kc7ui0vta72m5r1ggdhvaq6dg1 user=yes GET /admin/documents cookie=yes
[10-Aug-2026 13:05:29 Asia/Riyadh] [REQ] sid=kc7ui0vta72m5r1ggdhvaq6dg1 user=yes GET /verify/b319cae5d1d93b7f8b5c1b15c798abb7 cookie=yes
[10-Aug-2026 13:05:29 Asia/Riyadh] [REQ] sid=kc7ui0vta72m5r1ggdhvaq6dg1 user=yes GET /verify/aaaaaaaaaaaaaaaaaaaaaaaaaaaaaaaa cookie=yes
[10-Aug-2026 13:05:29 Asia/Riyadh] [REQ] sid=kc7ui0vta72m5r1ggdhvaq6dg1 user=yes POST /admin/documents/1/delete cookie=yes
[10-Aug-2026 13:05:29 Asia/Riyadh] [REQ] sid=kc7ui0vta72m5r1ggdhvaq6dg1 user=yes GET /admin/documents cookie=yes
[10-Aug-2026 13:05:30 Asia/Riyadh] [REQ] sid=kc7ui0vta72m5r1ggdhvaq6dg1 user=yes POST /logout cookie=yes
[10-Aug-2026 13:05:30 Asia/Riyadh] [REQ] sid=lju2hcqvo22710uisdt1oe207u user=no GET /login cookie=yes
[10-Aug-2026 13:05:30 Asia/Riyadh] [REQ] sid=lju2hcqvo22710uisdt1oe207u user=no GET /admin cookie=yes
[10-Aug-2026 13:05:30 Asia/Riyadh] [REQ] sid=lju2hcqvo22710uisdt1oe207u user=no GET /login cookie=yes
[10-Aug-2026 13:07:12 Asia/Riyadh] [REQ] sid=t6kic1ra3l5c888slv05f7ge2e user=no GET /login cookie=no
[10-Aug-2026 13:07:12 Asia/Riyadh] [REQ] sid=t6kic1ra3l5c888slv05f7ge2e user=no POST /login cookie=yes
[10-Aug-2026 13:07:12 Asia/Riyadh] [REQ] sid=t6kic1ra3l5c888slv05f7ge2e user=no GET /login cookie=yes
[10-Aug-2026 13:07:13 Asia/Riyadh] [REQ] sid=t6kic1ra3l5c888slv05f7ge2e user=no GET /admin/change-password cookie=yes
[10-Aug-2026 13:07:13 Asia/Riyadh] [REQ] sid=t6kic1ra3l5c888slv05f7ge2e user=no POST /admin/change-password cookie=yes
[10-Aug-2026 13:07:13 Asia/Riyadh] [REQ] sid=t6kic1ra3l5c888slv05f7ge2e user=no GET /login cookie=yes
[10-Aug-2026 13:07:13 Asia/Riyadh] [REQ] sid=t6kic1ra3l5c888slv05f7ge2e user=no GET /admin/documents/upload cookie=yes
[10-Aug-2026 13:07:13 Asia/Riyadh] [REQ] sid=t6kic1ra3l5c888slv05f7ge2e user=no POST /admin/documents/store cookie=yes
[24-Aug-2026 16:39:52 Asia/Riyadh] [DB] SQLSTATE[HY000] [2002] No connection could be made because the target machine actively refused it
[24-Aug-2026 16:39:54 Asia/Riyadh] [DB] SQLSTATE[HY000] [2002] No connection could be made because the target machine actively refused it
[24-Aug-2026 16:40:27 Asia/Riyadh] [DB] SQLSTATE[HY000] [2002] No connection could be made because the target machine actively refused it
[24-Aug-2026 16:40:29 Asia/Riyadh] [DB] SQLSTATE[HY000] [2002] No connection could be made because the target machine actively refused it
[24-Aug-2026 16:46:52 Asia/Riyadh] [DB] SQLSTATE[HY000] [2002] No connection could be made because the target machine actively refused it
[24-Aug-2026 16:46:55 Asia/Riyadh] [DB] SQLSTATE[HY000] [2002] No connection could be made because the target machine actively refused it
[24-Aug-2026 16:57:35 Asia/Riyadh] [DB] SQLSTATE[HY000] [2002] No connection could be made because the target machine actively refused it
[24-Aug-2026 16:57:37 Asia/Riyadh] [DB] SQLSTATE[HY000] [2002] No connection could be made because the target machine actively refused it
[24-Aug-2026 17:05:06 Asia/Riyadh] [DB] SQLSTATE[HY000] [2002] No connection could be made because the target machine actively refused it
[24-Aug-2026 17:05:08 Asia/Riyadh] [DB] SQLSTATE[HY000] [2002] No connection could be made because the target machine actively refused it
[24-Aug-2026 17:05:14 Asia/Riyadh] [DB] SQLSTATE[HY000] [2002] No connection could be made because the target machine actively refused it
[24-Aug-2026 17:05:16 Asia/Riyadh] [DB] SQLSTATE[HY000] [2002] No connection could be made because the target machine actively refused it
[24-Aug-2026 17:06:48 Asia/Riyadh] [DB] could not find driver
[24-Aug-2026 17:06:53 Asia/Riyadh] [DB] could not find driver
[24-Aug-2026 17:07:07 Asia/Riyadh] [DB] could not find driver
[24-Aug-2026 17:07:08 Asia/Riyadh] [DB] could not find driver
[24-Aug-2026 17:09:47 Asia/Riyadh] [DB] could not find driver
[24-Aug-2026 17:09:47 Asia/Riyadh] [DB] could not find driver
[24-Aug-2026 17:10:39 Asia/Riyadh] [REQ] sid=50248ff5ed0b20de21af0c72de554689 user=no GET / cookie=no
[24-Aug-2026 17:10:48 Asia/Riyadh] [REQ] sid=c9069495eff1cc0539ceb9e70e0a037a user=no GET /login cookie=no
[24-Aug-2026 17:10:55 Asia/Riyadh] [REQ] sid=d6e8548b2d3d2938830a3b8491d75412 user=no GET / cookie=no
[24-Aug-2026 17:11:34 Asia/Riyadh] [REQ] sid=3d28a48783eeb851bb5fa81d8e43d0ea user=no GET / cookie=yes
[24-Aug-2026 17:11:34 Asia/Riyadh] [REQ] sid=3d28a48783eeb851bb5fa81d8e43d0ea user=no GET /login cookie=yes
[24-Aug-2026 17:11:41 Asia/Riyadh] [REQ] sid=3d28a48783eeb851bb5fa81d8e43d0ea user=no POST /login cookie=yes
[24-Aug-2026 17:11:41 Asia/Riyadh] [REQ] sid=3d28a48783eeb851bb5fa81d8e43d0ea user=no GET /login cookie=yes
[24-Aug-2026 17:13:27 Asia/Riyadh] [REQ] sid=3d28a48783eeb851bb5fa81d8e43d0ea user=no POST /login cookie=yes
[24-Aug-2026 17:13:27 Asia/Riyadh] [REQ] sid=3d28a48783eeb851bb5fa81d8e43d0ea user=no GET /login cookie=yes
[24-Aug-2026 17:13:49 Asia/Riyadh] [REQ] sid=ebd681c3f4f0c0c10a8fa934e83bbe58 user=no GET /login cookie=no
[24-Aug-2026 17:13:49 Asia/Riyadh] [REQ] sid=ebd681c3f4f0c0c10a8fa934e83bbe58 user=no POST /login cookie=yes
[24-Aug-2026 17:13:57 Asia/Riyadh] [REQ] sid=6975f8293686d90d7fdf4f571703d009 user=no GET /login cookie=no
[24-Aug-2026 17:14:04 Asia/Riyadh] [REQ] sid=6975f8293686d90d7fdf4f571703d009 user=no POST /login cookie=yes
[24-Aug-2026 17:14:49 Asia/Riyadh] [REQ] sid=3d28a48783eeb851bb5fa81d8e43d0ea user=no POST /login cookie=yes
[24-Aug-2026 17:14:49 Asia/Riyadh] [REQ] sid=1f7a912cd8cd321d289795a802e3ecd9 user=yes GET /admin cookie=yes
[24-Aug-2026 17:14:49 Asia/Riyadh] [REQ] sid=1f7a912cd8cd321d289795a802e3ecd9 user=yes GET /admin/change-password cookie=yes
[24-Aug-2026 17:15:40 Asia/Riyadh] [REQ] sid=1f7a912cd8cd321d289795a802e3ecd9 user=yes POST /admin/change-password cookie=yes
[24-Aug-2026 17:15:41 Asia/Riyadh] [REQ] sid=1f7a912cd8cd321d289795a802e3ecd9 user=yes GET /admin/change-password cookie=yes
[24-Aug-2026 17:16:05 Asia/Riyadh] [REQ] sid=1f7a912cd8cd321d289795a802e3ecd9 user=yes GET /admin cookie=yes
[24-Aug-2026 17:16:05 Asia/Riyadh] [REQ] sid=1f7a912cd8cd321d289795a802e3ecd9 user=yes GET /admin/change-password cookie=yes
[24-Aug-2026 17:16:07 Asia/Riyadh] [REQ] sid=1f7a912cd8cd321d289795a802e3ecd9 user=yes GET /admin cookie=yes
[24-Aug-2026 17:16:07 Asia/Riyadh] [REQ] sid=1f7a912cd8cd321d289795a802e3ecd9 user=yes GET /admin/change-password cookie=yes
[24-Aug-2026 17:16:30 Asia/Riyadh] [REQ] sid=1f7a912cd8cd321d289795a802e3ecd9 user=yes POST /admin/change-password cookie=yes
[24-Aug-2026 17:16:30 Asia/Riyadh] [REQ] sid=1f7a912cd8cd321d289795a802e3ecd9 user=yes GET /admin/change-password cookie=yes
[24-Aug-2026 17:17:14 Asia/Riyadh] [REQ] sid=1f7a912cd8cd321d289795a802e3ecd9 user=yes POST /admin/change-password cookie=yes
[24-Aug-2026 17:17:15 Asia/Riyadh] [REQ] sid=1f7a912cd8cd321d289795a802e3ecd9 user=yes GET /admin cookie=yes
[24-Aug-2026 17:17:27 Asia/Riyadh] [REQ] sid=1f7a912cd8cd321d289795a802e3ecd9 user=yes GET /admin/clients cookie=yes
[24-Aug-2026 17:17:30 Asia/Riyadh] [REQ] sid=1f7a912cd8cd321d289795a802e3ecd9 user=yes GET /admin/documents cookie=yes
[24-Aug-2026 17:17:34 Asia/Riyadh] [REQ] sid=1f7a912cd8cd321d289795a802e3ecd9 user=yes GET /admin/verifications cookie=yes
[24-Aug-2026 17:17:36 Asia/Riyadh] [REQ] sid=1f7a912cd8cd321d289795a802e3ecd9 user=yes GET /admin/settings cookie=yes
[24-Aug-2026 17:17:42 Asia/Riyadh] [REQ] sid=1f7a912cd8cd321d289795a802e3ecd9 user=yes GET /admin cookie=yes
[24-Aug-2026 17:17:47 Asia/Riyadh] [REQ] sid=1f7a912cd8cd321d289795a802e3ecd9 user=yes GET /admin/clients cookie=yes
[24-Aug-2026 17:17:48 Asia/Riyadh] [REQ] sid=1f7a912cd8cd321d289795a802e3ecd9 user=yes GET /admin/clients/create cookie=yes
[24-Aug-2026 17:18:09 Asia/Riyadh] [REQ] sid=1f7a912cd8cd321d289795a802e3ecd9 user=yes POST /admin/clients/store cookie=yes
[24-Aug-2026 17:18:09 Asia/Riyadh] [REQ] sid=1f7a912cd8cd321d289795a802e3ecd9 user=yes GET /admin/clients cookie=yes
[24-Aug-2026 17:18:17 Asia/Riyadh] [REQ] sid=1f7a912cd8cd321d289795a802e3ecd9 user=yes GET /admin/clients/1/documents cookie=yes
[24-Aug-2026 17:18:20 Asia/Riyadh] [REQ] sid=1f7a912cd8cd321d289795a802e3ecd9 user=yes GET /admin/documents/upload?client_id=1 cookie=yes
[24-Aug-2026 17:18:36 Asia/Riyadh] [REQ] sid=1f7a912cd8cd321d289795a802e3ecd9 user=yes POST /admin/documents/store cookie=yes
[24-Aug-2026 17:18:36 Asia/Riyadh] PHP Deprecated:  QRimage::png(): Optional parameter $filename declared before required parameter $fore_color is implicitly treated as a required parameter in D:\client1\vendor\phpqrcode\qrimage.php on line 30
[24-Aug-2026 17:18:36 Asia/Riyadh] PHP Deprecated:  QRimage::png(): Optional parameter $pixelPerPoint declared before required parameter $fore_color is implicitly treated as a required parameter in D:\client1\vendor\phpqrcode\qrimage.php on line 30
[24-Aug-2026 17:18:36 Asia/Riyadh] PHP Deprecated:  QRimage::png(): Optional parameter $outerFrame declared before required parameter $fore_color is implicitly treated as a required parameter in D:\client1\vendor\phpqrcode\qrimage.php on line 30
[24-Aug-2026 17:18:36 Asia/Riyadh] PHP Deprecated:  QRimage::png(): Optional parameter $saveandprint declared before required parameter $fore_color is implicitly treated as a required parameter in D:\client1\vendor\phpqrcode\qrimage.php on line 30
[24-Aug-2026 17:18:36 Asia/Riyadh] PHP Deprecated:  QRvect::svg(): Optional parameter $filename declared before required parameter $fore_color is implicitly treated as a required parameter in D:\client1\vendor\phpqrcode\qrvect.php on line 140
[24-Aug-2026 17:18:36 Asia/Riyadh] PHP Deprecated:  QRvect::svg(): Optional parameter $pixelPerPoint declared before required parameter $fore_color is implicitly treated as a required parameter in D:\client1\vendor\phpqrcode\qrvect.php on line 140
[24-Aug-2026 17:18:36 Asia/Riyadh] PHP Deprecated:  QRvect::svg(): Optional parameter $outerFrame declared before required parameter $fore_color is implicitly treated as a required parameter in D:\client1\vendor\phpqrcode\qrvect.php on line 140
[24-Aug-2026 17:18:36 Asia/Riyadh] PHP Deprecated:  QRvect::svg(): Optional parameter $saveandprint declared before required parameter $fore_color is implicitly treated as a required parameter in D:\client1\vendor\phpqrcode\qrvect.php on line 140
[24-Aug-2026 17:18:36 Asia/Riyadh] [QR LIB] Creation of dynamic property QRencode::$cmyk is deprecated
[24-Aug-2026 17:18:36 Asia/Riyadh] [QR LIB] Implicit conversion from float 0.25 to int loses precision
[24-Aug-2026 17:18:36 Asia/Riyadh] [QR LIB] Implicit conversion from float 0.5 to int loses precision
[24-Aug-2026 17:18:36 Asia/Riyadh] [QR LIB] Implicit conversion from float 0.75 to int loses precision
[24-Aug-2026 17:18:36 Asia/Riyadh] [QR LIB] Implicit conversion from float 1.25 to int loses precision
[24-Aug-2026 17:18:36 Asia/Riyadh] [QR LIB] Implicit conversion from float 1.5 to int loses precision
[24-Aug-2026 17:18:36 Asia/Riyadh] [QR LIB] Implicit conversion from float 1.75 to int loses precision
[24-Aug-2026 17:18:36 Asia/Riyadh] [QR LIB] Implicit conversion from float 2.25 to int loses precision
[24-Aug-2026 17:18:36 Asia/Riyadh] [QR LIB] Implicit conversion from float 2.5 to int loses precision
[24-Aug-2026 17:18:36 Asia/Riyadh] [QR LIB] Implicit conversion from float 2.75 to int loses precision
[24-Aug-2026 17:18:36 Asia/Riyadh] [QR LIB] Implicit conversion from float 3.25 to int loses precision
[24-Aug-2026 17:18:36 Asia/Riyadh] [QR LIB] Implicit conversion from float 3.5 to int loses precision
[24-Aug-2026 17:18:36 Asia/Riyadh] [QR LIB] Implicit conversion from float 3.75 to int loses precision
[24-Aug-2026 17:18:36 Asia/Riyadh] [QR LIB] Implicit conversion from float 4.25 to int loses precision
[24-Aug-2026 17:18:36 Asia/Riyadh] [QR LIB] Implicit conversion from float 4.5 to int loses precision
[24-Aug-2026 17:18:36 Asia/Riyadh] [QR LIB] Implicit conversion from float 4.75 to int loses precision
[24-Aug-2026 17:18:36 Asia/Riyadh] [QR LIB] Implicit conversion from float 5.25 to int loses precision
[24-Aug-2026 17:18:36 Asia/Riyadh] [QR LIB] Implicit conversion from float 5.5 to int loses precision
[24-Aug-2026 17:18:36 Asia/Riyadh] [QR LIB] Implicit conversion from float 5.75 to int loses precision
[24-Aug-2026 17:18:36 Asia/Riyadh] [QR LIB] Implicit conversion from float 6.25 to int loses precision
[24-Aug-2026 17:18:36 Asia/Riyadh] [QR LIB] Implicit conversion from float 6.5 to int loses precision
[24-Aug-2026 17:18:36 Asia/Riyadh] [QR LIB] Implicit conversion from float 6.75 to int loses precision
[24-Aug-2026 17:18:36 Asia/Riyadh] [QR LIB] Implicit conversion from float 7.25 to int loses precision
[24-Aug-2026 17:18:36 Asia/Riyadh] [QR LIB] Implicit conversion from float 7.5 to int loses precision
[24-Aug-2026 17:18:36 Asia/Riyadh] [QR LIB] Implicit conversion from float 7.75 to int loses precision
[24-Aug-2026 17:18:36 Asia/Riyadh] [QR LIB] Implicit conversion from float 8.25 to int loses precision
[24-Aug-2026 17:18:36 Asia/Riyadh] [QR LIB] Implicit conversion from float 8.5 to int loses precision
[24-Aug-2026 17:18:36 Asia/Riyadh] [QR LIB] Implicit conversion from float 8.75 to int loses precision
[24-Aug-2026 17:18:36 Asia/Riyadh] [QR LIB] Implicit conversion from float 9.25 to int loses precision
[24-Aug-2026 17:18:36 Asia/Riyadh] [QR LIB] Implicit conversion from float 9.5 to int loses precision
[24-Aug-2026 17:18:36 Asia/Riyadh] [QR LIB] Implicit conversion from float 9.75 to int loses precision
[24-Aug-2026 17:18:36 Asia/Riyadh] [QR LIB] Implicit conversion from float 10.25 to int loses precision
[24-Aug-2026 17:18:36 Asia/Riyadh] [QR LIB] Implicit conversion from float 10.5 to int loses precision
[24-Aug-2026 17:18:36 Asia/Riyadh] [QR LIB] Implicit conversion from float 10.75 to int loses precision
[24-Aug-2026 17:18:36 Asia/Riyadh] [QR LIB] Implicit conversion from float 11.25 to int loses precision
[24-Aug-2026 17:18:36 Asia/Riyadh] [QR LIB] Implicit conversion from float 11.5 to int loses precision
[24-Aug-2026 17:18:36 Asia/Riyadh] [QR LIB] Implicit conversion from float 11.75 to int loses precision
[24-Aug-2026 17:18:36 Asia/Riyadh] [QR LIB] Implicit conversion from float 12.25 to int loses precision
[24-Aug-2026 17:18:36 Asia/Riyadh] [QR LIB] Implicit conversion from float 12.5 to int loses precision
[24-Aug-2026 17:18:36 Asia/Riyadh] [QR LIB] Implicit conversion from float 12.75 to int loses precision
[24-Aug-2026 17:18:36 Asia/Riyadh] [QR LIB] Implicit conversion from float 13.25 to int loses precision
[24-Aug-2026 17:18:36 Asia/Riyadh] [QR LIB] Implicit conversion from float 13.5 to int loses precision
[24-Aug-2026 17:18:36 Asia/Riyadh] [QR LIB] Implicit conversion from float 13.75 to int loses precision
[24-Aug-2026 17:18:36 Asia/Riyadh] [QR LIB] Implicit conversion from float 14.25 to int loses precision
[24-Aug-2026 17:18:36 Asia/Riyadh] [QR LIB] Implicit conversion from float 14.5 to int loses precision
[24-Aug-2026 17:18:36 Asia/Riyadh] [QR LIB] Implicit conversion from float 14.75 to int loses precision
[24-Aug-2026 17:18:36 Asia/Riyadh] [QR LIB] Implicit conversion from float 0.25 to int loses precision
[24-Aug-2026 17:18:36 Asia/Riyadh] [QR LIB] Implicit conversion from float 0.5 to int loses precision
[24-Aug-2026 17:18:36 Asia/Riyadh] [QR LIB] Implicit conversion from float 0.75 to int loses precision
[24-Aug-2026 17:18:36 Asia/Riyadh] [QR LIB] Implicit conversion from float 1.25 to int loses precision
[24-Aug-2026 17:18:36 Asia/Riyadh] [QR LIB] Implicit conversion from float 1.5 to int loses precision
[24-Aug-2026 17:18:36 Asia/Riyadh] [QR LIB] Implicit conversion from float 1.75 to int loses precision
[24-Aug-2026 17:18:36 Asia/Riyadh] [QR LIB] Implicit conversion from float 2.25 to int loses precision
[24-Aug-2026 17:18:36 Asia/Riyadh] [QR LIB] Implicit conversion from float 2.5 to int loses precision
[24-Aug-2026 17:18:36 Asia/Riyadh] [QR LIB] Implicit conversion from float 2.75 to int loses precision
[24-Aug-2026 17:18:36 Asia/Riyadh] [QR LIB] Implicit conversion from float 3.25 to int loses precision
[24-Aug-2026 17:18:36 Asia/Riyadh] [QR LIB] Implicit conversion from float 3.5 to int loses precision
[24-Aug-2026 17:18:36 Asia/Riyadh] [QR LIB] Implicit conversion from float 3.75 to int loses precision
[24-Aug-2026 17:18:36 Asia/Riyadh] [QR LIB] Implicit conversion from float 4.25 to int loses precision
[24-Aug-2026 17:18:36 Asia/Riyadh] [QR LIB] Implicit conversion from float 4.5 to int loses precision
[24-Aug-2026 17:18:36 Asia/Riyadh] [QR LIB] Implicit conversion from float 4.75 to int loses precision
[24-Aug-2026 17:18:36 Asia/Riyadh] [QR LIB] Implicit conversion from float 5.25 to int loses precision
[24-Aug-2026 17:18:36 Asia/Riyadh] [QR LIB] Implicit conversion from float 5.5 to int loses precision
[24-Aug-2026 17:18:36 Asia/Riyadh] [QR LIB] Implicit conversion from float 5.75 to int loses precision
[24-Aug-2026 17:18:36 Asia/Riyadh] [QR LIB] Implicit conversion from float 6.25 to int loses precision
[24-Aug-2026 17:18:36 Asia/Riyadh] [QR LIB] Implicit conversion from float 6.5 to int loses precision
[24-Aug-2026 17:18:36 Asia/Riyadh] [QR LIB] Implicit conversion from float 6.75 to int loses precision
[24-Aug-2026 17:18:36 Asia/Riyadh] [QR LIB] Implicit conversion from float 7.25 to int loses precision
[24-Aug-2026 17:18:36 Asia/Riyadh] [QR LIB] Implicit conversion from float 7.5 to int loses precision
[24-Aug-2026 17:18:36 Asia/Riyadh] [QR LIB] Implicit conversion from float 7.75 to int loses precision
[24-Aug-2026 17:18:36 Asia/Riyadh] [QR LIB] Implicit conversion from float 8.25 to int loses precision
[24-Aug-2026 17:18:36 Asia/Riyadh] [QR LIB] Implicit conversion from float 8.5 to int loses precision
[24-Aug-2026 17:18:36 Asia/Riyadh] [QR LIB] Implicit conversion from float 8.75 to int loses precision
[24-Aug-2026 17:18:36 Asia/Riyadh] [QR LIB] Implicit conversion from float 9.25 to int loses precision
[24-Aug-2026 17:18:36 Asia/Riyadh] [QR LIB] Implicit conversion from float 9.5 to int loses precision
[24-Aug-2026 17:18:36 Asia/Riyadh] [QR LIB] Implicit conversion from float 9.75 to int loses precision
[24-Aug-2026 17:18:36 Asia/Riyadh] [QR LIB] Implicit conversion from float 10.25 to int loses precision
[24-Aug-2026 17:18:36 Asia/Riyadh] [QR LIB] Implicit conversion from float 10.5 to int loses precision
[24-Aug-2026 17:18:36 Asia/Riyadh] [QR LIB] Implicit conversion from float 10.75 to int loses precision
[24-Aug-2026 17:18:36 Asia/Riyadh] [QR LIB] Implicit conversion from float 11.25 to int loses precision
[24-Aug-2026 17:18:36 Asia/Riyadh] [QR LIB] Implicit conversion from float 11.5 to int loses precision
[24-Aug-2026 17:18:36 Asia/Riyadh] [QR LIB] Implicit conversion from float 11.75 to int loses precision
[24-Aug-2026 17:18:36 Asia/Riyadh] [QR LIB] Implicit conversion from float 12.25 to int loses precision
[24-Aug-2026 17:18:36 Asia/Riyadh] [QR LIB] Implicit conversion from float 12.5 to int loses precision
[24-Aug-2026 17:18:36 Asia/Riyadh] [QR LIB] Implicit conversion from float 12.75 to int loses precision
[24-Aug-2026 17:18:36 Asia/Riyadh] [QR LIB] Implicit conversion from float 13.25 to int loses precision
[24-Aug-2026 17:18:36 Asia/Riyadh] [QR LIB] Implicit conversion from float 13.5 to int loses precision
[24-Aug-2026 17:18:36 Asia/Riyadh] [QR LIB] Implicit conversion from float 13.75 to int loses precision
[24-Aug-2026 17:18:36 Asia/Riyadh] [QR LIB] Implicit conversion from float 14.25 to int loses precision
[24-Aug-2026 17:18:36 Asia/Riyadh] [QR LIB] Implicit conversion from float 14.5 to int loses precision
[24-Aug-2026 17:18:36 Asia/Riyadh] [QR LIB] Implicit conversion from float 14.75 to int loses precision
[24-Aug-2026 17:18:36 Asia/Riyadh] [QR LIB] Implicit conversion from float 15.25 to int loses precision
[24-Aug-2026 17:18:36 Asia/Riyadh] [QR LIB] Implicit conversion from float 15.5 to int loses precision
[24-Aug-2026 17:18:36 Asia/Riyadh] [QR LIB] Implicit conversion from float 15.75 to int loses precision
[24-Aug-2026 17:18:36 Asia/Riyadh] [QR LIB] Implicit conversion from float 16.25 to int loses precision
[24-Aug-2026 17:18:36 Asia/Riyadh] [QR LIB] Implicit conversion from float 16.5 to int loses precision
[24-Aug-2026 17:18:36 Asia/Riyadh] [QR LIB] Implicit conversion from float 16.75 to int loses precision
[24-Aug-2026 17:18:36 Asia/Riyadh] [QR LIB] Implicit conversion from float 17.25 to int loses precision
[24-Aug-2026 17:18:36 Asia/Riyadh] [QR LIB] Implicit conversion from float 17.5 to int loses precision
[24-Aug-2026 17:18:36 Asia/Riyadh] [QR LIB] Implicit conversion from float 17.75 to int loses precision
[24-Aug-2026 17:18:36 Asia/Riyadh] [QR LIB] Implicit conversion from float 18.25 to int loses precision
[24-Aug-2026 17:18:36 Asia/Riyadh] [QR LIB] Implicit conversion from float 18.5 to int loses precision
[24-Aug-2026 17:18:36 Asia/Riyadh] [QR LIB] Implicit conversion from float 18.75 to int loses precision
[24-Aug-2026 17:18:36 Asia/Riyadh] [QR LIB] Implicit conversion from float 19.25 to int loses precision
[24-Aug-2026 17:18:36 Asia/Riyadh] [QR LIB] Implicit conversion from float 19.5 to int loses precision
[24-Aug-2026 17:18:36 Asia/Riyadh] [QR LIB] Implicit conversion from float 19.75 to int loses precision
[24-Aug-2026 17:18:36 Asia/Riyadh] [QR LIB] Implicit conversion from float 20.25 to int loses precision
[24-Aug-2026 17:18:36 Asia/Riyadh] [QR LIB] Implicit conversion from float 20.5 to int loses precision
[24-Aug-2026 17:18:36 Asia/Riyadh] [QR LIB] Implicit conversion from float 20.75 to int loses precision
[24-Aug-2026 17:18:36 Asia/Riyadh] [QR LIB] Implicit conversion from float 21.25 to int loses precision
[24-Aug-2026 17:18:36 Asia/Riyadh] [QR LIB] Implicit conversion from float 21.5 to int loses precision
[24-Aug-2026 17:18:36 Asia/Riyadh] [QR LIB] Implicit conversion from float 21.75 to int loses precision
[24-Aug-2026 17:18:36 Asia/Riyadh] [QR LIB] Implicit conversion from float 22.25 to int loses precision
[24-Aug-2026 17:18:36 Asia/Riyadh] [QR LIB] Implicit conversion from float 22.5 to int loses precision
[24-Aug-2026 17:18:36 Asia/Riyadh] [QR LIB] Implicit conversion from float 22.75 to int loses precision
[24-Aug-2026 17:18:36 Asia/Riyadh] [QR LIB] Implicit conversion from float 23.25 to int loses precision
[24-Aug-2026 17:18:36 Asia/Riyadh] [QR LIB] Implicit conversion from float 23.5 to int loses precision
[24-Aug-2026 17:18:36 Asia/Riyadh] [QR LIB] Implicit conversion from float 23.75 to int loses precision
[24-Aug-2026 17:18:36 Asia/Riyadh] [QR LIB] Implicit conversion from float 24.25 to int loses precision
[24-Aug-2026 17:18:36 Asia/Riyadh] [QR LIB] Implicit conversion from float 24.5 to int loses precision
[24-Aug-2026 17:18:36 Asia/Riyadh] [QR LIB] Implicit conversion from float 24.75 to int loses precision
[24-Aug-2026 17:18:36 Asia/Riyadh] [QR LIB] Implicit conversion from float 25.25 to int loses precision
[24-Aug-2026 17:18:36 Asia/Riyadh] [QR LIB] Implicit conversion from float 25.5 to int loses precision
[24-Aug-2026 17:18:36 Asia/Riyadh] [QR LIB] Implicit conversion from float 25.75 to int loses precision
[24-Aug-2026 17:18:36 Asia/Riyadh] [QR LIB] Implicit conversion from float 26.25 to int loses precision
[24-Aug-2026 17:18:36 Asia/Riyadh] [QR LIB] Implicit conversion from float 26.5 to int loses precision
[24-Aug-2026 17:18:36 Asia/Riyadh] [QR LIB] Implicit conversion from float 26.75 to int loses precision
[24-Aug-2026 17:18:36 Asia/Riyadh] [QR LIB] Implicit conversion from float 27.25 to int loses precision
[24-Aug-2026 17:18:36 Asia/Riyadh] [QR LIB] Implicit conversion from float 27.5 to int loses precision
[24-Aug-2026 17:18:36 Asia/Riyadh] [QR LIB] Implicit conversion from float 27.75 to int loses precision
[24-Aug-2026 17:18:36 Asia/Riyadh] [REQ] sid=1f7a912cd8cd321d289795a802e3ecd9 user=yes GET /admin/documents cookie=yes
[24-Aug-2026 17:18:52 Asia/Riyadh] [REQ] sid=1f7a912cd8cd321d289795a802e3ecd9 user=yes POST /admin/documents/1/activate cookie=yes
[24-Aug-2026 17:18:52 Asia/Riyadh] [REQ] sid=1f7a912cd8cd321d289795a802e3ecd9 user=yes GET /admin/documents cookie=yes
[24-Aug-2026 17:19:01 Asia/Riyadh] [REQ] sid=1f7a912cd8cd321d289795a802e3ecd9 user=yes GET /admin/documents/1/qr cookie=yes
[24-Aug-2026 17:19:01 Asia/Riyadh] [REQ] sid=1f7a912cd8cd321d289795a802e3ecd9 user=yes GET /admin/documents/1/qr/image cookie=yes
[24-Aug-2026 17:19:13 Asia/Riyadh] [REQ] sid=1f7a912cd8cd321d289795a802e3ecd9 user=yes GET /verify/dd4b7c7dd533f201c875e2e212e9d81e cookie=yes
[24-Aug-2026 17:19:13 Asia/Riyadh] [REQ] sid=1f7a912cd8cd321d289795a802e3ecd9 user=yes GET /verify/dd4b7c7dd533f201c875e2e212e9d81e/file cookie=yes
[24-Aug-2026 17:19:37 Asia/Riyadh] [REQ] sid=1f7a912cd8cd321d289795a802e3ecd9 user=yes GET /verify/dd4b7c7dd533f201c875e2e212e9d81e/file cookie=yes
[24-Aug-2026 17:19:37 Asia/Riyadh] [REQ] sid=1f7a912cd8cd321d289795a802e3ecd9 user=yes GET /favicon.ico cookie=yes
[24-Aug-2026 17:19:44 Asia/Riyadh] [REQ] sid=1f7a912cd8cd321d289795a802e3ecd9 user=yes GET /verify/dd4b7c7dd533f201c875e2e212e9d81e/download cookie=yes
[24-Aug-2026 17:19:52 Asia/Riyadh] [REQ] sid=1f7a912cd8cd321d289795a802e3ecd9 user=yes GET /admin/documents/1/qr/download cookie=yes
[24-Aug-2026 17:20:03 Asia/Riyadh] [REQ] sid=1f7a912cd8cd321d289795a802e3ecd9 user=yes GET /admin cookie=yes
[24-Aug-2026 17:20:40 Asia/Riyadh] [REQ] sid=1f7a912cd8cd321d289795a802e3ecd9 user=yes GET /admin/clients cookie=yes
[24-Aug-2026 17:20:52 Asia/Riyadh] [REQ] sid=1f7a912cd8cd321d289795a802e3ecd9 user=yes GET /admin/documents cookie=yes
[24-Aug-2026 17:21:04 Asia/Riyadh] [REQ] sid=1f7a912cd8cd321d289795a802e3ecd9 user=yes GET /admin/documents/1/qr cookie=yes
[24-Aug-2026 17:21:04 Asia/Riyadh] [REQ] sid=1f7a912cd8cd321d289795a802e3ecd9 user=yes GET /admin/documents/1/qr/image cookie=yes
[24-Aug-2026 17:21:17 Asia/Riyadh] [REQ] sid=1f7a912cd8cd321d289795a802e3ecd9 user=yes GET /verify/dd4b7c7dd533f201c875e2e212e9d81e cookie=yes
[24-Aug-2026 17:21:17 Asia/Riyadh] [REQ] sid=1f7a912cd8cd321d289795a802e3ecd9 user=yes GET /verify/dd4b7c7dd533f201c875e2e212e9d81e/file cookie=yes
[24-Aug-2026 17:21:26 Asia/Riyadh] [REQ] sid=1f7a912cd8cd321d289795a802e3ecd9 user=yes GET /verify/dd4b7c7dd533f201c875e2e212e9d81e/file cookie=yes
[24-Aug-2026 17:21:34 Asia/Riyadh] [REQ] sid=1f7a912cd8cd321d289795a802e3ecd9 user=yes GET /verify/dd4b7c7dd533f201c875e2e212e9d81e/download cookie=yes
[24-Aug-2026 17:24:09 Asia/Riyadh] [REQ] sid=1f7a912cd8cd321d289795a802e3ecd9 user=yes GET /admin cookie=yes
[24-Aug-2026 17:24:17 Asia/Riyadh] [REQ] sid=1f7a912cd8cd321d289795a802e3ecd9 user=yes GET /admin/settings cookie=yes
[24-Aug-2026 17:24:30 Asia/Riyadh] [REQ] sid=1f7a912cd8cd321d289795a802e3ecd9 user=yes POST /admin/settings cookie=yes
[24-Aug-2026 17:24:30 Asia/Riyadh] [REQ] sid=1f7a912cd8cd321d289795a802e3ecd9 user=yes GET /admin/settings cookie=yes
[24-Aug-2026 17:24:42 Asia/Riyadh] [REQ] sid=1f7a912cd8cd321d289795a802e3ecd9 user=yes POST /admin/settings cookie=yes
[24-Aug-2026 17:24:42 Asia/Riyadh] [REQ] sid=1f7a912cd8cd321d289795a802e3ecd9 user=yes GET /admin/settings cookie=yes
[24-Aug-2026 17:24:54 Asia/Riyadh] [REQ] sid=1f7a912cd8cd321d289795a802e3ecd9 user=yes POST /admin/settings cookie=yes
[24-Aug-2026 17:24:54 Asia/Riyadh] [REQ] sid=1f7a912cd8cd321d289795a802e3ecd9 user=yes GET /admin/settings cookie=yes
[24-Aug-2026 17:38:04 Asia/Riyadh] [REQ] sid=1f7a912cd8cd321d289795a802e3ecd9 user=yes GET /admin cookie=yes
[24-Aug-2026 17:38:14 Asia/Riyadh] [REQ] sid=1f7a912cd8cd321d289795a802e3ecd9 user=yes GET /admin/verifications cookie=yes
[24-Aug-2026 17:38:17 Asia/Riyadh] [REQ] sid=1f7a912cd8cd321d289795a802e3ecd9 user=yes GET /admin cookie=yes
[24-Aug-2026 17:39:02 Asia/Riyadh] [REQ] sid=1f7a912cd8cd321d289795a802e3ecd9 user=yes GET /admin/verifications cookie=yes
[24-Aug-2026 17:39:29 Asia/Riyadh] [REQ] sid=1f7a912cd8cd321d289795a802e3ecd9 user=yes GET /admin cookie=yes
[24-Aug-2026 17:46:26 Asia/Riyadh] [REQ] sid=0f869bb83df2d31d7b8fe458e14554df user=no GET /login cookie=no
[24-Aug-2026 17:46:26 Asia/Riyadh] [REQ] sid=0f869bb83df2d31d7b8fe458e14554df user=no GET /login cookie=yes
[24-Aug-2026 17:46:26 Asia/Riyadh] [REQ] sid=0f869bb83df2d31d7b8fe458e14554df user=no POST /login cookie=yes
[24-Aug-2026 17:46:26 Asia/Riyadh] [REQ] sid=0f869bb83df2d31d7b8fe458e14554df user=no GET /login cookie=yes
[24-Aug-2026 17:46:26 Asia/Riyadh] [REQ] sid=0f869bb83df2d31d7b8fe458e14554df user=no GET /admin cookie=yes
[24-Aug-2026 17:46:26 Asia/Riyadh] [REQ] sid=0f869bb83df2d31d7b8fe458e14554df user=no GET /login cookie=yes
[24-Aug-2026 17:47:08 Asia/Riyadh] [REQ] sid=5fd50532a4084724c3a96d0774427f3a user=no GET /login cookie=no
[24-Aug-2026 17:47:14 Asia/Riyadh] [REQ] sid=8a4acb7710e08d3ea76c34e76972a650 user=no GET /login cookie=no
[24-Aug-2026 17:47:14 Asia/Riyadh] [REQ] sid=8a4acb7710e08d3ea76c34e76972a650 user=no GET /login cookie=yes
[24-Aug-2026 17:47:14 Asia/Riyadh] [REQ] sid=8a4acb7710e08d3ea76c34e76972a650 user=no POST /login cookie=yes
[24-Aug-2026 17:47:15 Asia/Riyadh] [REQ] sid=8a4acb7710e08d3ea76c34e76972a650 user=no GET /login cookie=yes
[24-Aug-2026 17:47:15 Asia/Riyadh] [REQ] sid=8a4acb7710e08d3ea76c34e76972a650 user=no GET /admin cookie=yes
[24-Aug-2026 17:47:15 Asia/Riyadh] [REQ] sid=8a4acb7710e08d3ea76c34e76972a650 user=no GET /login cookie=yes
[24-Aug-2026 17:47:35 Asia/Riyadh] [REQ] sid=5bd439c8fe5353d5d3947d24c1263efa user=no GET /login cookie=no
[24-Aug-2026 17:47:35 Asia/Riyadh] [REQ] sid=5bd439c8fe5353d5d3947d24c1263efa user=no POST /login cookie=yes
[24-Aug-2026 17:47:36 Asia/Riyadh] [REQ] sid=5bd439c8fe5353d5d3947d24c1263efa user=no GET /admin cookie=yes
[24-Aug-2026 17:50:14 Asia/Riyadh] [REQ] sid=f9a2184c4dd9f4210107c6b04acb11f7 user=no GET /login cookie=no
[24-Aug-2026 17:50:14 Asia/Riyadh] [REQ] sid=f9a2184c4dd9f4210107c6b04acb11f7 user=no POST /login cookie=yes
[24-Aug-2026 17:50:15 Asia/Riyadh] [REQ] sid=d5b32917d9d41183f79928711939a130 user=yes GET /admin cookie=yes
[24-Aug-2026 17:50:15 Asia/Riyadh] [REQ] sid=d5b32917d9d41183f79928711939a130 user=yes GET /admin/change-password cookie=yes
[24-Aug-2026 17:51:40 Asia/Riyadh] [REQ] sid=1f7a912cd8cd321d289795a802e3ecd9 user=yes GET /admin cookie=yes
[24-Aug-2026 17:52:09 Asia/Riyadh] [REQ] sid=1f7a912cd8cd321d289795a802e3ecd9 user=yes GET /admin/clients cookie=yes
[24-Aug-2026 17:52:12 Asia/Riyadh] [REQ] sid=1f7a912cd8cd321d289795a802e3ecd9 user=yes GET /admin/documents cookie=yes
[24-Aug-2026 17:52:13 Asia/Riyadh] [REQ] sid=1f7a912cd8cd321d289795a802e3ecd9 user=yes GET /admin/clients cookie=yes
[24-Aug-2026 17:52:26 Asia/Riyadh] [REQ] sid=1f7a912cd8cd321d289795a802e3ecd9 user=yes GET /admin/documents cookie=yes
[24-Aug-2026 17:52:34 Asia/Riyadh] [REQ] sid=1f7a912cd8cd321d289795a802e3ecd9 user=yes GET /admin/verifications cookie=yes
[24-Aug-2026 18:01:09 Asia/Riyadh] [REQ] sid=1f7a912cd8cd321d289795a802e3ecd9 user=yes GET /admin/documents cookie=yes
[24-Aug-2026 18:01:11 Asia/Riyadh] [REQ] sid=1f7a912cd8cd321d289795a802e3ecd9 user=yes GET /admin/settings cookie=yes
[24-Aug-2026 18:01:24 Asia/Riyadh] [REQ] sid=1f7a912cd8cd321d289795a802e3ecd9 user=yes GET /admin cookie=yes
[24-Aug-2026 18:01:29 Asia/Riyadh] [REQ] sid=1f7a912cd8cd321d289795a802e3ecd9 user=yes GET /admin/settings cookie=yes
[24-Aug-2026 18:06:27 Asia/Riyadh] [REQ] sid=86b8888280efe45fe5767139208410fa user=no GET /login cookie=no
[24-Aug-2026 18:06:27 Asia/Riyadh] [REQ] sid=86b8888280efe45fe5767139208410fa user=no POST /login cookie=yes
[24-Aug-2026 18:06:28 Asia/Riyadh] [REQ] sid=a437ce9c0e71b8a339ef55bc31025ebd user=yes GET /admin cookie=yes
[24-Aug-2026 18:06:47 Asia/Riyadh] [REQ] sid=1a7d9fd1896199a52c6d7e4143d0a69e user=no GET /_debug_logo.php cookie=no
[24-Aug-2026 18:08:07 Asia/Riyadh] [REQ] sid=e28361b3ed1f76af9de1ebefb5e8245f user=no GET /login cookie=no
[24-Aug-2026 18:08:07 Asia/Riyadh] [REQ] sid=e28361b3ed1f76af9de1ebefb5e8245f user=no POST /login cookie=yes
[24-Aug-2026 18:08:08 Asia/Riyadh] [REQ] sid=4c9a67d941a2e2a5e28ff6fb4654c7e6 user=yes GET /admin cookie=yes
[24-Aug-2026 18:08:08 Asia/Riyadh] [REQ] sid=4c9a67d941a2e2a5e28ff6fb4654c7e6 user=yes GET /admin/settings cookie=yes
[24-Aug-2026 18:08:26 Asia/Riyadh] [REQ] sid=1f7a912cd8cd321d289795a802e3ecd9 user=yes POST /admin/settings cookie=yes
[24-Aug-2026 18:08:26 Asia/Riyadh] [REQ] sid=1f7a912cd8cd321d289795a802e3ecd9 user=yes GET /test/admin/settings cookie=yes
[24-Aug-2026 18:08:28 Asia/Riyadh] [REQ] sid=1f7a912cd8cd321d289795a802e3ecd9 user=yes GET / cookie=yes
[24-Aug-2026 18:08:29 Asia/Riyadh] [REQ] sid=1f7a912cd8cd321d289795a802e3ecd9 user=yes GET /test/admin cookie=yes
[24-Aug-2026 18:08:31 Asia/Riyadh] [REQ] sid=1f7a912cd8cd321d289795a802e3ecd9 user=yes GET / cookie=yes
[24-Aug-2026 18:08:31 Asia/Riyadh] [REQ] sid=1f7a912cd8cd321d289795a802e3ecd9 user=yes GET /test/admin cookie=yes
[24-Aug-2026 18:08:32 Asia/Riyadh] [REQ] sid=1f7a912cd8cd321d289795a802e3ecd9 user=yes GET / cookie=yes
[24-Aug-2026 18:08:32 Asia/Riyadh] [REQ] sid=1f7a912cd8cd321d289795a802e3ecd9 user=yes GET /test/admin cookie=yes
[24-Aug-2026 18:08:33 Asia/Riyadh] [REQ] sid=1f7a912cd8cd321d289795a802e3ecd9 user=yes GET /test/admin cookie=yes
[24-Aug-2026 18:08:34 Asia/Riyadh] [REQ] sid=1f7a912cd8cd321d289795a802e3ecd9 user=yes GET /test/admin cookie=yes
[24-Aug-2026 18:08:35 Asia/Riyadh] [REQ] sid=1f7a912cd8cd321d289795a802e3ecd9 user=yes GET /test/admin/settings cookie=yes
[24-Aug-2026 18:08:40 Asia/Riyadh] [REQ] sid=8f6622ce953f875119d13a22e7101c29 user=no GET /login cookie=no
[24-Aug-2026 18:08:40 Asia/Riyadh] [REQ] sid=8f6622ce953f875119d13a22e7101c29 user=no POST /login cookie=yes
[24-Aug-2026 18:08:41 Asia/Riyadh] [REQ] sid=d69f6394ad7db6f8416fc22878c34696 user=yes GET /admin/settings cookie=yes
[24-Aug-2026 18:08:41 Asia/Riyadh] [REQ] sid=d69f6394ad7db6f8416fc22878c34696 user=yes GET /admin cookie=yes
[24-Aug-2026 18:09:00 Asia/Riyadh] [REQ] sid=1f7a912cd8cd321d289795a802e3ecd9 user=yes POST /admin/settings cookie=yes
[24-Aug-2026 18:09:00 Asia/Riyadh] [REQ] sid=1f7a912cd8cd321d289795a802e3ecd9 user=yes GET /admin/settings cookie=yes
[24-Aug-2026 18:10:48 Asia/Riyadh] [REQ] sid=d3e9d7ddeb7f87a7720c91754b8be43e user=no GET /login cookie=no
[24-Aug-2026 18:10:49 Asia/Riyadh] [REQ] sid=662d9235d799cdc8703631ab474be473 user=no GET /login cookie=no
[24-Aug-2026 18:11:13 Asia/Riyadh] [REQ] sid=05f81b026cb334402d8834eea056e21d user=no GET /login cookie=no
[24-Aug-2026 18:11:20 Asia/Riyadh] [REQ] sid=e04e59b360073b4b48b112fd94906666 user=no GET /login cookie=no
[24-Aug-2026 18:11:57 Asia/Riyadh] [REQ] sid=b39114d19f75466fc37e0ee0dc7926d7 user=no GET /login cookie=no
[24-Aug-2026 18:11:58 Asia/Riyadh] [REQ] sid=b39114d19f75466fc37e0ee0dc7926d7 user=no POST /login cookie=yes
[24-Aug-2026 18:11:58 Asia/Riyadh] [REQ] sid=4eacb1e98dd28a939341be3a492dbcd7 user=yes GET /admin/change-password cookie=yes
[24-Aug-2026 18:12:14 Asia/Riyadh] [REQ] sid=c10b93214ac7bf893e2dc6321f6e0f7a user=no GET /login cookie=no
[24-Aug-2026 18:12:14 Asia/Riyadh] [REQ] sid=c10b93214ac7bf893e2dc6321f6e0f7a user=no POST /login cookie=yes
[24-Aug-2026 18:12:15 Asia/Riyadh] [REQ] sid=60bf7be6470e4266a7264807cdd04dbf user=yes GET /admin cookie=yes
[24-Aug-2026 18:13:36 Asia/Riyadh] [REQ] sid=1f7a912cd8cd321d289795a802e3ecd9 user=yes POST /admin/settings cookie=yes
[24-Aug-2026 18:13:36 Asia/Riyadh] [REQ] sid=1f7a912cd8cd321d289795a802e3ecd9 user=yes GET /admin/settings cookie=yes
[24-Aug-2026 18:30:01 Asia/Riyadh] [REQ] sid=bed3047e825c0c8f797c5cc03b46cba8 user=no GET /verify/dd4b7c7dd533f201c875e2e212e9d81e cookie=no
[24-Aug-2026 18:36:14 Asia/Riyadh] [REQ] sid=c2e906835549ed1494b572b52e3ff956 user=no GET /login cookie=no
[24-Aug-2026 18:36:15 Asia/Riyadh] [REQ] sid=c2e906835549ed1494b572b52e3ff956 user=no POST /login cookie=yes
[24-Aug-2026 18:36:15 Asia/Riyadh] [REQ] sid=ff156d16418a578fbffa979b24d1e59e user=yes GET /admin/settings cookie=yes
[24-Aug-2026 18:36:30 Asia/Riyadh] [REQ] sid=ff156d16418a578fbffa979b24d1e59e user=yes GET /admin/settings cookie=yes
[24-Aug-2026 18:36:30 Asia/Riyadh] [REQ] sid=ff156d16418a578fbffa979b24d1e59e user=yes POST /admin/settings cookie=yes
[24-Aug-2026 18:42:01 Asia/Riyadh] [REQ] sid=1f7a912cd8cd321d289795a802e3ecd9 user=yes GET /admin/settings cookie=yes
[24-Aug-2026 18:42:04 Asia/Riyadh] [REQ] sid=1f7a912cd8cd321d289795a802e3ecd9 user=yes GET /admin cookie=yes
[24-Aug-2026 18:52:55 Asia/Riyadh] [REQ] sid=1f7a912cd8cd321d289795a802e3ecd9 user=yes GET /admin/clients cookie=yes
[24-Aug-2026 18:52:59 Asia/Riyadh] [REQ] sid=1f7a912cd8cd321d289795a802e3ecd9 user=yes GET /admin/clients/create cookie=yes
[24-Aug-2026 18:53:21 Asia/Riyadh] [REQ] sid=1f7a912cd8cd321d289795a802e3ecd9 user=yes POST /admin/clients/store cookie=yes
[24-Aug-2026 18:53:21 Asia/Riyadh] [REQ] sid=1f7a912cd8cd321d289795a802e3ecd9 user=yes GET /admin/clients cookie=yes
[24-Aug-2026 18:53:34 Asia/Riyadh] [REQ] sid=1f7a912cd8cd321d289795a802e3ecd9 user=yes GET /admin/clients/2/documents cookie=yes
[24-Aug-2026 18:53:40 Asia/Riyadh] [REQ] sid=1f7a912cd8cd321d289795a802e3ecd9 user=yes GET /admin/documents/upload?client_id=2 cookie=yes
[24-Aug-2026 18:53:59 Asia/Riyadh] [REQ] sid=1f7a912cd8cd321d289795a802e3ecd9 user=yes POST /admin/documents/store cookie=yes
[24-Aug-2026 18:53:59 Asia/Riyadh] PHP Deprecated:  QRimage::png(): Optional parameter $filename declared before required parameter $fore_color is implicitly treated as a required parameter in D:\client1\vendor\phpqrcode\qrimage.php on line 30
[24-Aug-2026 18:53:59 Asia/Riyadh] PHP Deprecated:  QRimage::png(): Optional parameter $pixelPerPoint declared before required parameter $fore_color is implicitly treated as a required parameter in D:\client1\vendor\phpqrcode\qrimage.php on line 30
[24-Aug-2026 18:53:59 Asia/Riyadh] PHP Deprecated:  QRimage::png(): Optional parameter $outerFrame declared before required parameter $fore_color is implicitly treated as a required parameter in D:\client1\vendor\phpqrcode\qrimage.php on line 30
[24-Aug-2026 18:53:59 Asia/Riyadh] PHP Deprecated:  QRimage::png(): Optional parameter $saveandprint declared before required parameter $fore_color is implicitly treated as a required parameter in D:\client1\vendor\phpqrcode\qrimage.php on line 30
[24-Aug-2026 18:53:59 Asia/Riyadh] PHP Deprecated:  QRvect::svg(): Optional parameter $filename declared before required parameter $fore_color is implicitly treated as a required parameter in D:\client1\vendor\phpqrcode\qrvect.php on line 140
[24-Aug-2026 18:53:59 Asia/Riyadh] PHP Deprecated:  QRvect::svg(): Optional parameter $pixelPerPoint declared before required parameter $fore_color is implicitly treated as a required parameter in D:\client1\vendor\phpqrcode\qrvect.php on line 140
[24-Aug-2026 18:53:59 Asia/Riyadh] PHP Deprecated:  QRvect::svg(): Optional parameter $outerFrame declared before required parameter $fore_color is implicitly treated as a required parameter in D:\client1\vendor\phpqrcode\qrvect.php on line 140
[24-Aug-2026 18:53:59 Asia/Riyadh] PHP Deprecated:  QRvect::svg(): Optional parameter $saveandprint declared before required parameter $fore_color is implicitly treated as a required parameter in D:\client1\vendor\phpqrcode\qrvect.php on line 140
[24-Aug-2026 18:53:59 Asia/Riyadh] [QR LIB] Creation of dynamic property QRencode::$cmyk is deprecated
[24-Aug-2026 18:53:59 Asia/Riyadh] [QR LIB] Implicit conversion from float 0.2 to int loses precision
[24-Aug-2026 18:53:59 Asia/Riyadh] [QR LIB] Implicit conversion from float 0.4 to int loses precision
[24-Aug-2026 18:53:59 Asia/Riyadh] [QR LIB] Implicit conversion from float 0.6 to int loses precision
[24-Aug-2026 18:53:59 Asia/Riyadh] [QR LIB] Implicit conversion from float 0.8 to int loses precision
[24-Aug-2026 18:53:59 Asia/Riyadh] [QR LIB] Implicit conversion from float 1.2 to int loses precision
[24-Aug-2026 18:53:59 Asia/Riyadh] [QR LIB] Implicit conversion from float 1.4 to int loses precision
[24-Aug-2026 18:53:59 Asia/Riyadh] [QR LIB] Implicit conversion from float 1.6 to int loses precision
[24-Aug-2026 18:53:59 Asia/Riyadh] [QR LIB] Implicit conversion from float 1.8 to int loses precision
[24-Aug-2026 18:53:59 Asia/Riyadh] [QR LIB] Implicit conversion from float 2.2 to int loses precision
[24-Aug-2026 18:53:59 Asia/Riyadh] [QR LIB] Implicit conversion from float 2.4 to int loses precision
[24-Aug-2026 18:53:59 Asia/Riyadh] [QR LIB] Implicit conversion from float 2.6 to int loses precision
[24-Aug-2026 18:53:59 Asia/Riyadh] [QR LIB] Implicit conversion from float 2.8 to int loses precision
[24-Aug-2026 18:53:59 Asia/Riyadh] [QR LIB] Implicit conversion from float 3.2 to int loses precision
[24-Aug-2026 18:53:59 Asia/Riyadh] [QR LIB] Implicit conversion from float 3.4 to int loses precision
[24-Aug-2026 18:53:59 Asia/Riyadh] [QR LIB] Implicit conversion from float 3.6 to int loses precision
[24-Aug-2026 18:53:59 Asia/Riyadh] [QR LIB] Implicit conversion from float 3.8 to int loses precision
[24-Aug-2026 18:53:59 Asia/Riyadh] [QR LIB] Implicit conversion from float 4.2 to int loses precision
[24-Aug-2026 18:53:59 Asia/Riyadh] [QR LIB] Implicit conversion from float 4.4 to int loses precision
[24-Aug-2026 18:53:59 Asia/Riyadh] [QR LIB] Implicit conversion from float 4.6 to int loses precision
[24-Aug-2026 18:53:59 Asia/Riyadh] [QR LIB] Implicit conversion from float 4.8 to int loses precision
[24-Aug-2026 18:53:59 Asia/Riyadh] [QR LIB] Implicit conversion from float 5.2 to int loses precision
[24-Aug-2026 18:53:59 Asia/Riyadh] [QR LIB] Implicit conversion from float 5.4 to int loses precision
[24-Aug-2026 18:53:59 Asia/Riyadh] [QR LIB] Implicit conversion from float 5.6 to int loses precision
[24-Aug-2026 18:53:59 Asia/Riyadh] [QR LIB] Implicit conversion from float 5.8 to int loses precision
[24-Aug-2026 18:53:59 Asia/Riyadh] [QR LIB] Implicit conversion from float 6.2 to int loses precision
[24-Aug-2026 18:53:59 Asia/Riyadh] [QR LIB] Implicit conversion from float 6.4 to int loses precision
[24-Aug-2026 18:53:59 Asia/Riyadh] [QR LIB] Implicit conversion from float 6.6 to int loses precision
[24-Aug-2026 18:53:59 Asia/Riyadh] [QR LIB] Implicit conversion from float 6.8 to int loses precision
[24-Aug-2026 18:53:59 Asia/Riyadh] [QR LIB] Implicit conversion from float 7.2 to int loses precision
[24-Aug-2026 18:53:59 Asia/Riyadh] [QR LIB] Implicit conversion from float 7.4 to int loses precision
[24-Aug-2026 18:53:59 Asia/Riyadh] [QR LIB] Implicit conversion from float 7.6 to int loses precision
[24-Aug-2026 18:53:59 Asia/Riyadh] [QR LIB] Implicit conversion from float 7.8 to int loses precision
[24-Aug-2026 18:53:59 Asia/Riyadh] [QR LIB] Implicit conversion from float 8.2 to int loses precision
[24-Aug-2026 18:53:59 Asia/Riyadh] [QR LIB] Implicit conversion from float 8.4 to int loses precision
[24-Aug-2026 18:53:59 Asia/Riyadh] [QR LIB] Implicit conversion from float 8.6 to int loses precision
[24-Aug-2026 18:53:59 Asia/Riyadh] [QR LIB] Implicit conversion from float 8.8 to int loses precision
[24-Aug-2026 18:53:59 Asia/Riyadh] [QR LIB] Implicit conversion from float 9.2 to int loses precision
[24-Aug-2026 18:53:59 Asia/Riyadh] [QR LIB] Implicit conversion from float 9.4 to int loses precision
[24-Aug-2026 18:53:59 Asia/Riyadh] [QR LIB] Implicit conversion from float 9.6 to int loses precision
[24-Aug-2026 18:53:59 Asia/Riyadh] [QR LIB] Implicit conversion from float 9.8 to int loses precision
[24-Aug-2026 18:53:59 Asia/Riyadh] [QR LIB] Implicit conversion from float 10.2 to int loses precision
[24-Aug-2026 18:53:59 Asia/Riyadh] [QR LIB] Implicit conversion from float 10.4 to int loses precision
[24-Aug-2026 18:53:59 Asia/Riyadh] [QR LIB] Implicit conversion from float 10.6 to int loses precision
[24-Aug-2026 18:53:59 Asia/Riyadh] [QR LIB] Implicit conversion from float 10.8 to int loses precision
[24-Aug-2026 18:53:59 Asia/Riyadh] [QR LIB] Implicit conversion from float 11.2 to int loses precision
[24-Aug-2026 18:53:59 Asia/Riyadh] [QR LIB] Implicit conversion from float 11.4 to int loses precision
[24-Aug-2026 18:53:59 Asia/Riyadh] [QR LIB] Implicit conversion from float 11.6 to int loses precision
[24-Aug-2026 18:53:59 Asia/Riyadh] [QR LIB] Implicit conversion from float 11.8 to int loses precision
[24-Aug-2026 18:53:59 Asia/Riyadh] [QR LIB] Implicit conversion from float 12.2 to int loses precision
[24-Aug-2026 18:53:59 Asia/Riyadh] [QR LIB] Implicit conversion from float 12.4 to int loses precision
[24-Aug-2026 18:53:59 Asia/Riyadh] [QR LIB] Implicit conversion from float 12.6 to int loses precision
[24-Aug-2026 18:53:59 Asia/Riyadh] [QR LIB] Implicit conversion from float 12.8 to int loses precision
[24-Aug-2026 18:53:59 Asia/Riyadh] [QR LIB] Implicit conversion from float 0.2 to int loses precision
[24-Aug-2026 18:53:59 Asia/Riyadh] [QR LIB] Implicit conversion from float 0.4 to int loses precision
[24-Aug-2026 18:53:59 Asia/Riyadh] [QR LIB] Implicit conversion from float 0.6 to int loses precision
[24-Aug-2026 18:53:59 Asia/Riyadh] [QR LIB] Implicit conversion from float 0.8 to int loses precision
[24-Aug-2026 18:53:59 Asia/Riyadh] [QR LIB] Implicit conversion from float 1.2 to int loses precision
[24-Aug-2026 18:53:59 Asia/Riyadh] [QR LIB] Implicit conversion from float 1.4 to int loses precision
[24-Aug-2026 18:53:59 Asia/Riyadh] [QR LIB] Implicit conversion from float 1.6 to int loses precision
[24-Aug-2026 18:53:59 Asia/Riyadh] [QR LIB] Implicit conversion from float 1.8 to int loses precision
[24-Aug-2026 18:53:59 Asia/Riyadh] [QR LIB] Implicit conversion from float 2.2 to int loses precision
[24-Aug-2026 18:53:59 Asia/Riyadh] [QR LIB] Implicit conversion from float 2.4 to int loses precision
[24-Aug-2026 18:53:59 Asia/Riyadh] [QR LIB] Implicit conversion from float 2.6 to int loses precision
[24-Aug-2026 18:53:59 Asia/Riyadh] [QR LIB] Implicit conversion from float 2.8 to int loses precision
[24-Aug-2026 18:53:59 Asia/Riyadh] [QR LIB] Implicit conversion from float 3.2 to int loses precision
[24-Aug-2026 18:53:59 Asia/Riyadh] [QR LIB] Implicit conversion from float 3.4 to int loses precision
[24-Aug-2026 18:53:59 Asia/Riyadh] [QR LIB] Implicit conversion from float 3.6 to int loses precision
[24-Aug-2026 18:53:59 Asia/Riyadh] [QR LIB] Implicit conversion from float 3.8 to int loses precision
[24-Aug-2026 18:53:59 Asia/Riyadh] [QR LIB] Implicit conversion from float 4.2 to int loses precision
[24-Aug-2026 18:53:59 Asia/Riyadh] [QR LIB] Implicit conversion from float 4.4 to int loses precision
[24-Aug-2026 18:53:59 Asia/Riyadh] [QR LIB] Implicit conversion from float 4.6 to int loses precision
[24-Aug-2026 18:53:59 Asia/Riyadh] [QR LIB] Implicit conversion from float 4.8 to int loses precision
[24-Aug-2026 18:53:59 Asia/Riyadh] [QR LIB] Implicit conversion from float 5.2 to int loses precision
[24-Aug-2026 18:53:59 Asia/Riyadh] [QR LIB] Implicit conversion from float 5.4 to int loses precision
[24-Aug-2026 18:53:59 Asia/Riyadh] [QR LIB] Implicit conversion from float 5.6 to int loses precision
[24-Aug-2026 18:53:59 Asia/Riyadh] [QR LIB] Implicit conversion from float 5.8 to int loses precision
[24-Aug-2026 18:53:59 Asia/Riyadh] [QR LIB] Implicit conversion from float 6.2 to int loses precision
[24-Aug-2026 18:53:59 Asia/Riyadh] [QR LIB] Implicit conversion from float 6.4 to int loses precision
[24-Aug-2026 18:53:59 Asia/Riyadh] [QR LIB] Implicit conversion from float 6.6 to int loses precision
[24-Aug-2026 18:53:59 Asia/Riyadh] [QR LIB] Implicit conversion from float 6.8 to int loses precision
[24-Aug-2026 18:53:59 Asia/Riyadh] [QR LIB] Implicit conversion from float 7.2 to int loses precision
[24-Aug-2026 18:53:59 Asia/Riyadh] [QR LIB] Implicit conversion from float 7.4 to int loses precision
[24-Aug-2026 18:53:59 Asia/Riyadh] [QR LIB] Implicit conversion from float 7.6 to int loses precision
[24-Aug-2026 18:53:59 Asia/Riyadh] [QR LIB] Implicit conversion from float 7.8 to int loses precision
[24-Aug-2026 18:53:59 Asia/Riyadh] [QR LIB] Implicit conversion from float 8.2 to int loses precision
[24-Aug-2026 18:53:59 Asia/Riyadh] [QR LIB] Implicit conversion from float 8.4 to int loses precision
[24-Aug-2026 18:53:59 Asia/Riyadh] [QR LIB] Implicit conversion from float 8.6 to int loses precision
[24-Aug-2026 18:53:59 Asia/Riyadh] [QR LIB] Implicit conversion from float 8.8 to int loses precision
[24-Aug-2026 18:53:59 Asia/Riyadh] [QR LIB] Implicit conversion from float 9.2 to int loses precision
[24-Aug-2026 18:53:59 Asia/Riyadh] [QR LIB] Implicit conversion from float 9.4 to int loses precision
[24-Aug-2026 18:53:59 Asia/Riyadh] [QR LIB] Implicit conversion from float 9.6 to int loses precision
[24-Aug-2026 18:53:59 Asia/Riyadh] [QR LIB] Implicit conversion from float 9.8 to int loses precision
[24-Aug-2026 18:53:59 Asia/Riyadh] [QR LIB] Implicit conversion from float 10.2 to int loses precision
[24-Aug-2026 18:53:59 Asia/Riyadh] [QR LIB] Implicit conversion from float 10.4 to int loses precision
[24-Aug-2026 18:53:59 Asia/Riyadh] [QR LIB] Implicit conversion from float 10.6 to int loses precision
[24-Aug-2026 18:53:59 Asia/Riyadh] [QR LIB] Implicit conversion from float 10.8 to int loses precision
[24-Aug-2026 18:53:59 Asia/Riyadh] [QR LIB] Implicit conversion from float 11.2 to int loses precision
[24-Aug-2026 18:53:59 Asia/Riyadh] [QR LIB] Implicit conversion from float 11.4 to int loses precision
[24-Aug-2026 18:53:59 Asia/Riyadh] [QR LIB] Implicit conversion from float 11.6 to int loses precision
[24-Aug-2026 18:53:59 Asia/Riyadh] [QR LIB] Implicit conversion from float 11.8 to int loses precision
[24-Aug-2026 18:53:59 Asia/Riyadh] [QR LIB] Implicit conversion from float 12.2 to int loses precision
[24-Aug-2026 18:53:59 Asia/Riyadh] [QR LIB] Implicit conversion from float 12.4 to int loses precision
[24-Aug-2026 18:53:59 Asia/Riyadh] [QR LIB] Implicit conversion from float 12.6 to int loses precision
[24-Aug-2026 18:53:59 Asia/Riyadh] [QR LIB] Implicit conversion from float 12.8 to int loses precision
[24-Aug-2026 18:53:59 Asia/Riyadh] [QR LIB] Implicit conversion from float 13.2 to int loses precision
[24-Aug-2026 18:53:59 Asia/Riyadh] [QR LIB] Implicit conversion from float 13.4 to int loses precision
[24-Aug-2026 18:53:59 Asia/Riyadh] [QR LIB] Implicit conversion from float 13.6 to int loses precision
[24-Aug-2026 18:53:59 Asia/Riyadh] [QR LIB] Implicit conversion from float 13.8 to int loses precision
[24-Aug-2026 18:53:59 Asia/Riyadh] [QR LIB] Implicit conversion from float 14.2 to int loses precision
[24-Aug-2026 18:53:59 Asia/Riyadh] [QR LIB] Implicit conversion from float 14.4 to int loses precision
[24-Aug-2026 18:53:59 Asia/Riyadh] [QR LIB] Implicit conversion from float 14.6 to int loses precision
[24-Aug-2026 18:53:59 Asia/Riyadh] [QR LIB] Implicit conversion from float 14.8 to int loses precision
[24-Aug-2026 18:53:59 Asia/Riyadh] [QR LIB] Implicit conversion from float 15.2 to int loses precision
[24-Aug-2026 18:53:59 Asia/Riyadh] [QR LIB] Implicit conversion from float 15.4 to int loses precision
[24-Aug-2026 18:53:59 Asia/Riyadh] [QR LIB] Implicit conversion from float 15.6 to int loses precision
[24-Aug-2026 18:53:59 Asia/Riyadh] [QR LIB] Implicit conversion from float 15.8 to int loses precision
[24-Aug-2026 18:53:59 Asia/Riyadh] [QR LIB] Implicit conversion from float 16.2 to int loses precision
[24-Aug-2026 18:53:59 Asia/Riyadh] [QR LIB] Implicit conversion from float 16.4 to int loses precision
[24-Aug-2026 18:53:59 Asia/Riyadh] [QR LIB] Implicit conversion from float 16.6 to int loses precision
[24-Aug-2026 18:53:59 Asia/Riyadh] [QR LIB] Implicit conversion from float 16.8 to int loses precision
[24-Aug-2026 18:53:59 Asia/Riyadh] [QR LIB] Implicit conversion from float 17.2 to int loses precision
[24-Aug-2026 18:53:59 Asia/Riyadh] [QR LIB] Implicit conversion from float 17.4 to int loses precision
[24-Aug-2026 18:53:59 Asia/Riyadh] [QR LIB] Implicit conversion from float 17.6 to int loses precision
[24-Aug-2026 18:53:59 Asia/Riyadh] [QR LIB] Implicit conversion from float 17.8 to int loses precision
[24-Aug-2026 18:53:59 Asia/Riyadh] [QR LIB] Implicit conversion from float 18.2 to int loses precision
[24-Aug-2026 18:53:59 Asia/Riyadh] [QR LIB] Implicit conversion from float 18.4 to int loses precision
[24-Aug-2026 18:53:59 Asia/Riyadh] [QR LIB] Implicit conversion from float 18.6 to int loses precision
[24-Aug-2026 18:53:59 Asia/Riyadh] [QR LIB] Implicit conversion from float 18.8 to int loses precision
[24-Aug-2026 18:53:59 Asia/Riyadh] [QR LIB] Implicit conversion from float 19.2 to int loses precision
[24-Aug-2026 18:53:59 Asia/Riyadh] [QR LIB] Implicit conversion from float 19.4 to int loses precision
[24-Aug-2026 18:53:59 Asia/Riyadh] [QR LIB] Implicit conversion from float 19.6 to int loses precision
[24-Aug-2026 18:53:59 Asia/Riyadh] [QR LIB] Implicit conversion from float 19.8 to int loses precision
[24-Aug-2026 18:53:59 Asia/Riyadh] [QR LIB] Implicit conversion from float 20.2 to int loses precision
[24-Aug-2026 18:53:59 Asia/Riyadh] [QR LIB] Implicit conversion from float 20.4 to int loses precision
[24-Aug-2026 18:53:59 Asia/Riyadh] [QR LIB] Implicit conversion from float 20.6 to int loses precision
[24-Aug-2026 18:53:59 Asia/Riyadh] [QR LIB] Implicit conversion from float 20.8 to int loses precision
[24-Aug-2026 18:53:59 Asia/Riyadh] [QR LIB] Implicit conversion from float 21.2 to int loses precision
[24-Aug-2026 18:53:59 Asia/Riyadh] [QR LIB] Implicit conversion from float 21.4 to int loses precision
[24-Aug-2026 18:53:59 Asia/Riyadh] [QR LIB] Implicit conversion from float 21.6 to int loses precision
[24-Aug-2026 18:53:59 Asia/Riyadh] [QR LIB] Implicit conversion from float 21.8 to int loses precision
[24-Aug-2026 18:53:59 Asia/Riyadh] [QR LIB] Implicit conversion from float 22.2 to int loses precision
[24-Aug-2026 18:53:59 Asia/Riyadh] [QR LIB] Implicit conversion from float 22.4 to int loses precision
[24-Aug-2026 18:53:59 Asia/Riyadh] [QR LIB] Implicit conversion from float 22.6 to int loses precision
[24-Aug-2026 18:53:59 Asia/Riyadh] [QR LIB] Implicit conversion from float 22.8 to int loses precision
[24-Aug-2026 18:53:59 Asia/Riyadh] [QR LIB] Implicit conversion from float 23.2 to int loses precision
[24-Aug-2026 18:53:59 Asia/Riyadh] [QR LIB] Implicit conversion from float 23.4 to int loses precision
[24-Aug-2026 18:53:59 Asia/Riyadh] [QR LIB] Implicit conversion from float 23.6 to int loses precision
[24-Aug-2026 18:53:59 Asia/Riyadh] [QR LIB] Implicit conversion from float 23.8 to int loses precision
[24-Aug-2026 18:53:59 Asia/Riyadh] [QR LIB] Implicit conversion from float 24.2 to int loses precision
[24-Aug-2026 18:53:59 Asia/Riyadh] [QR LIB] Implicit conversion from float 24.4 to int loses precision
[24-Aug-2026 18:53:59 Asia/Riyadh] [QR LIB] Implicit conversion from float 24.6 to int loses precision
[24-Aug-2026 18:53:59 Asia/Riyadh] [QR LIB] Implicit conversion from float 24.8 to int loses precision
[24-Aug-2026 18:53:59 Asia/Riyadh] [QR LIB] Implicit conversion from float 25.2 to int loses precision
[24-Aug-2026 18:53:59 Asia/Riyadh] [QR LIB] Implicit conversion from float 25.4 to int loses precision
[24-Aug-2026 18:53:59 Asia/Riyadh] [QR LIB] Implicit conversion from float 25.6 to int loses precision
[24-Aug-2026 18:53:59 Asia/Riyadh] [QR LIB] Implicit conversion from float 25.8 to int loses precision
[24-Aug-2026 18:53:59 Asia/Riyadh] [REQ] sid=1f7a912cd8cd321d289795a802e3ecd9 user=yes GET /admin/documents cookie=yes
[24-Aug-2026 18:54:20 Asia/Riyadh] [REQ] sid=1f7a912cd8cd321d289795a802e3ecd9 user=yes POST /admin/documents/2/activate cookie=yes
[24-Aug-2026 18:54:20 Asia/Riyadh] [REQ] sid=1f7a912cd8cd321d289795a802e3ecd9 user=yes GET /admin/documents cookie=yes
[24-Aug-2026 18:54:33 Asia/Riyadh] [REQ] sid=1f7a912cd8cd321d289795a802e3ecd9 user=yes GET /admin/documents/2/qr cookie=yes
[24-Aug-2026 18:54:33 Asia/Riyadh] [REQ] sid=1f7a912cd8cd321d289795a802e3ecd9 user=yes GET /admin/documents/2/qr/image cookie=yes
[24-Aug-2026 18:54:40 Asia/Riyadh] [REQ] sid=1f7a912cd8cd321d289795a802e3ecd9 user=yes GET /admin/documents/2/qr/download cookie=yes
[24-Aug-2026 18:54:49 Asia/Riyadh] [REQ] sid=1f7a912cd8cd321d289795a802e3ecd9 user=yes GET /verify/e703b8f8c7d0f90506d638efcc64c2df cookie=yes
[24-Aug-2026 18:54:50 Asia/Riyadh] [REQ] sid=1f7a912cd8cd321d289795a802e3ecd9 user=yes GET /verify/e703b8f8c7d0f90506d638efcc64c2df/file cookie=yes
[24-Aug-2026 18:54:57 Asia/Riyadh] [REQ] sid=1f7a912cd8cd321d289795a802e3ecd9 user=yes GET /verify/e703b8f8c7d0f90506d638efcc64c2df/file cookie=yes
[24-Aug-2026 18:55:04 Asia/Riyadh] [REQ] sid=1f7a912cd8cd321d289795a802e3ecd9 user=yes GET /verify/e703b8f8c7d0f90506d638efcc64c2df/download cookie=yes
[24-Aug-2026 18:55:44 Asia/Riyadh] [REQ] sid=1f7a912cd8cd321d289795a802e3ecd9 user=yes GET /admin/settings cookie=yes
[24-Aug-2026 18:55:46 Asia/Riyadh] [REQ] sid=1f7a912cd8cd321d289795a802e3ecd9 user=yes GET /admin/verifications cookie=yes
[24-Aug-2026 18:56:00 Asia/Riyadh] [REQ] sid=1f7a912cd8cd321d289795a802e3ecd9 user=yes GET /admin/verifications?q=%D8%A7%D8%AD%D9%85%D8%AF&client_id=&date_from=&date_to= cookie=yes
[24-Aug-2026 18:56:06 Asia/Riyadh] [REQ] sid=1f7a912cd8cd321d289795a802e3ecd9 user=yes GET /admin/verifications?q=%D8%A7%D8%AD%D9%85%D8%AF+%D8%B3%D8%B9%D8%AF&client_id=&date_from=&date_to= cookie=yes
[24-Aug-2026 18:56:11 Asia/Riyadh] [REQ] sid=1f7a912cd8cd321d289795a802e3ecd9 user=yes GET /admin/settings cookie=yes
[24-Aug-2026 18:56:32 Asia/Riyadh] [REQ] sid=1f7a912cd8cd321d289795a802e3ecd9 user=yes POST /admin/settings cookie=yes
[24-Aug-2026 18:56:32 Asia/Riyadh] [REQ] sid=1f7a912cd8cd321d289795a802e3ecd9 user=yes GET /admin/settings cookie=yes
[24-Aug-2026 18:56:40 Asia/Riyadh] [REQ] sid=1f7a912cd8cd321d289795a802e3ecd9 user=yes POST /admin/settings cookie=yes
[24-Aug-2026 18:56:40 Asia/Riyadh] [REQ] sid=1f7a912cd8cd321d289795a802e3ecd9 user=yes GET /admin/settings cookie=yes
[24-Aug-2026 18:56:43 Asia/Riyadh] [REQ] sid=1f7a912cd8cd321d289795a802e3ecd9 user=yes GET /admin/change-password cookie=yes
[24-Aug-2026 18:59:13 Asia/Riyadh] [REQ] sid=1f7a912cd8cd321d289795a802e3ecd9 user=yes GET /admin/documents cookie=yes
[24-Aug-2026 18:59:21 Asia/Riyadh] [REQ] sid=1f7a912cd8cd321d289795a802e3ecd9 user=yes GET /admin/documents/2/qr cookie=yes
[24-Aug-2026 18:59:21 Asia/Riyadh] [REQ] sid=1f7a912cd8cd321d289795a802e3ecd9 user=yes GET /admin/documents/2/qr/image cookie=yes
[24-Aug-2026 18:59:25 Asia/Riyadh] [REQ] sid=1f7a912cd8cd321d289795a802e3ecd9 user=yes GET /admin/documents/2/download cookie=yes
[24-Aug-2026 18:59:42 Asia/Riyadh] [REQ] sid=1f7a912cd8cd321d289795a802e3ecd9 user=yes GET /admin/documents/2/qr/download cookie=yes
[24-Aug-2026 19:00:22 Asia/Riyadh] [REQ] sid=1f7a912cd8cd321d289795a802e3ecd9 user=yes GET /admin/clients cookie=yes
[24-Aug-2026 19:00:42 Asia/Riyadh] [REQ] sid=1f7a912cd8cd321d289795a802e3ecd9 user=yes GET /admin/clients/2/documents cookie=yes
[24-Aug-2026 19:04:31 Asia/Riyadh] [REQ] sid=1f7a912cd8cd321d289795a802e3ecd9 user=yes GET /admin/documents/2/view cookie=yes
[24-Aug-2026 19:04:37 Asia/Riyadh] [REQ] sid=1f7a912cd8cd321d289795a802e3ecd9 user=yes GET /admin/documents cookie=yes
[24-Aug-2026 19:04:45 Asia/Riyadh] [REQ] sid=1f7a912cd8cd321d289795a802e3ecd9 user=yes GET /admin/documents/upload cookie=yes
[24-Aug-2026 19:05:04 Asia/Riyadh] [REQ] sid=1f7a912cd8cd321d289795a802e3ecd9 user=yes POST /admin/documents/store cookie=yes
[24-Aug-2026 19:05:04 Asia/Riyadh] PHP Deprecated:  QRimage::png(): Optional parameter $filename declared before required parameter $fore_color is implicitly treated as a required parameter in D:\client1\vendor\phpqrcode\qrimage.php on line 30
[24-Aug-2026 19:05:04 Asia/Riyadh] PHP Deprecated:  QRimage::png(): Optional parameter $pixelPerPoint declared before required parameter $fore_color is implicitly treated as a required parameter in D:\client1\vendor\phpqrcode\qrimage.php on line 30
[24-Aug-2026 19:05:04 Asia/Riyadh] PHP Deprecated:  QRimage::png(): Optional parameter $outerFrame declared before required parameter $fore_color is implicitly treated as a required parameter in D:\client1\vendor\phpqrcode\qrimage.php on line 30
[24-Aug-2026 19:05:04 Asia/Riyadh] PHP Deprecated:  QRimage::png(): Optional parameter $saveandprint declared before required parameter $fore_color is implicitly treated as a required parameter in D:\client1\vendor\phpqrcode\qrimage.php on line 30
[24-Aug-2026 19:05:04 Asia/Riyadh] PHP Deprecated:  QRvect::svg(): Optional parameter $filename declared before required parameter $fore_color is implicitly treated as a required parameter in D:\client1\vendor\phpqrcode\qrvect.php on line 140
[24-Aug-2026 19:05:04 Asia/Riyadh] PHP Deprecated:  QRvect::svg(): Optional parameter $pixelPerPoint declared before required parameter $fore_color is implicitly treated as a required parameter in D:\client1\vendor\phpqrcode\qrvect.php on line 140
[24-Aug-2026 19:05:04 Asia/Riyadh] PHP Deprecated:  QRvect::svg(): Optional parameter $outerFrame declared before required parameter $fore_color is implicitly treated as a required parameter in D:\client1\vendor\phpqrcode\qrvect.php on line 140
[24-Aug-2026 19:05:04 Asia/Riyadh] PHP Deprecated:  QRvect::svg(): Optional parameter $saveandprint declared before required parameter $fore_color is implicitly treated as a required parameter in D:\client1\vendor\phpqrcode\qrvect.php on line 140
[24-Aug-2026 19:05:04 Asia/Riyadh] [QR LIB] Creation of dynamic property QRencode::$cmyk is deprecated
[24-Aug-2026 19:05:04 Asia/Riyadh] [QR LIB] Implicit conversion from float 0.25 to int loses precision
[24-Aug-2026 19:05:04 Asia/Riyadh] [QR LIB] Implicit conversion from float 0.5 to int loses precision
[24-Aug-2026 19:05:04 Asia/Riyadh] [QR LIB] Implicit conversion from float 0.75 to int loses precision
[24-Aug-2026 19:05:04 Asia/Riyadh] [QR LIB] Implicit conversion from float 1.25 to int loses precision
[24-Aug-2026 19:05:04 Asia/Riyadh] [QR LIB] Implicit conversion from float 1.5 to int loses precision
[24-Aug-2026 19:05:04 Asia/Riyadh] [QR LIB] Implicit conversion from float 1.75 to int loses precision
[24-Aug-2026 19:05:04 Asia/Riyadh] [QR LIB] Implicit conversion from float 2.25 to int loses precision
[24-Aug-2026 19:05:04 Asia/Riyadh] [QR LIB] Implicit conversion from float 2.5 to int loses precision
[24-Aug-2026 19:05:04 Asia/Riyadh] [QR LIB] Implicit conversion from float 2.75 to int loses precision
[24-Aug-2026 19:05:04 Asia/Riyadh] [QR LIB] Implicit conversion from float 3.25 to int loses precision
[24-Aug-2026 19:05:04 Asia/Riyadh] [QR LIB] Implicit conversion from float 3.5 to int loses precision
[24-Aug-2026 19:05:04 Asia/Riyadh] [QR LIB] Implicit conversion from float 3.75 to int loses precision
[24-Aug-2026 19:05:04 Asia/Riyadh] [QR LIB] Implicit conversion from float 4.25 to int loses precision
[24-Aug-2026 19:05:04 Asia/Riyadh] [QR LIB] Implicit conversion from float 4.5 to int loses precision
[24-Aug-2026 19:05:04 Asia/Riyadh] [QR LIB] Implicit conversion from float 4.75 to int loses precision
[24-Aug-2026 19:05:04 Asia/Riyadh] [QR LIB] Implicit conversion from float 5.25 to int loses precision
[24-Aug-2026 19:05:04 Asia/Riyadh] [QR LIB] Implicit conversion from float 5.5 to int loses precision
[24-Aug-2026 19:05:04 Asia/Riyadh] [QR LIB] Implicit conversion from float 5.75 to int loses precision
[24-Aug-2026 19:05:04 Asia/Riyadh] [QR LIB] Implicit conversion from float 6.25 to int loses precision
[24-Aug-2026 19:05:04 Asia/Riyadh] [QR LIB] Implicit conversion from float 6.5 to int loses precision
[24-Aug-2026 19:05:04 Asia/Riyadh] [QR LIB] Implicit conversion from float 6.75 to int loses precision
[24-Aug-2026 19:05:04 Asia/Riyadh] [QR LIB] Implicit conversion from float 7.25 to int loses precision
[24-Aug-2026 19:05:04 Asia/Riyadh] [QR LIB] Implicit conversion from float 7.5 to int loses precision
[24-Aug-2026 19:05:04 Asia/Riyadh] [QR LIB] Implicit conversion from float 7.75 to int loses precision
[24-Aug-2026 19:05:04 Asia/Riyadh] [QR LIB] Implicit conversion from float 8.25 to int loses precision
[24-Aug-2026 19:05:04 Asia/Riyadh] [QR LIB] Implicit conversion from float 8.5 to int loses precision
[24-Aug-2026 19:05:04 Asia/Riyadh] [QR LIB] Implicit conversion from float 8.75 to int loses precision
[24-Aug-2026 19:05:04 Asia/Riyadh] [QR LIB] Implicit conversion from float 9.25 to int loses precision
[24-Aug-2026 19:05:04 Asia/Riyadh] [QR LIB] Implicit conversion from float 9.5 to int loses precision
[24-Aug-2026 19:05:04 Asia/Riyadh] [QR LIB] Implicit conversion from float 9.75 to int loses precision
[24-Aug-2026 19:05:04 Asia/Riyadh] [QR LIB] Implicit conversion from float 10.25 to int loses precision
[24-Aug-2026 19:05:04 Asia/Riyadh] [QR LIB] Implicit conversion from float 10.5 to int loses precision
[24-Aug-2026 19:05:04 Asia/Riyadh] [QR LIB] Implicit conversion from float 10.75 to int loses precision
[24-Aug-2026 19:05:04 Asia/Riyadh] [QR LIB] Implicit conversion from float 11.25 to int loses precision
[24-Aug-2026 19:05:04 Asia/Riyadh] [QR LIB] Implicit conversion from float 11.5 to int loses precision
[24-Aug-2026 19:05:04 Asia/Riyadh] [QR LIB] Implicit conversion from float 11.75 to int loses precision
[24-Aug-2026 19:05:05 Asia/Riyadh] [QR LIB] Implicit conversion from float 12.25 to int loses precision
[24-Aug-2026 19:05:05 Asia/Riyadh] [QR LIB] Implicit conversion from float 12.5 to int loses precision
[24-Aug-2026 19:05:05 Asia/Riyadh] [QR LIB] Implicit conversion from float 12.75 to int loses precision
[24-Aug-2026 19:05:05 Asia/Riyadh] [QR LIB] Implicit conversion from float 13.25 to int loses precision
[24-Aug-2026 19:05:05 Asia/Riyadh] [QR LIB] Implicit conversion from float 13.5 to int loses precision
[24-Aug-2026 19:05:05 Asia/Riyadh] [QR LIB] Implicit conversion from float 13.75 to int loses precision
[24-Aug-2026 19:05:05 Asia/Riyadh] [QR LIB] Implicit conversion from float 14.25 to int loses precision
[24-Aug-2026 19:05:05 Asia/Riyadh] [QR LIB] Implicit conversion from float 14.5 to int loses precision
[24-Aug-2026 19:05:05 Asia/Riyadh] [QR LIB] Implicit conversion from float 14.75 to int loses precision
[24-Aug-2026 19:05:05 Asia/Riyadh] [QR LIB] Implicit conversion from float 0.25 to int loses precision
[24-Aug-2026 19:05:05 Asia/Riyadh] [QR LIB] Implicit conversion from float 0.5 to int loses precision
[24-Aug-2026 19:05:05 Asia/Riyadh] [QR LIB] Implicit conversion from float 0.75 to int loses precision
[24-Aug-2026 19:05:05 Asia/Riyadh] [QR LIB] Implicit conversion from float 1.25 to int loses precision
[24-Aug-2026 19:05:05 Asia/Riyadh] [QR LIB] Implicit conversion from float 1.5 to int loses precision
[24-Aug-2026 19:05:05 Asia/Riyadh] [QR LIB] Implicit conversion from float 1.75 to int loses precision
[24-Aug-2026 19:05:05 Asia/Riyadh] [QR LIB] Implicit conversion from float 2.25 to int loses precision
[24-Aug-2026 19:05:05 Asia/Riyadh] [QR LIB] Implicit conversion from float 2.5 to int loses precision
[24-Aug-2026 19:05:05 Asia/Riyadh] [QR LIB] Implicit conversion from float 2.75 to int loses precision
[24-Aug-2026 19:05:05 Asia/Riyadh] [QR LIB] Implicit conversion from float 3.25 to int loses precision
[24-Aug-2026 19:05:05 Asia/Riyadh] [QR LIB] Implicit conversion from float 3.5 to int loses precision
[24-Aug-2026 19:05:05 Asia/Riyadh] [QR LIB] Implicit conversion from float 3.75 to int loses precision
[24-Aug-2026 19:05:05 Asia/Riyadh] [QR LIB] Implicit conversion from float 4.25 to int loses precision
[24-Aug-2026 19:05:05 Asia/Riyadh] [QR LIB] Implicit conversion from float 4.5 to int loses precision
[24-Aug-2026 19:05:05 Asia/Riyadh] [QR LIB] Implicit conversion from float 4.75 to int loses precision
[24-Aug-2026 19:05:05 Asia/Riyadh] [QR LIB] Implicit conversion from float 5.25 to int loses precision
[24-Aug-2026 19:05:05 Asia/Riyadh] [QR LIB] Implicit conversion from float 5.5 to int loses precision
[24-Aug-2026 19:05:05 Asia/Riyadh] [QR LIB] Implicit conversion from float 5.75 to int loses precision
[24-Aug-2026 19:05:05 Asia/Riyadh] [QR LIB] Implicit conversion from float 6.25 to int loses precision
[24-Aug-2026 19:05:05 Asia/Riyadh] [QR LIB] Implicit conversion from float 6.5 to int loses precision
[24-Aug-2026 19:05:05 Asia/Riyadh] [QR LIB] Implicit conversion from float 6.75 to int loses precision
[24-Aug-2026 19:05:05 Asia/Riyadh] [QR LIB] Implicit conversion from float 7.25 to int loses precision
[24-Aug-2026 19:05:05 Asia/Riyadh] [QR LIB] Implicit conversion from float 7.5 to int loses precision
[24-Aug-2026 19:05:05 Asia/Riyadh] [QR LIB] Implicit conversion from float 7.75 to int loses precision
[24-Aug-2026 19:05:05 Asia/Riyadh] [QR LIB] Implicit conversion from float 8.25 to int loses precision
[24-Aug-2026 19:05:05 Asia/Riyadh] [QR LIB] Implicit conversion from float 8.5 to int loses precision
[24-Aug-2026 19:05:05 Asia/Riyadh] [QR LIB] Implicit conversion from float 8.75 to int loses precision
[24-Aug-2026 19:05:05 Asia/Riyadh] [QR LIB] Implicit conversion from float 9.25 to int loses precision
[24-Aug-2026 19:05:05 Asia/Riyadh] [QR LIB] Implicit conversion from float 9.5 to int loses precision
[24-Aug-2026 19:05:05 Asia/Riyadh] [QR LIB] Implicit conversion from float 9.75 to int loses precision
[24-Aug-2026 19:05:05 Asia/Riyadh] [QR LIB] Implicit conversion from float 10.25 to int loses precision
[24-Aug-2026 19:05:05 Asia/Riyadh] [QR LIB] Implicit conversion from float 10.5 to int loses precision
[24-Aug-2026 19:05:05 Asia/Riyadh] [QR LIB] Implicit conversion from float 10.75 to int loses precision
[24-Aug-2026 19:05:05 Asia/Riyadh] [QR LIB] Implicit conversion from float 11.25 to int loses precision
[24-Aug-2026 19:05:05 Asia/Riyadh] [QR LIB] Implicit conversion from float 11.5 to int loses precision
[24-Aug-2026 19:05:05 Asia/Riyadh] [QR LIB] Implicit conversion from float 11.75 to int loses precision
[24-Aug-2026 19:05:05 Asia/Riyadh] [QR LIB] Implicit conversion from float 12.25 to int loses precision
[24-Aug-2026 19:05:05 Asia/Riyadh] [QR LIB] Implicit conversion from float 12.5 to int loses precision
[24-Aug-2026 19:05:05 Asia/Riyadh] [QR LIB] Implicit conversion from float 12.75 to int loses precision
[24-Aug-2026 19:05:05 Asia/Riyadh] [QR LIB] Implicit conversion from float 13.25 to int loses precision
[24-Aug-2026 19:05:05 Asia/Riyadh] [QR LIB] Implicit conversion from float 13.5 to int loses precision
[24-Aug-2026 19:05:05 Asia/Riyadh] [QR LIB] Implicit conversion from float 13.75 to int loses precision
[24-Aug-2026 19:05:05 Asia/Riyadh] [QR LIB] Implicit conversion from float 14.25 to int loses precision
[24-Aug-2026 19:05:05 Asia/Riyadh] [QR LIB] Implicit conversion from float 14.5 to int loses precision
[24-Aug-2026 19:05:05 Asia/Riyadh] [QR LIB] Implicit conversion from float 14.75 to int loses precision
[24-Aug-2026 19:05:05 Asia/Riyadh] [QR LIB] Implicit conversion from float 15.25 to int loses precision
[24-Aug-2026 19:05:05 Asia/Riyadh] [QR LIB] Implicit conversion from float 15.5 to int loses precision
[24-Aug-2026 19:05:05 Asia/Riyadh] [QR LIB] Implicit conversion from float 15.75 to int loses precision
[24-Aug-2026 19:05:05 Asia/Riyadh] [QR LIB] Implicit conversion from float 16.25 to int loses precision
[24-Aug-2026 19:05:05 Asia/Riyadh] [QR LIB] Implicit conversion from float 16.5 to int loses precision
[24-Aug-2026 19:05:05 Asia/Riyadh] [QR LIB] Implicit conversion from float 16.75 to int loses precision
[24-Aug-2026 19:05:05 Asia/Riyadh] [QR LIB] Implicit conversion from float 17.25 to int loses precision
[24-Aug-2026 19:05:05 Asia/Riyadh] [QR LIB] Implicit conversion from float 17.5 to int loses precision
[24-Aug-2026 19:05:05 Asia/Riyadh] [QR LIB] Implicit conversion from float 17.75 to int loses precision
[24-Aug-2026 19:05:05 Asia/Riyadh] [QR LIB] Implicit conversion from float 18.25 to int loses precision
[24-Aug-2026 19:05:05 Asia/Riyadh] [QR LIB] Implicit conversion from float 18.5 to int loses precision
[24-Aug-2026 19:05:05 Asia/Riyadh] [QR LIB] Implicit conversion from float 18.75 to int loses precision
[24-Aug-2026 19:05:05 Asia/Riyadh] [QR LIB] Implicit conversion from float 19.25 to int loses precision
[24-Aug-2026 19:05:05 Asia/Riyadh] [QR LIB] Implicit conversion from float 19.5 to int loses precision
[24-Aug-2026 19:05:05 Asia/Riyadh] [QR LIB] Implicit conversion from float 19.75 to int loses precision
[24-Aug-2026 19:05:05 Asia/Riyadh] [QR LIB] Implicit conversion from float 20.25 to int loses precision
[24-Aug-2026 19:05:05 Asia/Riyadh] [QR LIB] Implicit conversion from float 20.5 to int loses precision
[24-Aug-2026 19:05:05 Asia/Riyadh] [QR LIB] Implicit conversion from float 20.75 to int loses precision
[24-Aug-2026 19:05:05 Asia/Riyadh] [QR LIB] Implicit conversion from float 21.25 to int loses precision
[24-Aug-2026 19:05:05 Asia/Riyadh] [QR LIB] Implicit conversion from float 21.5 to int loses precision
[24-Aug-2026 19:05:05 Asia/Riyadh] [QR LIB] Implicit conversion from float 21.75 to int loses precision
[24-Aug-2026 19:05:05 Asia/Riyadh] [QR LIB] Implicit conversion from float 22.25 to int loses precision
[24-Aug-2026 19:05:05 Asia/Riyadh] [QR LIB] Implicit conversion from float 22.5 to int loses precision
[24-Aug-2026 19:05:05 Asia/Riyadh] [QR LIB] Implicit conversion from float 22.75 to int loses precision
[24-Aug-2026 19:05:05 Asia/Riyadh] [QR LIB] Implicit conversion from float 23.25 to int loses precision
[24-Aug-2026 19:05:05 Asia/Riyadh] [QR LIB] Implicit conversion from float 23.5 to int loses precision
[24-Aug-2026 19:05:05 Asia/Riyadh] [QR LIB] Implicit conversion from float 23.75 to int loses precision
[24-Aug-2026 19:05:05 Asia/Riyadh] [QR LIB] Implicit conversion from float 24.25 to int loses precision
[24-Aug-2026 19:05:05 Asia/Riyadh] [QR LIB] Implicit conversion from float 24.5 to int loses precision
[24-Aug-2026 19:05:05 Asia/Riyadh] [QR LIB] Implicit conversion from float 24.75 to int loses precision
[24-Aug-2026 19:05:05 Asia/Riyadh] [QR LIB] Implicit conversion from float 25.25 to int loses precision
[24-Aug-2026 19:05:05 Asia/Riyadh] [QR LIB] Implicit conversion from float 25.5 to int loses precision
[24-Aug-2026 19:05:05 Asia/Riyadh] [QR LIB] Implicit conversion from float 25.75 to int loses precision
[24-Aug-2026 19:05:05 Asia/Riyadh] [QR LIB] Implicit conversion from float 26.25 to int loses precision
[24-Aug-2026 19:05:05 Asia/Riyadh] [QR LIB] Implicit conversion from float 26.5 to int loses precision
[24-Aug-2026 19:05:05 Asia/Riyadh] [QR LIB] Implicit conversion from float 26.75 to int loses precision
[24-Aug-2026 19:05:05 Asia/Riyadh] [QR LIB] Implicit conversion from float 27.25 to int loses precision
[24-Aug-2026 19:05:05 Asia/Riyadh] [QR LIB] Implicit conversion from float 27.5 to int loses precision
[24-Aug-2026 19:05:05 Asia/Riyadh] [QR LIB] Implicit conversion from float 27.75 to int loses precision
[24-Aug-2026 19:05:05 Asia/Riyadh] [REQ] sid=1f7a912cd8cd321d289795a802e3ecd9 user=yes GET /admin/documents cookie=yes
[24-Aug-2026 19:05:11 Asia/Riyadh] [REQ] sid=1f7a912cd8cd321d289795a802e3ecd9 user=yes POST /admin/documents/3/activate cookie=yes
[24-Aug-2026 19:05:11 Asia/Riyadh] [REQ] sid=1f7a912cd8cd321d289795a802e3ecd9 user=yes GET /admin/documents cookie=yes
[24-Aug-2026 19:08:04 Asia/Riyadh] [REQ] sid=1f7a912cd8cd321d289795a802e3ecd9 user=yes POST /admin/documents/3/delete cookie=yes
[24-Aug-2026 19:08:04 Asia/Riyadh] [REQ] sid=1f7a912cd8cd321d289795a802e3ecd9 user=yes GET /admin/documents cookie=yes
[24-Aug-2026 19:08:07 Asia/Riyadh] [REQ] sid=1f7a912cd8cd321d289795a802e3ecd9 user=yes POST /admin/documents/2/delete cookie=yes
[24-Aug-2026 19:08:08 Asia/Riyadh] [REQ] sid=1f7a912cd8cd321d289795a802e3ecd9 user=yes GET /admin/documents cookie=yes
[24-Aug-2026 19:08:10 Asia/Riyadh] [REQ] sid=1f7a912cd8cd321d289795a802e3ecd9 user=yes POST /admin/documents/1/delete cookie=yes
[24-Aug-2026 19:08:10 Asia/Riyadh] [REQ] sid=1f7a912cd8cd321d289795a802e3ecd9 user=yes GET /admin/documents cookie=yes
[24-Aug-2026 19:08:14 Asia/Riyadh] [REQ] sid=1f7a912cd8cd321d289795a802e3ecd9 user=yes GET /admin/clients cookie=yes
[24-Aug-2026 19:08:18 Asia/Riyadh] [REQ] sid=1f7a912cd8cd321d289795a802e3ecd9 user=yes POST /admin/clients/2/delete cookie=yes
[24-Aug-2026 19:08:18 Asia/Riyadh] [REQ] sid=1f7a912cd8cd321d289795a802e3ecd9 user=yes GET /admin/clients cookie=yes
[24-Aug-2026 19:08:22 Asia/Riyadh] [REQ] sid=1f7a912cd8cd321d289795a802e3ecd9 user=yes POST /admin/clients/1/delete cookie=yes
[24-Aug-2026 19:08:22 Asia/Riyadh] [REQ] sid=1f7a912cd8cd321d289795a802e3ecd9 user=yes GET /admin/clients cookie=yes
[24-Aug-2026 19:08:25 Asia/Riyadh] [REQ] sid=1f7a912cd8cd321d289795a802e3ecd9 user=yes GET /admin cookie=yes
[24-Aug-2026 19:12:14 Asia/Riyadh] [REQ] sid=1f7a912cd8cd321d289795a802e3ecd9 user=yes GET /admin/clients cookie=yes
[24-Aug-2026 19:18:59 Asia/Riyadh] [REQ] sid=e32c8aa1155b170e9bc97e6af8663d01 user=no GET /login cookie=no
[24-Aug-2026 19:18:59 Asia/Riyadh] [REQ] sid=e32c8aa1155b170e9bc97e6af8663d01 user=no POST /login cookie=yes
[24-Aug-2026 19:19:00 Asia/Riyadh] [REQ] sid=6bf4ba317cad355d3a0ca4fc5eaa6fff user=yes GET /admin/documents/upload cookie=yes
[24-Aug-2026 19:19:00 Asia/Riyadh] [REQ] sid=6bf4ba317cad355d3a0ca4fc5eaa6fff user=yes POST /admin/documents/store cookie=yes
[24-Aug-2026 19:20:10 Asia/Riyadh] [REQ] sid=6bf4ba317cad355d3a0ca4fc5eaa6fff user=yes GET /admin/documents/upload cookie=yes
[24-Aug-2026 19:20:10 Asia/Riyadh] [REQ] sid=6bf4ba317cad355d3a0ca4fc5eaa6fff user=yes POST /admin/documents/store cookie=yes
[24-Aug-2026 19:20:10 Asia/Riyadh] [REQ] sid=6bf4ba317cad355d3a0ca4fc5eaa6fff user=yes GET /admin cookie=yes
[24-Aug-2026 19:20:41 Asia/Riyadh] [REQ] sid=6bf4ba317cad355d3a0ca4fc5eaa6fff user=yes GET /admin cookie=yes
[24-Aug-2026 19:20:47 Asia/Riyadh] [REQ] sid=6bf4ba317cad355d3a0ca4fc5eaa6fff user=yes GET /admin cookie=yes
[24-Aug-2026 19:21:11 Asia/Riyadh] [REQ] sid=6bf4ba317cad355d3a0ca4fc5eaa6fff user=yes GET /admin/documents/upload cookie=yes
[24-Aug-2026 19:21:11 Asia/Riyadh] [REQ] sid=6bf4ba317cad355d3a0ca4fc5eaa6fff user=yes POST /admin/documents/store cookie=yes
[24-Aug-2026 19:21:26 Asia/Riyadh] [REQ] sid=6893a5dbae344ce8f7e060205ea0d1c9 user=no GET /login cookie=no
[24-Aug-2026 19:21:27 Asia/Riyadh] [REQ] sid=6893a5dbae344ce8f7e060205ea0d1c9 user=no POST /login cookie=yes
[24-Aug-2026 19:21:27 Asia/Riyadh] [REQ] sid=277b712dd1793779ca780b0abed5765e user=yes GET /admin/documents/upload cookie=yes
[24-Aug-2026 19:21:27 Asia/Riyadh] [REQ] sid=277b712dd1793779ca780b0abed5765e user=yes POST /admin/documents/store cookie=yes
[24-Aug-2026 19:21:27 Asia/Riyadh] PHP Deprecated:  QRimage::png(): Optional parameter $filename declared before required parameter $fore_color is implicitly treated as a required parameter in D:\client1\vendor\phpqrcode\qrimage.php on line 30
[24-Aug-2026 19:21:27 Asia/Riyadh] PHP Deprecated:  QRimage::png(): Optional parameter $pixelPerPoint declared before required parameter $fore_color is implicitly treated as a required parameter in D:\client1\vendor\phpqrcode\qrimage.php on line 30
[24-Aug-2026 19:21:27 Asia/Riyadh] PHP Deprecated:  QRimage::png(): Optional parameter $outerFrame declared before required parameter $fore_color is implicitly treated as a required parameter in D:\client1\vendor\phpqrcode\qrimage.php on line 30
[24-Aug-2026 19:21:27 Asia/Riyadh] PHP Deprecated:  QRimage::png(): Optional parameter $saveandprint declared before required parameter $fore_color is implicitly treated as a required parameter in D:\client1\vendor\phpqrcode\qrimage.php on line 30
[24-Aug-2026 19:21:27 Asia/Riyadh] PHP Deprecated:  QRvect::svg(): Optional parameter $filename declared before required parameter $fore_color is implicitly treated as a required parameter in D:\client1\vendor\phpqrcode\qrvect.php on line 140
[24-Aug-2026 19:21:27 Asia/Riyadh] PHP Deprecated:  QRvect::svg(): Optional parameter $pixelPerPoint declared before required parameter $fore_color is implicitly treated as a required parameter in D:\client1\vendor\phpqrcode\qrvect.php on line 140
[24-Aug-2026 19:21:27 Asia/Riyadh] PHP Deprecated:  QRvect::svg(): Optional parameter $outerFrame declared before required parameter $fore_color is implicitly treated as a required parameter in D:\client1\vendor\phpqrcode\qrvect.php on line 140
[24-Aug-2026 19:21:27 Asia/Riyadh] PHP Deprecated:  QRvect::svg(): Optional parameter $saveandprint declared before required parameter $fore_color is implicitly treated as a required parameter in D:\client1\vendor\phpqrcode\qrvect.php on line 140
[24-Aug-2026 19:21:27 Asia/Riyadh] [QR LIB] Creation of dynamic property QRencode::$cmyk is deprecated
[24-Aug-2026 19:21:27 Asia/Riyadh] [QR LIB] Implicit conversion from float 0.2 to int loses precision
[24-Aug-2026 19:21:27 Asia/Riyadh] [QR LIB] Implicit conversion from float 0.4 to int loses precision
[24-Aug-2026 19:21:27 Asia/Riyadh] [QR LIB] Implicit conversion from float 0.6 to int loses precision
[24-Aug-2026 19:21:27 Asia/Riyadh] [QR LIB] Implicit conversion from float 0.8 to int loses precision
[24-Aug-2026 19:21:27 Asia/Riyadh] [QR LIB] Implicit conversion from float 1.2 to int loses precision
[24-Aug-2026 19:21:27 Asia/Riyadh] [QR LIB] Implicit conversion from float 1.4 to int loses precision
[24-Aug-2026 19:21:27 Asia/Riyadh] [QR LIB] Implicit conversion from float 1.6 to int loses precision
[24-Aug-2026 19:21:27 Asia/Riyadh] [QR LIB] Implicit conversion from float 1.8 to int loses precision
[24-Aug-2026 19:21:28 Asia/Riyadh] [QR LIB] Implicit conversion from float 2.2 to int loses precision
[24-Aug-2026 19:21:28 Asia/Riyadh] [QR LIB] Implicit conversion from float 2.4 to int loses precision
[24-Aug-2026 19:21:28 Asia/Riyadh] [QR LIB] Implicit conversion from float 2.6 to int loses precision
[24-Aug-2026 19:21:28 Asia/Riyadh] [QR LIB] Implicit conversion from float 2.8 to int loses precision
[24-Aug-2026 19:21:28 Asia/Riyadh] [QR LIB] Implicit conversion from float 3.2 to int loses precision
[24-Aug-2026 19:21:28 Asia/Riyadh] [QR LIB] Implicit conversion from float 3.4 to int loses precision
[24-Aug-2026 19:21:28 Asia/Riyadh] [QR LIB] Implicit conversion from float 3.6 to int loses precision
[24-Aug-2026 19:21:28 Asia/Riyadh] [QR LIB] Implicit conversion from float 3.8 to int loses precision
[24-Aug-2026 19:21:28 Asia/Riyadh] [QR LIB] Implicit conversion from float 4.2 to int loses precision
[24-Aug-2026 19:21:28 Asia/Riyadh] [QR LIB] Implicit conversion from float 4.4 to int loses precision
[24-Aug-2026 19:21:28 Asia/Riyadh] [QR LIB] Implicit conversion from float 4.6 to int loses precision
[24-Aug-2026 19:21:28 Asia/Riyadh] [QR LIB] Implicit conversion from float 4.8 to int loses precision
[24-Aug-2026 19:21:28 Asia/Riyadh] [QR LIB] Implicit conversion from float 5.2 to int loses precision
[24-Aug-2026 19:21:28 Asia/Riyadh] [QR LIB] Implicit conversion from float 5.4 to int loses precision
[24-Aug-2026 19:21:28 Asia/Riyadh] [QR LIB] Implicit conversion from float 5.6 to int loses precision
[24-Aug-2026 19:21:28 Asia/Riyadh] [QR LIB] Implicit conversion from float 5.8 to int loses precision
[24-Aug-2026 19:21:28 Asia/Riyadh] [QR LIB] Implicit conversion from float 6.2 to int loses precision
[24-Aug-2026 19:21:28 Asia/Riyadh] [QR LIB] Implicit conversion from float 6.4 to int loses precision
[24-Aug-2026 19:21:28 Asia/Riyadh] [QR LIB] Implicit conversion from float 6.6 to int loses precision
[24-Aug-2026 19:21:28 Asia/Riyadh] [QR LIB] Implicit conversion from float 6.8 to int loses precision
[24-Aug-2026 19:21:28 Asia/Riyadh] [QR LIB] Implicit conversion from float 7.2 to int loses precision
[24-Aug-2026 19:21:28 Asia/Riyadh] [QR LIB] Implicit conversion from float 7.4 to int loses precision
[24-Aug-2026 19:21:28 Asia/Riyadh] [QR LIB] Implicit conversion from float 7.6 to int loses precision
[24-Aug-2026 19:21:28 Asia/Riyadh] [QR LIB] Implicit conversion from float 7.8 to int loses precision
[24-Aug-2026 19:21:28 Asia/Riyadh] [QR LIB] Implicit conversion from float 8.2 to int loses precision
[24-Aug-2026 19:21:28 Asia/Riyadh] [QR LIB] Implicit conversion from float 8.4 to int loses precision
[24-Aug-2026 19:21:28 Asia/Riyadh] [QR LIB] Implicit conversion from float 8.6 to int loses precision
[24-Aug-2026 19:21:28 Asia/Riyadh] [QR LIB] Implicit conversion from float 8.8 to int loses precision
[24-Aug-2026 19:21:28 Asia/Riyadh] [QR LIB] Implicit conversion from float 9.2 to int loses precision
[24-Aug-2026 19:21:28 Asia/Riyadh] [QR LIB] Implicit conversion from float 9.4 to int loses precision
[24-Aug-2026 19:21:28 Asia/Riyadh] [QR LIB] Implicit conversion from float 9.6 to int loses precision
[24-Aug-2026 19:21:28 Asia/Riyadh] [QR LIB] Implicit conversion from float 9.8 to int loses precision
[24-Aug-2026 19:21:28 Asia/Riyadh] [QR LIB] Implicit conversion from float 10.2 to int loses precision
[24-Aug-2026 19:21:28 Asia/Riyadh] [QR LIB] Implicit conversion from float 10.4 to int loses precision
[24-Aug-2026 19:21:28 Asia/Riyadh] [QR LIB] Implicit conversion from float 10.6 to int loses precision
[24-Aug-2026 19:21:28 Asia/Riyadh] [QR LIB] Implicit conversion from float 10.8 to int loses precision
[24-Aug-2026 19:21:28 Asia/Riyadh] [QR LIB] Implicit conversion from float 11.2 to int loses precision
[24-Aug-2026 19:21:28 Asia/Riyadh] [QR LIB] Implicit conversion from float 11.4 to int loses precision
[24-Aug-2026 19:21:28 Asia/Riyadh] [QR LIB] Implicit conversion from float 11.6 to int loses precision
[24-Aug-2026 19:21:28 Asia/Riyadh] [QR LIB] Implicit conversion from float 11.8 to int loses precision
[24-Aug-2026 19:21:28 Asia/Riyadh] [QR LIB] Implicit conversion from float 12.2 to int loses precision
[24-Aug-2026 19:21:28 Asia/Riyadh] [QR LIB] Implicit conversion from float 12.4 to int loses precision
[24-Aug-2026 19:21:28 Asia/Riyadh] [QR LIB] Implicit conversion from float 12.6 to int loses precision
[24-Aug-2026 19:21:28 Asia/Riyadh] [QR LIB] Implicit conversion from float 12.8 to int loses precision
[24-Aug-2026 19:21:28 Asia/Riyadh] [QR LIB] Implicit conversion from float 0.2 to int loses precision
[24-Aug-2026 19:21:28 Asia/Riyadh] [QR LIB] Implicit conversion from float 0.4 to int loses precision
[24-Aug-2026 19:21:28 Asia/Riyadh] [QR LIB] Implicit conversion from float 0.6 to int loses precision
[24-Aug-2026 19:21:28 Asia/Riyadh] [QR LIB] Implicit conversion from float 0.8 to int loses precision
[24-Aug-2026 19:21:28 Asia/Riyadh] [QR LIB] Implicit conversion from float 1.2 to int loses precision
[24-Aug-2026 19:21:28 Asia/Riyadh] [QR LIB] Implicit conversion from float 1.4 to int loses precision
[24-Aug-2026 19:21:28 Asia/Riyadh] [QR LIB] Implicit conversion from float 1.6 to int loses precision
[24-Aug-2026 19:21:28 Asia/Riyadh] [QR LIB] Implicit conversion from float 1.8 to int loses precision
[24-Aug-2026 19:21:28 Asia/Riyadh] [QR LIB] Implicit conversion from float 2.2 to int loses precision
[24-Aug-2026 19:21:28 Asia/Riyadh] [QR LIB] Implicit conversion from float 2.4 to int loses precision
[24-Aug-2026 19:21:28 Asia/Riyadh] [QR LIB] Implicit conversion from float 2.6 to int loses precision
[24-Aug-2026 19:21:28 Asia/Riyadh] [QR LIB] Implicit conversion from float 2.8 to int loses precision
[24-Aug-2026 19:21:28 Asia/Riyadh] [QR LIB] Implicit conversion from float 3.2 to int loses precision
[24-Aug-2026 19:21:28 Asia/Riyadh] [QR LIB] Implicit conversion from float 3.4 to int loses precision
[24-Aug-2026 19:21:28 Asia/Riyadh] [QR LIB] Implicit conversion from float 3.6 to int loses precision
[24-Aug-2026 19:21:28 Asia/Riyadh] [QR LIB] Implicit conversion from float 3.8 to int loses precision
[24-Aug-2026 19:21:28 Asia/Riyadh] [QR LIB] Implicit conversion from float 4.2 to int loses precision
[24-Aug-2026 19:21:28 Asia/Riyadh] [QR LIB] Implicit conversion from float 4.4 to int loses precision
[24-Aug-2026 19:21:28 Asia/Riyadh] [QR LIB] Implicit conversion from float 4.6 to int loses precision
[24-Aug-2026 19:21:28 Asia/Riyadh] [QR LIB] Implicit conversion from float 4.8 to int loses precision
[24-Aug-2026 19:21:28 Asia/Riyadh] [QR LIB] Implicit conversion from float 5.2 to int loses precision
[24-Aug-2026 19:21:28 Asia/Riyadh] [QR LIB] Implicit conversion from float 5.4 to int loses precision
[24-Aug-2026 19:21:28 Asia/Riyadh] [QR LIB] Implicit conversion from float 5.6 to int loses precision
[24-Aug-2026 19:21:28 Asia/Riyadh] [QR LIB] Implicit conversion from float 5.8 to int loses precision
[24-Aug-2026 19:21:28 Asia/Riyadh] [QR LIB] Implicit conversion from float 6.2 to int loses precision
[24-Aug-2026 19:21:28 Asia/Riyadh] [QR LIB] Implicit conversion from float 6.4 to int loses precision
[24-Aug-2026 19:21:28 Asia/Riyadh] [QR LIB] Implicit conversion from float 6.6 to int loses precision
[24-Aug-2026 19:21:28 Asia/Riyadh] [QR LIB] Implicit conversion from float 6.8 to int loses precision
[24-Aug-2026 19:21:28 Asia/Riyadh] [QR LIB] Implicit conversion from float 7.2 to int loses precision
[24-Aug-2026 19:21:28 Asia/Riyadh] [QR LIB] Implicit conversion from float 7.4 to int loses precision
[24-Aug-2026 19:21:28 Asia/Riyadh] [QR LIB] Implicit conversion from float 7.6 to int loses precision
[24-Aug-2026 19:21:28 Asia/Riyadh] [QR LIB] Implicit conversion from float 7.8 to int loses precision
[24-Aug-2026 19:21:28 Asia/Riyadh] [QR LIB] Implicit conversion from float 8.2 to int loses precision
[24-Aug-2026 19:21:28 Asia/Riyadh] [QR LIB] Implicit conversion from float 8.4 to int loses precision
[24-Aug-2026 19:21:28 Asia/Riyadh] [QR LIB] Implicit conversion from float 8.6 to int loses precision
[24-Aug-2026 19:21:28 Asia/Riyadh] [QR LIB] Implicit conversion from float 8.8 to int loses precision
[24-Aug-2026 19:21:28 Asia/Riyadh] [QR LIB] Implicit conversion from float 9.2 to int loses precision
[24-Aug-2026 19:21:28 Asia/Riyadh] [QR LIB] Implicit conversion from float 9.4 to int loses precision
[24-Aug-2026 19:21:28 Asia/Riyadh] [QR LIB] Implicit conversion from float 9.6 to int loses precision
[24-Aug-2026 19:21:28 Asia/Riyadh] [QR LIB] Implicit conversion from float 9.8 to int loses precision
[24-Aug-2026 19:21:28 Asia/Riyadh] [QR LIB] Implicit conversion from float 10.2 to int loses precision
[24-Aug-2026 19:21:28 Asia/Riyadh] [QR LIB] Implicit conversion from float 10.4 to int loses precision
[24-Aug-2026 19:21:28 Asia/Riyadh] [QR LIB] Implicit conversion from float 10.6 to int loses precision
[24-Aug-2026 19:21:28 Asia/Riyadh] [QR LIB] Implicit conversion from float 10.8 to int loses precision
[24-Aug-2026 19:21:28 Asia/Riyadh] [QR LIB] Implicit conversion from float 11.2 to int loses precision
[24-Aug-2026 19:21:28 Asia/Riyadh] [QR LIB] Implicit conversion from float 11.4 to int loses precision
[24-Aug-2026 19:21:28 Asia/Riyadh] [QR LIB] Implicit conversion from float 11.6 to int loses precision
[24-Aug-2026 19:21:28 Asia/Riyadh] [QR LIB] Implicit conversion from float 11.8 to int loses precision
[24-Aug-2026 19:21:28 Asia/Riyadh] [QR LIB] Implicit conversion from float 12.2 to int loses precision
[24-Aug-2026 19:21:28 Asia/Riyadh] [QR LIB] Implicit conversion from float 12.4 to int loses precision
[24-Aug-2026 19:21:28 Asia/Riyadh] [QR LIB] Implicit conversion from float 12.6 to int loses precision
[24-Aug-2026 19:21:28 Asia/Riyadh] [QR LIB] Implicit conversion from float 12.8 to int loses precision
[24-Aug-2026 19:21:28 Asia/Riyadh] [QR LIB] Implicit conversion from float 13.2 to int loses precision
[24-Aug-2026 19:21:28 Asia/Riyadh] [QR LIB] Implicit conversion from float 13.4 to int loses precision
[24-Aug-2026 19:21:28 Asia/Riyadh] [QR LIB] Implicit conversion from float 13.6 to int loses precision
[24-Aug-2026 19:21:28 Asia/Riyadh] [QR LIB] Implicit conversion from float 13.8 to int loses precision
[24-Aug-2026 19:21:28 Asia/Riyadh] [QR LIB] Implicit conversion from float 14.2 to int loses precision
[24-Aug-2026 19:21:28 Asia/Riyadh] [QR LIB] Implicit conversion from float 14.4 to int loses precision
[24-Aug-2026 19:21:28 Asia/Riyadh] [QR LIB] Implicit conversion from float 14.6 to int loses precision
[24-Aug-2026 19:21:28 Asia/Riyadh] [QR LIB] Implicit conversion from float 14.8 to int loses precision
[24-Aug-2026 19:21:28 Asia/Riyadh] [QR LIB] Implicit conversion from float 15.2 to int loses precision
[24-Aug-2026 19:21:28 Asia/Riyadh] [QR LIB] Implicit conversion from float 15.4 to int loses precision
[24-Aug-2026 19:21:28 Asia/Riyadh] [QR LIB] Implicit conversion from float 15.6 to int loses precision
[24-Aug-2026 19:21:28 Asia/Riyadh] [QR LIB] Implicit conversion from float 15.8 to int loses precision
[24-Aug-2026 19:21:28 Asia/Riyadh] [QR LIB] Implicit conversion from float 16.2 to int loses precision
[24-Aug-2026 19:21:28 Asia/Riyadh] [QR LIB] Implicit conversion from float 16.4 to int loses precision
[24-Aug-2026 19:21:28 Asia/Riyadh] [QR LIB] Implicit conversion from float 16.6 to int loses precision
[24-Aug-2026 19:21:28 Asia/Riyadh] [QR LIB] Implicit conversion from float 16.8 to int loses precision
[24-Aug-2026 19:21:28 Asia/Riyadh] [QR LIB] Implicit conversion from float 17.2 to int loses precision
[24-Aug-2026 19:21:28 Asia/Riyadh] [QR LIB] Implicit conversion from float 17.4 to int loses precision
[24-Aug-2026 19:21:28 Asia/Riyadh] [QR LIB] Implicit conversion from float 17.6 to int loses precision
[24-Aug-2026 19:21:28 Asia/Riyadh] [QR LIB] Implicit conversion from float 17.8 to int loses precision
[24-Aug-2026 19:21:28 Asia/Riyadh] [QR LIB] Implicit conversion from float 18.2 to int loses precision
[24-Aug-2026 19:21:28 Asia/Riyadh] [QR LIB] Implicit conversion from float 18.4 to int loses precision
[24-Aug-2026 19:21:28 Asia/Riyadh] [QR LIB] Implicit conversion from float 18.6 to int loses precision
[24-Aug-2026 19:21:28 Asia/Riyadh] [QR LIB] Implicit conversion from float 18.8 to int loses precision
[24-Aug-2026 19:21:28 Asia/Riyadh] [QR LIB] Implicit conversion from float 19.2 to int loses precision
[24-Aug-2026 19:21:28 Asia/Riyadh] [QR LIB] Implicit conversion from float 19.4 to int loses precision
[24-Aug-2026 19:21:28 Asia/Riyadh] [QR LIB] Implicit conversion from float 19.6 to int loses precision
[24-Aug-2026 19:21:28 Asia/Riyadh] [QR LIB] Implicit conversion from float 19.8 to int loses precision
[24-Aug-2026 19:21:28 Asia/Riyadh] [QR LIB] Implicit conversion from float 20.2 to int loses precision
[24-Aug-2026 19:21:28 Asia/Riyadh] [QR LIB] Implicit conversion from float 20.4 to int loses precision
[24-Aug-2026 19:21:28 Asia/Riyadh] [QR LIB] Implicit conversion from float 20.6 to int loses precision
[24-Aug-2026 19:21:28 Asia/Riyadh] [QR LIB] Implicit conversion from float 20.8 to int loses precision
[24-Aug-2026 19:21:28 Asia/Riyadh] [QR LIB] Implicit conversion from float 21.2 to int loses precision
[24-Aug-2026 19:21:28 Asia/Riyadh] [QR LIB] Implicit conversion from float 21.4 to int loses precision
[24-Aug-2026 19:21:28 Asia/Riyadh] [QR LIB] Implicit conversion from float 21.6 to int loses precision
[24-Aug-2026 19:21:28 Asia/Riyadh] [QR LIB] Implicit conversion from float 21.8 to int loses precision
[24-Aug-2026 19:21:28 Asia/Riyadh] [QR LIB] Implicit conversion from float 22.2 to int loses precision
[24-Aug-2026 19:21:28 Asia/Riyadh] [QR LIB] Implicit conversion from float 22.4 to int loses precision
[24-Aug-2026 19:21:28 Asia/Riyadh] [QR LIB] Implicit conversion from float 22.6 to int loses precision
[24-Aug-2026 19:21:28 Asia/Riyadh] [QR LIB] Implicit conversion from float 22.8 to int loses precision
[24-Aug-2026 19:21:28 Asia/Riyadh] [QR LIB] Implicit conversion from float 23.2 to int loses precision
[24-Aug-2026 19:21:28 Asia/Riyadh] [QR LIB] Implicit conversion from float 23.4 to int loses precision
[24-Aug-2026 19:21:28 Asia/Riyadh] [QR LIB] Implicit conversion from float 23.6 to int loses precision
[24-Aug-2026 19:21:28 Asia/Riyadh] [QR LIB] Implicit conversion from float 23.8 to int loses precision
[24-Aug-2026 19:21:28 Asia/Riyadh] [QR LIB] Implicit conversion from float 24.2 to int loses precision
[24-Aug-2026 19:21:28 Asia/Riyadh] [QR LIB] Implicit conversion from float 24.4 to int loses precision
[24-Aug-2026 19:21:28 Asia/Riyadh] [QR LIB] Implicit conversion from float 24.6 to int loses precision
[24-Aug-2026 19:21:28 Asia/Riyadh] [QR LIB] Implicit conversion from float 24.8 to int loses precision
[24-Aug-2026 19:21:28 Asia/Riyadh] [QR LIB] Implicit conversion from float 25.2 to int loses precision
[24-Aug-2026 19:21:28 Asia/Riyadh] [QR LIB] Implicit conversion from float 25.4 to int loses precision
[24-Aug-2026 19:21:28 Asia/Riyadh] [QR LIB] Implicit conversion from float 25.6 to int loses precision
[24-Aug-2026 19:21:28 Asia/Riyadh] [QR LIB] Implicit conversion from float 25.8 to int loses precision
[24-Aug-2026 19:21:40 Asia/Riyadh] [REQ] sid=277b712dd1793779ca780b0abed5765e user=yes GET /admin/documents cookie=yes
[24-Aug-2026 19:21:40 Asia/Riyadh] [REQ] sid=277b712dd1793779ca780b0abed5765e user=yes POST /admin/documents/4/replace cookie=yes
[24-Aug-2026 19:21:50 Asia/Riyadh] [REQ] sid=277b712dd1793779ca780b0abed5765e user=yes GET /admin/documents cookie=yes
[24-Aug-2026 19:22:09 Asia/Riyadh] [REQ] sid=277b712dd1793779ca780b0abed5765e user=yes POST /admin/documents/4/replace cookie=yes
[24-Aug-2026 19:22:20 Asia/Riyadh] [REQ] sid=277b712dd1793779ca780b0abed5765e user=yes GET /admin/documents cookie=yes
[24-Aug-2026 19:22:20 Asia/Riyadh] [REQ] sid=277b712dd1793779ca780b0abed5765e user=yes POST /admin/documents/4/replace cookie=yes
[24-Aug-2026 19:22:37 Asia/Riyadh] [REQ] sid=277b712dd1793779ca780b0abed5765e user=yes GET /admin/documents cookie=yes
[24-Aug-2026 19:22:37 Asia/Riyadh] [REQ] sid=277b712dd1793779ca780b0abed5765e user=yes POST /admin/documents/4/activate cookie=yes
[24-Aug-2026 19:22:37 Asia/Riyadh] [REQ] sid=e4354a0c4ce538485fd3e7d30c649d67 user=no GET /verify/c7703b6f78a9015f9f6adedd2da58edf cookie=no
[24-Aug-2026 19:22:38 Asia/Riyadh] [REQ] sid=cb2f99d00b9f42ec55ecc110002b0315 user=no GET /verify/c7703b6f78a9015f9f6adedd2da58edf/download cookie=no
[24-Aug-2026 19:22:47 Asia/Riyadh] [REQ] sid=1e6bb33db0c1499ab7dfca2fabf7b21b user=no GET /verify/c7703b6f78a9015f9f6adedd2da58edf/download cookie=no
[24-Aug-2026 19:22:58 Asia/Riyadh] [REQ] sid=277b712dd1793779ca780b0abed5765e user=yes GET /admin/documents cookie=yes
[24-Aug-2026 19:22:58 Asia/Riyadh] [REQ] sid=277b712dd1793779ca780b0abed5765e user=yes POST /admin/documents/4/delete cookie=yes
[24-Aug-2026 19:23:19 Asia/Riyadh] [REQ] sid=1f7a912cd8cd321d289795a802e3ecd9 user=yes GET /admin/clients cookie=yes
[24-Aug-2026 19:23:21 Asia/Riyadh] [REQ] sid=1f7a912cd8cd321d289795a802e3ecd9 user=yes GET /admin cookie=yes
[24-Aug-2026 19:23:23 Asia/Riyadh] [REQ] sid=1f7a912cd8cd321d289795a802e3ecd9 user=yes GET /admin/clients cookie=yes
[24-Aug-2026 19:23:24 Asia/Riyadh] [REQ] sid=1f7a912cd8cd321d289795a802e3ecd9 user=yes GET /admin/clients/create cookie=yes
[24-Aug-2026 19:23:45 Asia/Riyadh] [REQ] sid=1f7a912cd8cd321d289795a802e3ecd9 user=yes POST /admin/clients/store cookie=yes
[24-Aug-2026 19:23:45 Asia/Riyadh] [REQ] sid=1f7a912cd8cd321d289795a802e3ecd9 user=yes GET /admin/clients cookie=yes
[24-Aug-2026 19:23:48 Asia/Riyadh] [REQ] sid=1f7a912cd8cd321d289795a802e3ecd9 user=yes GET /admin/documents cookie=yes
[24-Aug-2026 19:23:50 Asia/Riyadh] [REQ] sid=1f7a912cd8cd321d289795a802e3ecd9 user=yes GET /admin/clients cookie=yes
[24-Aug-2026 19:23:52 Asia/Riyadh] [REQ] sid=1f7a912cd8cd321d289795a802e3ecd9 user=yes GET /admin/clients/3/documents cookie=yes
[24-Aug-2026 19:23:54 Asia/Riyadh] [REQ] sid=1f7a912cd8cd321d289795a802e3ecd9 user=yes GET /admin/documents/upload?client_id=3 cookie=yes
[24-Aug-2026 19:24:05 Asia/Riyadh] [REQ] sid=1f7a912cd8cd321d289795a802e3ecd9 user=yes POST /admin/documents/store cookie=yes
[24-Aug-2026 19:24:05 Asia/Riyadh] PHP Deprecated:  QRimage::png(): Optional parameter $filename declared before required parameter $fore_color is implicitly treated as a required parameter in D:\client1\vendor\phpqrcode\qrimage.php on line 30
[24-Aug-2026 19:24:05 Asia/Riyadh] PHP Deprecated:  QRimage::png(): Optional parameter $pixelPerPoint declared before required parameter $fore_color is implicitly treated as a required parameter in D:\client1\vendor\phpqrcode\qrimage.php on line 30
[24-Aug-2026 19:24:05 Asia/Riyadh] PHP Deprecated:  QRimage::png(): Optional parameter $outerFrame declared before required parameter $fore_color is implicitly treated as a required parameter in D:\client1\vendor\phpqrcode\qrimage.php on line 30
[24-Aug-2026 19:24:06 Asia/Riyadh] PHP Deprecated:  QRimage::png(): Optional parameter $saveandprint declared before required parameter $fore_color is implicitly treated as a required parameter in D:\client1\vendor\phpqrcode\qrimage.php on line 30
[24-Aug-2026 19:24:06 Asia/Riyadh] PHP Deprecated:  QRvect::svg(): Optional parameter $filename declared before required parameter $fore_color is implicitly treated as a required parameter in D:\client1\vendor\phpqrcode\qrvect.php on line 140
[24-Aug-2026 19:24:06 Asia/Riyadh] PHP Deprecated:  QRvect::svg(): Optional parameter $pixelPerPoint declared before required parameter $fore_color is implicitly treated as a required parameter in D:\client1\vendor\phpqrcode\qrvect.php on line 140
[24-Aug-2026 19:24:06 Asia/Riyadh] PHP Deprecated:  QRvect::svg(): Optional parameter $outerFrame declared before required parameter $fore_color is implicitly treated as a required parameter in D:\client1\vendor\phpqrcode\qrvect.php on line 140
[24-Aug-2026 19:24:06 Asia/Riyadh] PHP Deprecated:  QRvect::svg(): Optional parameter $saveandprint declared before required parameter $fore_color is implicitly treated as a required parameter in D:\client1\vendor\phpqrcode\qrvect.php on line 140
[24-Aug-2026 19:24:06 Asia/Riyadh] [QR LIB] Creation of dynamic property QRencode::$cmyk is deprecated
[24-Aug-2026 19:24:06 Asia/Riyadh] [QR LIB] Implicit conversion from float 0.25 to int loses precision
[24-Aug-2026 19:24:06 Asia/Riyadh] [QR LIB] Implicit conversion from float 0.5 to int loses precision
[24-Aug-2026 19:24:06 Asia/Riyadh] [QR LIB] Implicit conversion from float 0.75 to int loses precision
[24-Aug-2026 19:24:06 Asia/Riyadh] [QR LIB] Implicit conversion from float 1.25 to int loses precision
[24-Aug-2026 19:24:06 Asia/Riyadh] [QR LIB] Implicit conversion from float 1.5 to int loses precision
[24-Aug-2026 19:24:06 Asia/Riyadh] [QR LIB] Implicit conversion from float 1.75 to int loses precision
[24-Aug-2026 19:24:06 Asia/Riyadh] [QR LIB] Implicit conversion from float 2.25 to int loses precision
[24-Aug-2026 19:24:06 Asia/Riyadh] [QR LIB] Implicit conversion from float 2.5 to int loses precision
[24-Aug-2026 19:24:06 Asia/Riyadh] [QR LIB] Implicit conversion from float 2.75 to int loses precision
[24-Aug-2026 19:24:06 Asia/Riyadh] [QR LIB] Implicit conversion from float 3.25 to int loses precision
[24-Aug-2026 19:24:06 Asia/Riyadh] [QR LIB] Implicit conversion from float 3.5 to int loses precision
[24-Aug-2026 19:24:06 Asia/Riyadh] [QR LIB] Implicit conversion from float 3.75 to int loses precision
[24-Aug-2026 19:24:06 Asia/Riyadh] [QR LIB] Implicit conversion from float 4.25 to int loses precision
[24-Aug-2026 19:24:06 Asia/Riyadh] [QR LIB] Implicit conversion from float 4.5 to int loses precision
[24-Aug-2026 19:24:06 Asia/Riyadh] [QR LIB] Implicit conversion from float 4.75 to int loses precision
[24-Aug-2026 19:24:06 Asia/Riyadh] [QR LIB] Implicit conversion from float 5.25 to int loses precision
[24-Aug-2026 19:24:06 Asia/Riyadh] [QR LIB] Implicit conversion from float 5.5 to int loses precision
[24-Aug-2026 19:24:06 Asia/Riyadh] [QR LIB] Implicit conversion from float 5.75 to int loses precision
[24-Aug-2026 19:24:06 Asia/Riyadh] [QR LIB] Implicit conversion from float 6.25 to int loses precision
[24-Aug-2026 19:24:06 Asia/Riyadh] [QR LIB] Implicit conversion from float 6.5 to int loses precision
[24-Aug-2026 19:24:06 Asia/Riyadh] [QR LIB] Implicit conversion from float 6.75 to int loses precision
[24-Aug-2026 19:24:06 Asia/Riyadh] [QR LIB] Implicit conversion from float 7.25 to int loses precision
[24-Aug-2026 19:24:06 Asia/Riyadh] [QR LIB] Implicit conversion from float 7.5 to int loses precision
[24-Aug-2026 19:24:06 Asia/Riyadh] [QR LIB] Implicit conversion from float 7.75 to int loses precision
[24-Aug-2026 19:24:06 Asia/Riyadh] [QR LIB] Implicit conversion from float 8.25 to int loses precision
[24-Aug-2026 19:24:06 Asia/Riyadh] [QR LIB] Implicit conversion from float 8.5 to int loses precision
[24-Aug-2026 19:24:06 Asia/Riyadh] [QR LIB] Implicit conversion from float 8.75 to int loses precision
[24-Aug-2026 19:24:06 Asia/Riyadh] [QR LIB] Implicit conversion from float 9.25 to int loses precision
[24-Aug-2026 19:24:06 Asia/Riyadh] [QR LIB] Implicit conversion from float 9.5 to int loses precision
[24-Aug-2026 19:24:06 Asia/Riyadh] [QR LIB] Implicit conversion from float 9.75 to int loses precision
[24-Aug-2026 19:24:06 Asia/Riyadh] [QR LIB] Implicit conversion from float 10.25 to int loses precision
[24-Aug-2026 19:24:06 Asia/Riyadh] [QR LIB] Implicit conversion from float 10.5 to int loses precision
[24-Aug-2026 19:24:06 Asia/Riyadh] [QR LIB] Implicit conversion from float 10.75 to int loses precision
[24-Aug-2026 19:24:06 Asia/Riyadh] [QR LIB] Implicit conversion from float 11.25 to int loses precision
[24-Aug-2026 19:24:06 Asia/Riyadh] [QR LIB] Implicit conversion from float 11.5 to int loses precision
[24-Aug-2026 19:24:06 Asia/Riyadh] [QR LIB] Implicit conversion from float 11.75 to int loses precision
[24-Aug-2026 19:24:06 Asia/Riyadh] [QR LIB] Implicit conversion from float 12.25 to int loses precision
[24-Aug-2026 19:24:06 Asia/Riyadh] [QR LIB] Implicit conversion from float 12.5 to int loses precision
[24-Aug-2026 19:24:06 Asia/Riyadh] [QR LIB] Implicit conversion from float 12.75 to int loses precision
[24-Aug-2026 19:24:06 Asia/Riyadh] [QR LIB] Implicit conversion from float 13.25 to int loses precision
[24-Aug-2026 19:24:06 Asia/Riyadh] [QR LIB] Implicit conversion from float 13.5 to int loses precision
[24-Aug-2026 19:24:06 Asia/Riyadh] [QR LIB] Implicit conversion from float 13.75 to int loses precision
[24-Aug-2026 19:24:06 Asia/Riyadh] [QR LIB] Implicit conversion from float 14.25 to int loses precision
[24-Aug-2026 19:24:06 Asia/Riyadh] [QR LIB] Implicit conversion from float 14.5 to int loses precision
[24-Aug-2026 19:24:06 Asia/Riyadh] [QR LIB] Implicit conversion from float 14.75 to int loses precision
[24-Aug-2026 19:24:06 Asia/Riyadh] [QR LIB] Implicit conversion from float 0.25 to int loses precision
[24-Aug-2026 19:24:06 Asia/Riyadh] [QR LIB] Implicit conversion from float 0.5 to int loses precision
[24-Aug-2026 19:24:06 Asia/Riyadh] [QR LIB] Implicit conversion from float 0.75 to int loses precision
[24-Aug-2026 19:24:06 Asia/Riyadh] [QR LIB] Implicit conversion from float 1.25 to int loses precision
[24-Aug-2026 19:24:06 Asia/Riyadh] [QR LIB] Implicit conversion from float 1.5 to int loses precision
[24-Aug-2026 19:24:06 Asia/Riyadh] [QR LIB] Implicit conversion from float 1.75 to int loses precision
[24-Aug-2026 19:24:06 Asia/Riyadh] [QR LIB] Implicit conversion from float 2.25 to int loses precision
[24-Aug-2026 19:24:06 Asia/Riyadh] [QR LIB] Implicit conversion from float 2.5 to int loses precision
[24-Aug-2026 19:24:06 Asia/Riyadh] [QR LIB] Implicit conversion from float 2.75 to int loses precision
[24-Aug-2026 19:24:06 Asia/Riyadh] [QR LIB] Implicit conversion from float 3.25 to int loses precision
[24-Aug-2026 19:24:06 Asia/Riyadh] [QR LIB] Implicit conversion from float 3.5 to int loses precision
[24-Aug-2026 19:24:06 Asia/Riyadh] [QR LIB] Implicit conversion from float 3.75 to int loses precision
[24-Aug-2026 19:24:06 Asia/Riyadh] [QR LIB] Implicit conversion from float 4.25 to int loses precision
[24-Aug-2026 19:24:06 Asia/Riyadh] [QR LIB] Implicit conversion from float 4.5 to int loses precision
[24-Aug-2026 19:24:06 Asia/Riyadh] [QR LIB] Implicit conversion from float 4.75 to int loses precision
[24-Aug-2026 19:24:06 Asia/Riyadh] [QR LIB] Implicit conversion from float 5.25 to int loses precision
[24-Aug-2026 19:24:06 Asia/Riyadh] [QR LIB] Implicit conversion from float 5.5 to int loses precision
[24-Aug-2026 19:24:06 Asia/Riyadh] [QR LIB] Implicit conversion from float 5.75 to int loses precision
[24-Aug-2026 19:24:06 Asia/Riyadh] [QR LIB] Implicit conversion from float 6.25 to int loses precision
[24-Aug-2026 19:24:06 Asia/Riyadh] [QR LIB] Implicit conversion from float 6.5 to int loses precision
[24-Aug-2026 19:24:06 Asia/Riyadh] [QR LIB] Implicit conversion from float 6.75 to int loses precision
[24-Aug-2026 19:24:06 Asia/Riyadh] [QR LIB] Implicit conversion from float 7.25 to int loses precision
[24-Aug-2026 19:24:06 Asia/Riyadh] [QR LIB] Implicit conversion from float 7.5 to int loses precision
[24-Aug-2026 19:24:06 Asia/Riyadh] [QR LIB] Implicit conversion from float 7.75 to int loses precision
[24-Aug-2026 19:24:06 Asia/Riyadh] [QR LIB] Implicit conversion from float 8.25 to int loses precision
[24-Aug-2026 19:24:06 Asia/Riyadh] [QR LIB] Implicit conversion from float 8.5 to int loses precision
[24-Aug-2026 19:24:06 Asia/Riyadh] [QR LIB] Implicit conversion from float 8.75 to int loses precision
[24-Aug-2026 19:24:06 Asia/Riyadh] [QR LIB] Implicit conversion from float 9.25 to int loses precision
[24-Aug-2026 19:24:06 Asia/Riyadh] [QR LIB] Implicit conversion from float 9.5 to int loses precision
[24-Aug-2026 19:24:06 Asia/Riyadh] [QR LIB] Implicit conversion from float 9.75 to int loses precision
[24-Aug-2026 19:24:06 Asia/Riyadh] [QR LIB] Implicit conversion from float 10.25 to int loses precision
[24-Aug-2026 19:24:06 Asia/Riyadh] [QR LIB] Implicit conversion from float 10.5 to int loses precision
[24-Aug-2026 19:24:06 Asia/Riyadh] [QR LIB] Implicit conversion from float 10.75 to int loses precision
[24-Aug-2026 19:24:06 Asia/Riyadh] [QR LIB] Implicit conversion from float 11.25 to int loses precision
[24-Aug-2026 19:24:06 Asia/Riyadh] [QR LIB] Implicit conversion from float 11.5 to int loses precision
[24-Aug-2026 19:24:06 Asia/Riyadh] [QR LIB] Implicit conversion from float 11.75 to int loses precision
[24-Aug-2026 19:24:06 Asia/Riyadh] [QR LIB] Implicit conversion from float 12.25 to int loses precision
[24-Aug-2026 19:24:06 Asia/Riyadh] [QR LIB] Implicit conversion from float 12.5 to int loses precision
[24-Aug-2026 19:24:06 Asia/Riyadh] [QR LIB] Implicit conversion from float 12.75 to int loses precision
[24-Aug-2026 19:24:06 Asia/Riyadh] [QR LIB] Implicit conversion from float 13.25 to int loses precision
[24-Aug-2026 19:24:06 Asia/Riyadh] [QR LIB] Implicit conversion from float 13.5 to int loses precision
[24-Aug-2026 19:24:06 Asia/Riyadh] [QR LIB] Implicit conversion from float 13.75 to int loses precision
[24-Aug-2026 19:24:06 Asia/Riyadh] [QR LIB] Implicit conversion from float 14.25 to int loses precision
[24-Aug-2026 19:24:06 Asia/Riyadh] [QR LIB] Implicit conversion from float 14.5 to int loses precision
[24-Aug-2026 19:24:06 Asia/Riyadh] [QR LIB] Implicit conversion from float 14.75 to int loses precision
[24-Aug-2026 19:24:06 Asia/Riyadh] [QR LIB] Implicit conversion from float 15.25 to int loses precision
[24-Aug-2026 19:24:06 Asia/Riyadh] [QR LIB] Implicit conversion from float 15.5 to int loses precision
[24-Aug-2026 19:24:06 Asia/Riyadh] [QR LIB] Implicit conversion from float 15.75 to int loses precision
[24-Aug-2026 19:24:06 Asia/Riyadh] [QR LIB] Implicit conversion from float 16.25 to int loses precision
[24-Aug-2026 19:24:06 Asia/Riyadh] [QR LIB] Implicit conversion from float 16.5 to int loses precision
[24-Aug-2026 19:24:06 Asia/Riyadh] [QR LIB] Implicit conversion from float 16.75 to int loses precision
[24-Aug-2026 19:24:06 Asia/Riyadh] [QR LIB] Implicit conversion from float 17.25 to int loses precision
[24-Aug-2026 19:24:06 Asia/Riyadh] [QR LIB] Implicit conversion from float 17.5 to int loses precision
[24-Aug-2026 19:24:06 Asia/Riyadh] [QR LIB] Implicit conversion from float 17.75 to int loses precision
[24-Aug-2026 19:24:06 Asia/Riyadh] [QR LIB] Implicit conversion from float 18.25 to int loses precision
[24-Aug-2026 19:24:06 Asia/Riyadh] [QR LIB] Implicit conversion from float 18.5 to int loses precision
[24-Aug-2026 19:24:06 Asia/Riyadh] [QR LIB] Implicit conversion from float 18.75 to int loses precision
[24-Aug-2026 19:24:06 Asia/Riyadh] [QR LIB] Implicit conversion from float 19.25 to int loses precision
[24-Aug-2026 19:24:06 Asia/Riyadh] [QR LIB] Implicit conversion from float 19.5 to int loses precision
[24-Aug-2026 19:24:06 Asia/Riyadh] [QR LIB] Implicit conversion from float 19.75 to int loses precision
[24-Aug-2026 19:24:06 Asia/Riyadh] [QR LIB] Implicit conversion from float 20.25 to int loses precision
[24-Aug-2026 19:24:06 Asia/Riyadh] [QR LIB] Implicit conversion from float 20.5 to int loses precision
[24-Aug-2026 19:24:06 Asia/Riyadh] [QR LIB] Implicit conversion from float 20.75 to int loses precision
[24-Aug-2026 19:24:06 Asia/Riyadh] [QR LIB] Implicit conversion from float 21.25 to int loses precision
[24-Aug-2026 19:24:06 Asia/Riyadh] [QR LIB] Implicit conversion from float 21.5 to int loses precision
[24-Aug-2026 19:24:06 Asia/Riyadh] [QR LIB] Implicit conversion from float 21.75 to int loses precision
[24-Aug-2026 19:24:06 Asia/Riyadh] [QR LIB] Implicit conversion from float 22.25 to int loses precision
[24-Aug-2026 19:24:06 Asia/Riyadh] [QR LIB] Implicit conversion from float 22.5 to int loses precision
[24-Aug-2026 19:24:06 Asia/Riyadh] [QR LIB] Implicit conversion from float 22.75 to int loses precision
[24-Aug-2026 19:24:06 Asia/Riyadh] [QR LIB] Implicit conversion from float 23.25 to int loses precision
[24-Aug-2026 19:24:06 Asia/Riyadh] [QR LIB] Implicit conversion from float 23.5 to int loses precision
[24-Aug-2026 19:24:06 Asia/Riyadh] [QR LIB] Implicit conversion from float 23.75 to int loses precision
[24-Aug-2026 19:24:06 Asia/Riyadh] [QR LIB] Implicit conversion from float 24.25 to int loses precision
[24-Aug-2026 19:24:06 Asia/Riyadh] [QR LIB] Implicit conversion from float 24.5 to int loses precision
[24-Aug-2026 19:24:06 Asia/Riyadh] [QR LIB] Implicit conversion from float 24.75 to int loses precision
[24-Aug-2026 19:24:06 Asia/Riyadh] [QR LIB] Implicit conversion from float 25.25 to int loses precision
[24-Aug-2026 19:24:06 Asia/Riyadh] [QR LIB] Implicit conversion from float 25.5 to int loses precision
[24-Aug-2026 19:24:06 Asia/Riyadh] [QR LIB] Implicit conversion from float 25.75 to int loses precision
[24-Aug-2026 19:24:06 Asia/Riyadh] [QR LIB] Implicit conversion from float 26.25 to int loses precision
[24-Aug-2026 19:24:06 Asia/Riyadh] [QR LIB] Implicit conversion from float 26.5 to int loses precision
[24-Aug-2026 19:24:06 Asia/Riyadh] [QR LIB] Implicit conversion from float 26.75 to int loses precision
[24-Aug-2026 19:24:06 Asia/Riyadh] [QR LIB] Implicit conversion from float 27.25 to int loses precision
[24-Aug-2026 19:24:06 Asia/Riyadh] [QR LIB] Implicit conversion from float 27.5 to int loses precision
[24-Aug-2026 19:24:06 Asia/Riyadh] [QR LIB] Implicit conversion from float 27.75 to int loses precision
[24-Aug-2026 19:24:06 Asia/Riyadh] [REQ] sid=1f7a912cd8cd321d289795a802e3ecd9 user=yes GET /admin/documents cookie=yes
[24-Aug-2026 19:24:16 Asia/Riyadh] [REQ] sid=1f7a912cd8cd321d289795a802e3ecd9 user=yes POST /admin/documents/5/activate cookie=yes
[24-Aug-2026 19:24:16 Asia/Riyadh] [REQ] sid=1f7a912cd8cd321d289795a802e3ecd9 user=yes GET /admin/documents cookie=yes
[24-Aug-2026 19:24:19 Asia/Riyadh] [REQ] sid=1f7a912cd8cd321d289795a802e3ecd9 user=yes GET /admin/documents/5/qr cookie=yes
[24-Aug-2026 19:24:20 Asia/Riyadh] [REQ] sid=1f7a912cd8cd321d289795a802e3ecd9 user=yes GET /admin/documents/5/qr/image cookie=yes
[24-Aug-2026 19:24:22 Asia/Riyadh] [REQ] sid=1f7a912cd8cd321d289795a802e3ecd9 user=yes GET /admin/documents/5/qr/download cookie=yes
[24-Aug-2026 19:25:56 Asia/Riyadh] [REQ] sid=1f7a912cd8cd321d289795a802e3ecd9 user=yes GET /admin/documents/5/qr cookie=yes
[24-Aug-2026 19:25:56 Asia/Riyadh] [REQ] sid=1f7a912cd8cd321d289795a802e3ecd9 user=yes GET /admin/documents/5/qr/image cookie=yes
[24-Aug-2026 19:25:59 Asia/Riyadh] [REQ] sid=1f7a912cd8cd321d289795a802e3ecd9 user=yes GET /verify/fedccd7b626cfaa6dd8d1ec9c501426c cookie=yes
[24-Aug-2026 19:25:59 Asia/Riyadh] [REQ] sid=1f7a912cd8cd321d289795a802e3ecd9 user=yes GET /verify/fedccd7b626cfaa6dd8d1ec9c501426c/file cookie=yes
[24-Aug-2026 19:26:05 Asia/Riyadh] [REQ] sid=1f7a912cd8cd321d289795a802e3ecd9 user=yes GET /admin/documents cookie=yes
[24-Aug-2026 19:27:18 Asia/Riyadh] [REQ] sid=1f7a912cd8cd321d289795a802e3ecd9 user=yes GET /admin/documents/5/viewer cookie=yes
[24-Aug-2026 19:27:18 Asia/Riyadh] [REQ] sid=1f7a912cd8cd321d289795a802e3ecd9 user=yes GET /admin/documents/5/view cookie=yes
[24-Aug-2026 19:27:25 Asia/Riyadh] [REQ] sid=1f7a912cd8cd321d289795a802e3ecd9 user=yes GET /admin/documents cookie=yes
[24-Aug-2026 19:29:07 Asia/Riyadh] [REQ] sid=328e0259e1eeb219d4203ae9a1cdc2aa user=no GET /login cookie=no
[24-Aug-2026 19:29:08 Asia/Riyadh] [REQ] sid=328e0259e1eeb219d4203ae9a1cdc2aa user=no POST /login cookie=yes
[24-Aug-2026 19:29:08 Asia/Riyadh] [REQ] sid=0490bf55d0bb173975a05b559d60da2f user=yes GET /admin/documents/upload cookie=yes
[24-Aug-2026 19:29:08 Asia/Riyadh] [REQ] sid=0490bf55d0bb173975a05b559d60da2f user=yes POST /admin/documents/store cookie=yes
[24-Aug-2026 19:29:08 Asia/Riyadh] PHP Deprecated:  QRimage::png(): Optional parameter $filename declared before required parameter $fore_color is implicitly treated as a required parameter in D:\client1\vendor\phpqrcode\qrimage.php on line 30
[24-Aug-2026 19:29:08 Asia/Riyadh] PHP Deprecated:  QRimage::png(): Optional parameter $pixelPerPoint declared before required parameter $fore_color is implicitly treated as a required parameter in D:\client1\vendor\phpqrcode\qrimage.php on line 30
[24-Aug-2026 19:29:08 Asia/Riyadh] PHP Deprecated:  QRimage::png(): Optional parameter $outerFrame declared before required parameter $fore_color is implicitly treated as a required parameter in D:\client1\vendor\phpqrcode\qrimage.php on line 30
[24-Aug-2026 19:29:08 Asia/Riyadh] PHP Deprecated:  QRimage::png(): Optional parameter $saveandprint declared before required parameter $fore_color is implicitly treated as a required parameter in D:\client1\vendor\phpqrcode\qrimage.php on line 30
[24-Aug-2026 19:29:08 Asia/Riyadh] PHP Deprecated:  QRvect::svg(): Optional parameter $filename declared before required parameter $fore_color is implicitly treated as a required parameter in D:\client1\vendor\phpqrcode\qrvect.php on line 140
[24-Aug-2026 19:29:08 Asia/Riyadh] PHP Deprecated:  QRvect::svg(): Optional parameter $pixelPerPoint declared before required parameter $fore_color is implicitly treated as a required parameter in D:\client1\vendor\phpqrcode\qrvect.php on line 140
[24-Aug-2026 19:29:08 Asia/Riyadh] PHP Deprecated:  QRvect::svg(): Optional parameter $outerFrame declared before required parameter $fore_color is implicitly treated as a required parameter in D:\client1\vendor\phpqrcode\qrvect.php on line 140
[24-Aug-2026 19:29:08 Asia/Riyadh] PHP Deprecated:  QRvect::svg(): Optional parameter $saveandprint declared before required parameter $fore_color is implicitly treated as a required parameter in D:\client1\vendor\phpqrcode\qrvect.php on line 140
[24-Aug-2026 19:29:08 Asia/Riyadh] [QR LIB] Creation of dynamic property QRencode::$cmyk is deprecated
[24-Aug-2026 19:29:08 Asia/Riyadh] [QR LIB] Implicit conversion from float 0.2 to int loses precision
[24-Aug-2026 19:29:08 Asia/Riyadh] [QR LIB] Implicit conversion from float 0.4 to int loses precision
[24-Aug-2026 19:29:08 Asia/Riyadh] [QR LIB] Implicit conversion from float 0.6 to int loses precision
[24-Aug-2026 19:29:08 Asia/Riyadh] [QR LIB] Implicit conversion from float 0.8 to int loses precision
[24-Aug-2026 19:29:08 Asia/Riyadh] [QR LIB] Implicit conversion from float 1.2 to int loses precision
[24-Aug-2026 19:29:08 Asia/Riyadh] [QR LIB] Implicit conversion from float 1.4 to int loses precision
[24-Aug-2026 19:29:08 Asia/Riyadh] [QR LIB] Implicit conversion from float 1.6 to int loses precision
[24-Aug-2026 19:29:08 Asia/Riyadh] [QR LIB] Implicit conversion from float 1.8 to int loses precision
[24-Aug-2026 19:29:08 Asia/Riyadh] [QR LIB] Implicit conversion from float 2.2 to int loses precision
[24-Aug-2026 19:29:08 Asia/Riyadh] [QR LIB] Implicit conversion from float 2.4 to int loses precision
[24-Aug-2026 19:29:08 Asia/Riyadh] [QR LIB] Implicit conversion from float 2.6 to int loses precision
[24-Aug-2026 19:29:08 Asia/Riyadh] [QR LIB] Implicit conversion from float 2.8 to int loses precision
[24-Aug-2026 19:29:08 Asia/Riyadh] [QR LIB] Implicit conversion from float 3.2 to int loses precision
[24-Aug-2026 19:29:08 Asia/Riyadh] [QR LIB] Implicit conversion from float 3.4 to int loses precision
[24-Aug-2026 19:29:08 Asia/Riyadh] [QR LIB] Implicit conversion from float 3.6 to int loses precision
[24-Aug-2026 19:29:08 Asia/Riyadh] [QR LIB] Implicit conversion from float 3.8 to int loses precision
[24-Aug-2026 19:29:08 Asia/Riyadh] [QR LIB] Implicit conversion from float 4.2 to int loses precision
[24-Aug-2026 19:29:08 Asia/Riyadh] [QR LIB] Implicit conversion from float 4.4 to int loses precision
[24-Aug-2026 19:29:08 Asia/Riyadh] [QR LIB] Implicit conversion from float 4.6 to int loses precision
[24-Aug-2026 19:29:08 Asia/Riyadh] [QR LIB] Implicit conversion from float 4.8 to int loses precision
[24-Aug-2026 19:29:08 Asia/Riyadh] [QR LIB] Implicit conversion from float 5.2 to int loses precision
[24-Aug-2026 19:29:08 Asia/Riyadh] [QR LIB] Implicit conversion from float 5.4 to int loses precision
[24-Aug-2026 19:29:08 Asia/Riyadh] [QR LIB] Implicit conversion from float 5.6 to int loses precision
[24-Aug-2026 19:29:08 Asia/Riyadh] [QR LIB] Implicit conversion from float 5.8 to int loses precision
[24-Aug-2026 19:29:08 Asia/Riyadh] [QR LIB] Implicit conversion from float 6.2 to int loses precision
[24-Aug-2026 19:29:08 Asia/Riyadh] [QR LIB] Implicit conversion from float 6.4 to int loses precision
[24-Aug-2026 19:29:08 Asia/Riyadh] [QR LIB] Implicit conversion from float 6.6 to int loses precision
[24-Aug-2026 19:29:08 Asia/Riyadh] [QR LIB] Implicit conversion from float 6.8 to int loses precision
[24-Aug-2026 19:29:08 Asia/Riyadh] [QR LIB] Implicit conversion from float 7.2 to int loses precision
[24-Aug-2026 19:29:08 Asia/Riyadh] [QR LIB] Implicit conversion from float 7.4 to int loses precision
[24-Aug-2026 19:29:08 Asia/Riyadh] [QR LIB] Implicit conversion from float 7.6 to int loses precision
[24-Aug-2026 19:29:08 Asia/Riyadh] [QR LIB] Implicit conversion from float 7.8 to int loses precision
[24-Aug-2026 19:29:08 Asia/Riyadh] [QR LIB] Implicit conversion from float 8.2 to int loses precision
[24-Aug-2026 19:29:08 Asia/Riyadh] [QR LIB] Implicit conversion from float 8.4 to int loses precision
[24-Aug-2026 19:29:08 Asia/Riyadh] [QR LIB] Implicit conversion from float 8.6 to int loses precision
[24-Aug-2026 19:29:08 Asia/Riyadh] [QR LIB] Implicit conversion from float 8.8 to int loses precision
[24-Aug-2026 19:29:08 Asia/Riyadh] [QR LIB] Implicit conversion from float 9.2 to int loses precision
[24-Aug-2026 19:29:08 Asia/Riyadh] [QR LIB] Implicit conversion from float 9.4 to int loses precision
[24-Aug-2026 19:29:08 Asia/Riyadh] [QR LIB] Implicit conversion from float 9.6 to int loses precision
[24-Aug-2026 19:29:08 Asia/Riyadh] [QR LIB] Implicit conversion from float 9.8 to int loses precision
[24-Aug-2026 19:29:08 Asia/Riyadh] [QR LIB] Implicit conversion from float 10.2 to int loses precision
[24-Aug-2026 19:29:08 Asia/Riyadh] [QR LIB] Implicit conversion from float 10.4 to int loses precision
[24-Aug-2026 19:29:08 Asia/Riyadh] [QR LIB] Implicit conversion from float 10.6 to int loses precision
[24-Aug-2026 19:29:08 Asia/Riyadh] [QR LIB] Implicit conversion from float 10.8 to int loses precision
[24-Aug-2026 19:29:08 Asia/Riyadh] [QR LIB] Implicit conversion from float 11.2 to int loses precision
[24-Aug-2026 19:29:08 Asia/Riyadh] [QR LIB] Implicit conversion from float 11.4 to int loses precision
[24-Aug-2026 19:29:08 Asia/Riyadh] [QR LIB] Implicit conversion from float 11.6 to int loses precision
[24-Aug-2026 19:29:08 Asia/Riyadh] [QR LIB] Implicit conversion from float 11.8 to int loses precision
[24-Aug-2026 19:29:08 Asia/Riyadh] [QR LIB] Implicit conversion from float 12.2 to int loses precision
[24-Aug-2026 19:29:08 Asia/Riyadh] [QR LIB] Implicit conversion from float 12.4 to int loses precision
[24-Aug-2026 19:29:08 Asia/Riyadh] [QR LIB] Implicit conversion from float 12.6 to int loses precision
[24-Aug-2026 19:29:08 Asia/Riyadh] [QR LIB] Implicit conversion from float 12.8 to int loses precision
[24-Aug-2026 19:29:08 Asia/Riyadh] [QR LIB] Implicit conversion from float 0.2 to int loses precision
[24-Aug-2026 19:29:08 Asia/Riyadh] [QR LIB] Implicit conversion from float 0.4 to int loses precision
[24-Aug-2026 19:29:08 Asia/Riyadh] [QR LIB] Implicit conversion from float 0.6 to int loses precision
[24-Aug-2026 19:29:08 Asia/Riyadh] [QR LIB] Implicit conversion from float 0.8 to int loses precision
[24-Aug-2026 19:29:08 Asia/Riyadh] [QR LIB] Implicit conversion from float 1.2 to int loses precision
[24-Aug-2026 19:29:08 Asia/Riyadh] [QR LIB] Implicit conversion from float 1.4 to int loses precision
[24-Aug-2026 19:29:08 Asia/Riyadh] [QR LIB] Implicit conversion from float 1.6 to int loses precision
[24-Aug-2026 19:29:08 Asia/Riyadh] [QR LIB] Implicit conversion from float 1.8 to int loses precision
[24-Aug-2026 19:29:08 Asia/Riyadh] [QR LIB] Implicit conversion from float 2.2 to int loses precision
[24-Aug-2026 19:29:08 Asia/Riyadh] [QR LIB] Implicit conversion from float 2.4 to int loses precision
[24-Aug-2026 19:29:08 Asia/Riyadh] [QR LIB] Implicit conversion from float 2.6 to int loses precision
[24-Aug-2026 19:29:08 Asia/Riyadh] [QR LIB] Implicit conversion from float 2.8 to int loses precision
[24-Aug-2026 19:29:08 Asia/Riyadh] [QR LIB] Implicit conversion from float 3.2 to int loses precision
[24-Aug-2026 19:29:08 Asia/Riyadh] [QR LIB] Implicit conversion from float 3.4 to int loses precision
[24-Aug-2026 19:29:08 Asia/Riyadh] [QR LIB] Implicit conversion from float 3.6 to int loses precision
[24-Aug-2026 19:29:08 Asia/Riyadh] [QR LIB] Implicit conversion from float 3.8 to int loses precision
[24-Aug-2026 19:29:08 Asia/Riyadh] [QR LIB] Implicit conversion from float 4.2 to int loses precision
[24-Aug-2026 19:29:08 Asia/Riyadh] [QR LIB] Implicit conversion from float 4.4 to int loses precision
[24-Aug-2026 19:29:08 Asia/Riyadh] [QR LIB] Implicit conversion from float 4.6 to int loses precision
[24-Aug-2026 19:29:08 Asia/Riyadh] [QR LIB] Implicit conversion from float 4.8 to int loses precision
[24-Aug-2026 19:29:08 Asia/Riyadh] [QR LIB] Implicit conversion from float 5.2 to int loses precision
[24-Aug-2026 19:29:08 Asia/Riyadh] [QR LIB] Implicit conversion from float 5.4 to int loses precision
[24-Aug-2026 19:29:08 Asia/Riyadh] [QR LIB] Implicit conversion from float 5.6 to int loses precision
[24-Aug-2026 19:29:08 Asia/Riyadh] [QR LIB] Implicit conversion from float 5.8 to int loses precision
[24-Aug-2026 19:29:08 Asia/Riyadh] [QR LIB] Implicit conversion from float 6.2 to int loses precision
[24-Aug-2026 19:29:08 Asia/Riyadh] [QR LIB] Implicit conversion from float 6.4 to int loses precision
[24-Aug-2026 19:29:08 Asia/Riyadh] [QR LIB] Implicit conversion from float 6.6 to int loses precision
[24-Aug-2026 19:29:08 Asia/Riyadh] [QR LIB] Implicit conversion from float 6.8 to int loses precision
[24-Aug-2026 19:29:08 Asia/Riyadh] [QR LIB] Implicit conversion from float 7.2 to int loses precision
[24-Aug-2026 19:29:09 Asia/Riyadh] [QR LIB] Implicit conversion from float 7.4 to int loses precision
[24-Aug-2026 19:29:09 Asia/Riyadh] [QR LIB] Implicit conversion from float 7.6 to int loses precision
[24-Aug-2026 19:29:09 Asia/Riyadh] [QR LIB] Implicit conversion from float 7.8 to int loses precision
[24-Aug-2026 19:29:09 Asia/Riyadh] [QR LIB] Implicit conversion from float 8.2 to int loses precision
[24-Aug-2026 19:29:09 Asia/Riyadh] [QR LIB] Implicit conversion from float 8.4 to int loses precision
[24-Aug-2026 19:29:09 Asia/Riyadh] [QR LIB] Implicit conversion from float 8.6 to int loses precision
[24-Aug-2026 19:29:09 Asia/Riyadh] [QR LIB] Implicit conversion from float 8.8 to int loses precision
[24-Aug-2026 19:29:09 Asia/Riyadh] [QR LIB] Implicit conversion from float 9.2 to int loses precision
[24-Aug-2026 19:29:09 Asia/Riyadh] [QR LIB] Implicit conversion from float 9.4 to int loses precision
[24-Aug-2026 19:29:09 Asia/Riyadh] [QR LIB] Implicit conversion from float 9.6 to int loses precision
[24-Aug-2026 19:29:09 Asia/Riyadh] [QR LIB] Implicit conversion from float 9.8 to int loses precision
[24-Aug-2026 19:29:09 Asia/Riyadh] [QR LIB] Implicit conversion from float 10.2 to int loses precision
[24-Aug-2026 19:29:09 Asia/Riyadh] [QR LIB] Implicit conversion from float 10.4 to int loses precision
[24-Aug-2026 19:29:09 Asia/Riyadh] [QR LIB] Implicit conversion from float 10.6 to int loses precision
[24-Aug-2026 19:29:09 Asia/Riyadh] [QR LIB] Implicit conversion from float 10.8 to int loses precision
[24-Aug-2026 19:29:09 Asia/Riyadh] [QR LIB] Implicit conversion from float 11.2 to int loses precision
[24-Aug-2026 19:29:09 Asia/Riyadh] [QR LIB] Implicit conversion from float 11.4 to int loses precision
[24-Aug-2026 19:29:09 Asia/Riyadh] [QR LIB] Implicit conversion from float 11.6 to int loses precision
[24-Aug-2026 19:29:09 Asia/Riyadh] [QR LIB] Implicit conversion from float 11.8 to int loses precision
[24-Aug-2026 19:29:09 Asia/Riyadh] [QR LIB] Implicit conversion from float 12.2 to int loses precision
[24-Aug-2026 19:29:09 Asia/Riyadh] [QR LIB] Implicit conversion from float 12.4 to int loses precision
[24-Aug-2026 19:29:09 Asia/Riyadh] [QR LIB] Implicit conversion from float 12.6 to int loses precision
[24-Aug-2026 19:29:09 Asia/Riyadh] [QR LIB] Implicit conversion from float 12.8 to int loses precision
[24-Aug-2026 19:29:09 Asia/Riyadh] [QR LIB] Implicit conversion from float 13.2 to int loses precision
[24-Aug-2026 19:29:09 Asia/Riyadh] [QR LIB] Implicit conversion from float 13.4 to int loses precision
[24-Aug-2026 19:29:09 Asia/Riyadh] [QR LIB] Implicit conversion from float 13.6 to int loses precision
[24-Aug-2026 19:29:09 Asia/Riyadh] [QR LIB] Implicit conversion from float 13.8 to int loses precision
[24-Aug-2026 19:29:09 Asia/Riyadh] [QR LIB] Implicit conversion from float 14.2 to int loses precision
[24-Aug-2026 19:29:09 Asia/Riyadh] [QR LIB] Implicit conversion from float 14.4 to int loses precision
[24-Aug-2026 19:29:09 Asia/Riyadh] [QR LIB] Implicit conversion from float 14.6 to int loses precision
[24-Aug-2026 19:29:09 Asia/Riyadh] [QR LIB] Implicit conversion from float 14.8 to int loses precision
[24-Aug-2026 19:29:09 Asia/Riyadh] [QR LIB] Implicit conversion from float 15.2 to int loses precision
[24-Aug-2026 19:29:09 Asia/Riyadh] [QR LIB] Implicit conversion from float 15.4 to int loses precision
[24-Aug-2026 19:29:09 Asia/Riyadh] [QR LIB] Implicit conversion from float 15.6 to int loses precision
[24-Aug-2026 19:29:09 Asia/Riyadh] [QR LIB] Implicit conversion from float 15.8 to int loses precision
[24-Aug-2026 19:29:09 Asia/Riyadh] [QR LIB] Implicit conversion from float 16.2 to int loses precision
[24-Aug-2026 19:29:09 Asia/Riyadh] [QR LIB] Implicit conversion from float 16.4 to int loses precision
[24-Aug-2026 19:29:09 Asia/Riyadh] [QR LIB] Implicit conversion from float 16.6 to int loses precision
[24-Aug-2026 19:29:09 Asia/Riyadh] [QR LIB] Implicit conversion from float 16.8 to int loses precision
[24-Aug-2026 19:29:09 Asia/Riyadh] [QR LIB] Implicit conversion from float 17.2 to int loses precision
[24-Aug-2026 19:29:09 Asia/Riyadh] [QR LIB] Implicit conversion from float 17.4 to int loses precision
[24-Aug-2026 19:29:09 Asia/Riyadh] [QR LIB] Implicit conversion from float 17.6 to int loses precision
[24-Aug-2026 19:29:09 Asia/Riyadh] [QR LIB] Implicit conversion from float 17.8 to int loses precision
[24-Aug-2026 19:29:09 Asia/Riyadh] [QR LIB] Implicit conversion from float 18.2 to int loses precision
[24-Aug-2026 19:29:09 Asia/Riyadh] [QR LIB] Implicit conversion from float 18.4 to int loses precision
[24-Aug-2026 19:29:09 Asia/Riyadh] [QR LIB] Implicit conversion from float 18.6 to int loses precision
[24-Aug-2026 19:29:09 Asia/Riyadh] [QR LIB] Implicit conversion from float 18.8 to int loses precision
[24-Aug-2026 19:29:09 Asia/Riyadh] [QR LIB] Implicit conversion from float 19.2 to int loses precision
[24-Aug-2026 19:29:09 Asia/Riyadh] [QR LIB] Implicit conversion from float 19.4 to int loses precision
[24-Aug-2026 19:29:09 Asia/Riyadh] [QR LIB] Implicit conversion from float 19.6 to int loses precision
[24-Aug-2026 19:29:09 Asia/Riyadh] [QR LIB] Implicit conversion from float 19.8 to int loses precision
[24-Aug-2026 19:29:09 Asia/Riyadh] [QR LIB] Implicit conversion from float 20.2 to int loses precision
[24-Aug-2026 19:29:09 Asia/Riyadh] [QR LIB] Implicit conversion from float 20.4 to int loses precision
[24-Aug-2026 19:29:09 Asia/Riyadh] [QR LIB] Implicit conversion from float 20.6 to int loses precision
[24-Aug-2026 19:29:09 Asia/Riyadh] [QR LIB] Implicit conversion from float 20.8 to int loses precision
[24-Aug-2026 19:29:09 Asia/Riyadh] [QR LIB] Implicit conversion from float 21.2 to int loses precision
[24-Aug-2026 19:29:09 Asia/Riyadh] [QR LIB] Implicit conversion from float 21.4 to int loses precision
[24-Aug-2026 19:29:09 Asia/Riyadh] [QR LIB] Implicit conversion from float 21.6 to int loses precision
[24-Aug-2026 19:29:09 Asia/Riyadh] [QR LIB] Implicit conversion from float 21.8 to int loses precision
[24-Aug-2026 19:29:09 Asia/Riyadh] [QR LIB] Implicit conversion from float 22.2 to int loses precision
[24-Aug-2026 19:29:09 Asia/Riyadh] [QR LIB] Implicit conversion from float 22.4 to int loses precision
[24-Aug-2026 19:29:09 Asia/Riyadh] [QR LIB] Implicit conversion from float 22.6 to int loses precision
[24-Aug-2026 19:29:09 Asia/Riyadh] [QR LIB] Implicit conversion from float 22.8 to int loses precision
[24-Aug-2026 19:29:09 Asia/Riyadh] [QR LIB] Implicit conversion from float 23.2 to int loses precision
[24-Aug-2026 19:29:09 Asia/Riyadh] [QR LIB] Implicit conversion from float 23.4 to int loses precision
[24-Aug-2026 19:29:09 Asia/Riyadh] [QR LIB] Implicit conversion from float 23.6 to int loses precision
[24-Aug-2026 19:29:09 Asia/Riyadh] [QR LIB] Implicit conversion from float 23.8 to int loses precision
[24-Aug-2026 19:29:09 Asia/Riyadh] [QR LIB] Implicit conversion from float 24.2 to int loses precision
[24-Aug-2026 19:29:09 Asia/Riyadh] [QR LIB] Implicit conversion from float 24.4 to int loses precision
[24-Aug-2026 19:29:09 Asia/Riyadh] [QR LIB] Implicit conversion from float 24.6 to int loses precision
[24-Aug-2026 19:29:09 Asia/Riyadh] [QR LIB] Implicit conversion from float 24.8 to int loses precision
[24-Aug-2026 19:29:09 Asia/Riyadh] [QR LIB] Implicit conversion from float 25.2 to int loses precision
[24-Aug-2026 19:29:09 Asia/Riyadh] [QR LIB] Implicit conversion from float 25.4 to int loses precision
[24-Aug-2026 19:29:09 Asia/Riyadh] [QR LIB] Implicit conversion from float 25.6 to int loses precision
[24-Aug-2026 19:29:09 Asia/Riyadh] [QR LIB] Implicit conversion from float 25.8 to int loses precision
[24-Aug-2026 19:29:09 Asia/Riyadh] [REQ] sid=0490bf55d0bb173975a05b559d60da2f user=yes GET /admin/documents cookie=yes
[24-Aug-2026 19:29:09 Asia/Riyadh] [REQ] sid=0490bf55d0bb173975a05b559d60da2f user=yes POST /admin/documents/6/replace cookie=yes
[24-Aug-2026 19:29:09 Asia/Riyadh] [REQ] sid=0490bf55d0bb173975a05b559d60da2f user=yes GET /admin/documents cookie=yes
[24-Aug-2026 19:29:10 Asia/Riyadh] [REQ] sid=0490bf55d0bb173975a05b559d60da2f user=yes POST /admin/documents/6/delete cookie=yes
[24-Aug-2026 19:30:01 Asia/Riyadh] [REQ] sid=1f7a912cd8cd321d289795a802e3ecd9 user=yes GET /admin/documents cookie=yes
[24-Aug-2026 19:35:58 Asia/Riyadh] [REQ] sid=f01a7db7bab57bb93e19f790df71f3cb user=no GET /login cookie=no
[24-Aug-2026 19:36:28 Asia/Riyadh] [REQ] sid=09472cdb7aab16fef32a7b597d581dd3 user=no GET /login cookie=no
[24-Aug-2026 19:36:28 Asia/Riyadh] [REQ] sid=09472cdb7aab16fef32a7b597d581dd3 user=no POST /login cookie=yes
[24-Aug-2026 19:36:29 Asia/Riyadh] [REQ] sid=5f5d79a86e5b3577da9f0bcee2c25963 user=yes GET /admin/documents/5/download cookie=yes
[24-Aug-2026 19:36:29 Asia/Riyadh] [REQ] sid=5f5d79a86e5b3577da9f0bcee2c25963 user=yes GET /admin/documents cookie=yes
[24-Aug-2026 19:36:30 Asia/Riyadh] [REQ] sid=5f5d79a86e5b3577da9f0bcee2c25963 user=yes POST /admin/documents/5/replace cookie=yes
[24-Aug-2026 19:36:30 Asia/Riyadh] [REQ] sid=5f5d79a86e5b3577da9f0bcee2c25963 user=yes GET /admin/documents cookie=yes
[24-Aug-2026 19:36:56 Asia/Riyadh] [REQ] sid=5f5d79a86e5b3577da9f0bcee2c25963 user=yes GET /admin/documents cookie=yes
[24-Aug-2026 19:36:56 Asia/Riyadh] [REQ] sid=5f5d79a86e5b3577da9f0bcee2c25963 user=yes POST /admin/documents/5/replace cookie=yes
[24-Aug-2026 19:36:57 Asia/Riyadh] [REQ] sid=5f5d79a86e5b3577da9f0bcee2c25963 user=yes GET /admin/documents cookie=yes
[24-Aug-2026 19:37:19 Asia/Riyadh] [REQ] sid=1f7a912cd8cd321d289795a802e3ecd9 user=yes GET /admin/documents cookie=yes
[24-Aug-2026 19:37:31 Asia/Riyadh] [REQ] sid=1f7a912cd8cd321d289795a802e3ecd9 user=yes GET /admin/documents/5/qr cookie=yes
[24-Aug-2026 19:37:31 Asia/Riyadh] [REQ] sid=1f7a912cd8cd321d289795a802e3ecd9 user=yes GET /admin/documents/5/qr/image cookie=yes
[24-Aug-2026 19:37:34 Asia/Riyadh] [REQ] sid=1f7a912cd8cd321d289795a802e3ecd9 user=yes GET /verify/fedccd7b626cfaa6dd8d1ec9c501426c cookie=yes
[24-Aug-2026 19:37:34 Asia/Riyadh] [REQ] sid=1f7a912cd8cd321d289795a802e3ecd9 user=yes GET /verify/fedccd7b626cfaa6dd8d1ec9c501426c/file cookie=yes
[24-Aug-2026 19:37:48 Asia/Riyadh] [REQ] sid=1f7a912cd8cd321d289795a802e3ecd9 user=yes GET /admin/documents/5/qr cookie=yes
[24-Aug-2026 19:37:48 Asia/Riyadh] [REQ] sid=1f7a912cd8cd321d289795a802e3ecd9 user=yes GET /admin/documents/5/qr/image cookie=yes
[24-Aug-2026 19:37:50 Asia/Riyadh] [REQ] sid=1f7a912cd8cd321d289795a802e3ecd9 user=yes GET /admin/documents cookie=yes
[24-Aug-2026 19:38:02 Asia/Riyadh] [REQ] sid=1f7a912cd8cd321d289795a802e3ecd9 user=yes GET /admin/documents/5/qr cookie=yes
[24-Aug-2026 19:38:02 Asia/Riyadh] [REQ] sid=1f7a912cd8cd321d289795a802e3ecd9 user=yes GET /admin/documents/5/qr/image cookie=yes
[24-Aug-2026 19:38:04 Asia/Riyadh] [REQ] sid=1f7a912cd8cd321d289795a802e3ecd9 user=yes GET /verify/fedccd7b626cfaa6dd8d1ec9c501426c cookie=yes
[24-Aug-2026 19:38:05 Asia/Riyadh] [REQ] sid=1f7a912cd8cd321d289795a802e3ecd9 user=yes GET /verify/fedccd7b626cfaa6dd8d1ec9c501426c/file cookie=yes
[24-Aug-2026 19:38:19 Asia/Riyadh] [REQ] sid=1f7a912cd8cd321d289795a802e3ecd9 user=yes GET /admin/documents cookie=yes
[24-Aug-2026 19:43:09 Asia/Riyadh] [REQ] sid=78f2b48a053fdabb904e29077319f257 user=no GET /login cookie=no
[24-Aug-2026 19:43:09 Asia/Riyadh] [REQ] sid=78f2b48a053fdabb904e29077319f257 user=no POST /login cookie=yes
[24-Aug-2026 19:43:10 Asia/Riyadh] [REQ] sid=0686c2e7c053a6164c3032a1dab0eedc user=yes GET /admin/documents cookie=yes
[24-Aug-2026 19:43:37 Asia/Riyadh] [REQ] sid=1f7a912cd8cd321d289795a802e3ecd9 user=yes GET /admin/documents cookie=yes
[24-Aug-2026 19:43:43 Asia/Riyadh] [REQ] sid=1f7a912cd8cd321d289795a802e3ecd9 user=yes POST /admin/documents/5/replace cookie=yes
[24-Aug-2026 19:43:43 Asia/Riyadh] [REQ] sid=1f7a912cd8cd321d289795a802e3ecd9 user=yes GET /admin/documents cookie=yes
[24-Aug-2026 19:43:48 Asia/Riyadh] [REQ] sid=1f7a912cd8cd321d289795a802e3ecd9 user=yes GET /admin/documents/5/qr cookie=yes
[24-Aug-2026 19:43:48 Asia/Riyadh] [REQ] sid=1f7a912cd8cd321d289795a802e3ecd9 user=yes GET /admin/documents/5/qr/image cookie=yes
[24-Aug-2026 19:43:50 Asia/Riyadh] [REQ] sid=1f7a912cd8cd321d289795a802e3ecd9 user=yes GET /verify/fedccd7b626cfaa6dd8d1ec9c501426c cookie=yes
[24-Aug-2026 19:43:50 Asia/Riyadh] [REQ] sid=1f7a912cd8cd321d289795a802e3ecd9 user=yes GET /verify/fedccd7b626cfaa6dd8d1ec9c501426c/file cookie=yes
[24-Aug-2026 19:43:58 Asia/Riyadh] [REQ] sid=1f7a912cd8cd321d289795a802e3ecd9 user=yes GET /admin cookie=yes
[24-Aug-2026 19:44:00 Asia/Riyadh] [REQ] sid=1f7a912cd8cd321d289795a802e3ecd9 user=yes GET /admin/clients cookie=yes
[24-Aug-2026 19:44:05 Asia/Riyadh] [REQ] sid=1f7a912cd8cd321d289795a802e3ecd9 user=yes POST /admin/clients/3/delete cookie=yes
[24-Aug-2026 19:44:05 Asia/Riyadh] [REQ] sid=1f7a912cd8cd321d289795a802e3ecd9 user=yes GET /admin/clients cookie=yes
[24-Aug-2026 19:44:10 Asia/Riyadh] [REQ] sid=1f7a912cd8cd321d289795a802e3ecd9 user=yes GET /admin/documents cookie=yes
[24-Aug-2026 19:44:14 Asia/Riyadh] [REQ] sid=1f7a912cd8cd321d289795a802e3ecd9 user=yes POST /admin/documents/5/delete cookie=yes
[24-Aug-2026 19:44:14 Asia/Riyadh] [REQ] sid=1f7a912cd8cd321d289795a802e3ecd9 user=yes GET /admin/documents cookie=yes
[24-Aug-2026 19:52:11 Asia/Riyadh] [REQ] sid=1f7a912cd8cd321d289795a802e3ecd9 user=yes GET /admin cookie=yes
[24-Aug-2026 19:52:19 Asia/Riyadh] [REQ] sid=1f7a912cd8cd321d289795a802e3ecd9 user=yes GET /admin/clients cookie=yes
[24-Aug-2026 19:52:23 Asia/Riyadh] [REQ] sid=1f7a912cd8cd321d289795a802e3ecd9 user=yes GET /admin/documents cookie=yes
[24-Aug-2026 19:52:26 Asia/Riyadh] [REQ] sid=1f7a912cd8cd321d289795a802e3ecd9 user=yes GET /admin/clients cookie=yes
[24-Aug-2026 19:52:29 Asia/Riyadh] [REQ] sid=1f7a912cd8cd321d289795a802e3ecd9 user=yes POST /admin/clients/3/delete cookie=yes
[24-Aug-2026 19:52:29 Asia/Riyadh] [REQ] sid=1f7a912cd8cd321d289795a802e3ecd9 user=yes GET /admin/clients cookie=yes
[24-Aug-2026 19:52:31 Asia/Riyadh] [REQ] sid=1f7a912cd8cd321d289795a802e3ecd9 user=yes GET /admin/clients/create cookie=yes
[24-Aug-2026 19:53:34 Asia/Riyadh] [REQ] sid=1f7a912cd8cd321d289795a802e3ecd9 user=yes POST /admin/clients/store cookie=yes
[24-Aug-2026 19:53:34 Asia/Riyadh] [REQ] sid=1f7a912cd8cd321d289795a802e3ecd9 user=yes GET /admin/clients cookie=yes
[24-Aug-2026 19:53:46 Asia/Riyadh] [REQ] sid=1f7a912cd8cd321d289795a802e3ecd9 user=yes GET /admin/clients/4/documents cookie=yes
[24-Aug-2026 19:53:49 Asia/Riyadh] [REQ] sid=1f7a912cd8cd321d289795a802e3ecd9 user=yes GET /admin/clients cookie=yes
[24-Aug-2026 19:53:51 Asia/Riyadh] [REQ] sid=1f7a912cd8cd321d289795a802e3ecd9 user=yes GET /admin/clients/4/documents cookie=yes
[24-Aug-2026 19:53:53 Asia/Riyadh] [REQ] sid=1f7a912cd8cd321d289795a802e3ecd9 user=yes GET /admin/documents/upload?client_id=4 cookie=yes
[24-Aug-2026 19:54:17 Asia/Riyadh] [REQ] sid=1f7a912cd8cd321d289795a802e3ecd9 user=yes POST /admin/documents/store cookie=yes
[24-Aug-2026 19:54:17 Asia/Riyadh] PHP Deprecated:  QRimage::png(): Optional parameter $filename declared before required parameter $fore_color is implicitly treated as a required parameter in D:\client1\vendor\phpqrcode\qrimage.php on line 30
[24-Aug-2026 19:54:17 Asia/Riyadh] PHP Deprecated:  QRimage::png(): Optional parameter $pixelPerPoint declared before required parameter $fore_color is implicitly treated as a required parameter in D:\client1\vendor\phpqrcode\qrimage.php on line 30
[24-Aug-2026 19:54:17 Asia/Riyadh] PHP Deprecated:  QRimage::png(): Optional parameter $outerFrame declared before required parameter $fore_color is implicitly treated as a required parameter in D:\client1\vendor\phpqrcode\qrimage.php on line 30
[24-Aug-2026 19:54:17 Asia/Riyadh] PHP Deprecated:  QRimage::png(): Optional parameter $saveandprint declared before required parameter $fore_color is implicitly treated as a required parameter in D:\client1\vendor\phpqrcode\qrimage.php on line 30
[24-Aug-2026 19:54:17 Asia/Riyadh] PHP Deprecated:  QRvect::svg(): Optional parameter $filename declared before required parameter $fore_color is implicitly treated as a required parameter in D:\client1\vendor\phpqrcode\qrvect.php on line 140
[24-Aug-2026 19:54:17 Asia/Riyadh] PHP Deprecated:  QRvect::svg(): Optional parameter $pixelPerPoint declared before required parameter $fore_color is implicitly treated as a required parameter in D:\client1\vendor\phpqrcode\qrvect.php on line 140
[24-Aug-2026 19:54:17 Asia/Riyadh] PHP Deprecated:  QRvect::svg(): Optional parameter $outerFrame declared before required parameter $fore_color is implicitly treated as a required parameter in D:\client1\vendor\phpqrcode\qrvect.php on line 140
[24-Aug-2026 19:54:17 Asia/Riyadh] PHP Deprecated:  QRvect::svg(): Optional parameter $saveandprint declared before required parameter $fore_color is implicitly treated as a required parameter in D:\client1\vendor\phpqrcode\qrvect.php on line 140
[24-Aug-2026 19:54:17 Asia/Riyadh] [QR LIB] Creation of dynamic property QRencode::$cmyk is deprecated
[24-Aug-2026 19:54:17 Asia/Riyadh] [QR LIB] Implicit conversion from float 0.25 to int loses precision
[24-Aug-2026 19:54:17 Asia/Riyadh] [QR LIB] Implicit conversion from float 0.5 to int loses precision
[24-Aug-2026 19:54:17 Asia/Riyadh] [QR LIB] Implicit conversion from float 0.75 to int loses precision
[24-Aug-2026 19:54:17 Asia/Riyadh] [QR LIB] Implicit conversion from float 1.25 to int loses precision
[24-Aug-2026 19:54:17 Asia/Riyadh] [QR LIB] Implicit conversion from float 1.5 to int loses precision
[24-Aug-2026 19:54:17 Asia/Riyadh] [QR LIB] Implicit conversion from float 1.75 to int loses precision
[24-Aug-2026 19:54:17 Asia/Riyadh] [QR LIB] Implicit conversion from float 2.25 to int loses precision
[24-Aug-2026 19:54:17 Asia/Riyadh] [QR LIB] Implicit conversion from float 2.5 to int loses precision
[24-Aug-2026 19:54:17 Asia/Riyadh] [QR LIB] Implicit conversion from float 2.75 to int loses precision
[24-Aug-2026 19:54:17 Asia/Riyadh] [QR LIB] Implicit conversion from float 3.25 to int loses precision
[24-Aug-2026 19:54:17 Asia/Riyadh] [QR LIB] Implicit conversion from float 3.5 to int loses precision
[24-Aug-2026 19:54:17 Asia/Riyadh] [QR LIB] Implicit conversion from float 3.75 to int loses precision
[24-Aug-2026 19:54:17 Asia/Riyadh] [QR LIB] Implicit conversion from float 4.25 to int loses precision
[24-Aug-2026 19:54:17 Asia/Riyadh] [QR LIB] Implicit conversion from float 4.5 to int loses precision
[24-Aug-2026 19:54:17 Asia/Riyadh] [QR LIB] Implicit conversion from float 4.75 to int loses precision
[24-Aug-2026 19:54:17 Asia/Riyadh] [QR LIB] Implicit conversion from float 5.25 to int loses precision
[24-Aug-2026 19:54:17 Asia/Riyadh] [QR LIB] Implicit conversion from float 5.5 to int loses precision
[24-Aug-2026 19:54:17 Asia/Riyadh] [QR LIB] Implicit conversion from float 5.75 to int loses precision
[24-Aug-2026 19:54:17 Asia/Riyadh] [QR LIB] Implicit conversion from float 6.25 to int loses precision
[24-Aug-2026 19:54:17 Asia/Riyadh] [QR LIB] Implicit conversion from float 6.5 to int loses precision
[24-Aug-2026 19:54:17 Asia/Riyadh] [QR LIB] Implicit conversion from float 6.75 to int loses precision
[24-Aug-2026 19:54:17 Asia/Riyadh] [QR LIB] Implicit conversion from float 7.25 to int loses precision
[24-Aug-2026 19:54:17 Asia/Riyadh] [QR LIB] Implicit conversion from float 7.5 to int loses precision
[24-Aug-2026 19:54:17 Asia/Riyadh] [QR LIB] Implicit conversion from float 7.75 to int loses precision
[24-Aug-2026 19:54:17 Asia/Riyadh] [QR LIB] Implicit conversion from float 8.25 to int loses precision
[24-Aug-2026 19:54:17 Asia/Riyadh] [QR LIB] Implicit conversion from float 8.5 to int loses precision
[24-Aug-2026 19:54:17 Asia/Riyadh] [QR LIB] Implicit conversion from float 8.75 to int loses precision
[24-Aug-2026 19:54:17 Asia/Riyadh] [QR LIB] Implicit conversion from float 9.25 to int loses precision
[24-Aug-2026 19:54:17 Asia/Riyadh] [QR LIB] Implicit conversion from float 9.5 to int loses precision
[24-Aug-2026 19:54:17 Asia/Riyadh] [QR LIB] Implicit conversion from float 9.75 to int loses precision
[24-Aug-2026 19:54:17 Asia/Riyadh] [QR LIB] Implicit conversion from float 10.25 to int loses precision
[24-Aug-2026 19:54:17 Asia/Riyadh] [QR LIB] Implicit conversion from float 10.5 to int loses precision
[24-Aug-2026 19:54:17 Asia/Riyadh] [QR LIB] Implicit conversion from float 10.75 to int loses precision
[24-Aug-2026 19:54:17 Asia/Riyadh] [QR LIB] Implicit conversion from float 11.25 to int loses precision
[24-Aug-2026 19:54:17 Asia/Riyadh] [QR LIB] Implicit conversion from float 11.5 to int loses precision
[24-Aug-2026 19:54:17 Asia/Riyadh] [QR LIB] Implicit conversion from float 11.75 to int loses precision
[24-Aug-2026 19:54:17 Asia/Riyadh] [QR LIB] Implicit conversion from float 12.25 to int loses precision
[24-Aug-2026 19:54:17 Asia/Riyadh] [QR LIB] Implicit conversion from float 12.5 to int loses precision
[24-Aug-2026 19:54:17 Asia/Riyadh] [QR LIB] Implicit conversion from float 12.75 to int loses precision
[24-Aug-2026 19:54:17 Asia/Riyadh] [QR LIB] Implicit conversion from float 13.25 to int loses precision
[24-Aug-2026 19:54:17 Asia/Riyadh] [QR LIB] Implicit conversion from float 13.5 to int loses precision
[24-Aug-2026 19:54:17 Asia/Riyadh] [QR LIB] Implicit conversion from float 13.75 to int loses precision
[24-Aug-2026 19:54:17 Asia/Riyadh] [QR LIB] Implicit conversion from float 14.25 to int loses precision
[24-Aug-2026 19:54:17 Asia/Riyadh] [QR LIB] Implicit conversion from float 14.5 to int loses precision
[24-Aug-2026 19:54:17 Asia/Riyadh] [QR LIB] Implicit conversion from float 14.75 to int loses precision
[24-Aug-2026 19:54:17 Asia/Riyadh] [QR LIB] Implicit conversion from float 0.25 to int loses precision
[24-Aug-2026 19:54:17 Asia/Riyadh] [QR LIB] Implicit conversion from float 0.5 to int loses precision
[24-Aug-2026 19:54:17 Asia/Riyadh] [QR LIB] Implicit conversion from float 0.75 to int loses precision
[24-Aug-2026 19:54:17 Asia/Riyadh] [QR LIB] Implicit conversion from float 1.25 to int loses precision
[24-Aug-2026 19:54:17 Asia/Riyadh] [QR LIB] Implicit conversion from float 1.5 to int loses precision
[24-Aug-2026 19:54:17 Asia/Riyadh] [QR LIB] Implicit conversion from float 1.75 to int loses precision
[24-Aug-2026 19:54:17 Asia/Riyadh] [QR LIB] Implicit conversion from float 2.25 to int loses precision
[24-Aug-2026 19:54:17 Asia/Riyadh] [QR LIB] Implicit conversion from float 2.5 to int loses precision
[24-Aug-2026 19:54:17 Asia/Riyadh] [QR LIB] Implicit conversion from float 2.75 to int loses precision
[24-Aug-2026 19:54:17 Asia/Riyadh] [QR LIB] Implicit conversion from float 3.25 to int loses precision
[24-Aug-2026 19:54:17 Asia/Riyadh] [QR LIB] Implicit conversion from float 3.5 to int loses precision
[24-Aug-2026 19:54:17 Asia/Riyadh] [QR LIB] Implicit conversion from float 3.75 to int loses precision
[24-Aug-2026 19:54:17 Asia/Riyadh] [QR LIB] Implicit conversion from float 4.25 to int loses precision
[24-Aug-2026 19:54:17 Asia/Riyadh] [QR LIB] Implicit conversion from float 4.5 to int loses precision
[24-Aug-2026 19:54:17 Asia/Riyadh] [QR LIB] Implicit conversion from float 4.75 to int loses precision
[24-Aug-2026 19:54:17 Asia/Riyadh] [QR LIB] Implicit conversion from float 5.25 to int loses precision
[24-Aug-2026 19:54:17 Asia/Riyadh] [QR LIB] Implicit conversion from float 5.5 to int loses precision
[24-Aug-2026 19:54:17 Asia/Riyadh] [QR LIB] Implicit conversion from float 5.75 to int loses precision
[24-Aug-2026 19:54:17 Asia/Riyadh] [QR LIB] Implicit conversion from float 6.25 to int loses precision
[24-Aug-2026 19:54:17 Asia/Riyadh] [QR LIB] Implicit conversion from float 6.5 to int loses precision
[24-Aug-2026 19:54:17 Asia/Riyadh] [QR LIB] Implicit conversion from float 6.75 to int loses precision
[24-Aug-2026 19:54:17 Asia/Riyadh] [QR LIB] Implicit conversion from float 7.25 to int loses precision
[24-Aug-2026 19:54:17 Asia/Riyadh] [QR LIB] Implicit conversion from float 7.5 to int loses precision
[24-Aug-2026 19:54:17 Asia/Riyadh] [QR LIB] Implicit conversion from float 7.75 to int loses precision
[24-Aug-2026 19:54:17 Asia/Riyadh] [QR LIB] Implicit conversion from float 8.25 to int loses precision
[24-Aug-2026 19:54:17 Asia/Riyadh] [QR LIB] Implicit conversion from float 8.5 to int loses precision
[24-Aug-2026 19:54:17 Asia/Riyadh] [QR LIB] Implicit conversion from float 8.75 to int loses precision
[24-Aug-2026 19:54:17 Asia/Riyadh] [QR LIB] Implicit conversion from float 9.25 to int loses precision
[24-Aug-2026 19:54:17 Asia/Riyadh] [QR LIB] Implicit conversion from float 9.5 to int loses precision
[24-Aug-2026 19:54:17 Asia/Riyadh] [QR LIB] Implicit conversion from float 9.75 to int loses precision
[24-Aug-2026 19:54:17 Asia/Riyadh] [QR LIB] Implicit conversion from float 10.25 to int loses precision
[24-Aug-2026 19:54:17 Asia/Riyadh] [QR LIB] Implicit conversion from float 10.5 to int loses precision
[24-Aug-2026 19:54:17 Asia/Riyadh] [QR LIB] Implicit conversion from float 10.75 to int loses precision
[24-Aug-2026 19:54:17 Asia/Riyadh] [QR LIB] Implicit conversion from float 11.25 to int loses precision
[24-Aug-2026 19:54:17 Asia/Riyadh] [QR LIB] Implicit conversion from float 11.5 to int loses precision
[24-Aug-2026 19:54:17 Asia/Riyadh] [QR LIB] Implicit conversion from float 11.75 to int loses precision
[24-Aug-2026 19:54:17 Asia/Riyadh] [QR LIB] Implicit conversion from float 12.25 to int loses precision
[24-Aug-2026 19:54:17 Asia/Riyadh] [QR LIB] Implicit conversion from float 12.5 to int loses precision
[24-Aug-2026 19:54:17 Asia/Riyadh] [QR LIB] Implicit conversion from float 12.75 to int loses precision
[24-Aug-2026 19:54:17 Asia/Riyadh] [QR LIB] Implicit conversion from float 13.25 to int loses precision
[24-Aug-2026 19:54:17 Asia/Riyadh] [QR LIB] Implicit conversion from float 13.5 to int loses precision
[24-Aug-2026 19:54:17 Asia/Riyadh] [QR LIB] Implicit conversion from float 13.75 to int loses precision
[24-Aug-2026 19:54:17 Asia/Riyadh] [QR LIB] Implicit conversion from float 14.25 to int loses precision
[24-Aug-2026 19:54:17 Asia/Riyadh] [QR LIB] Implicit conversion from float 14.5 to int loses precision
[24-Aug-2026 19:54:17 Asia/Riyadh] [QR LIB] Implicit conversion from float 14.75 to int loses precision
[24-Aug-2026 19:54:17 Asia/Riyadh] [QR LIB] Implicit conversion from float 15.25 to int loses precision
[24-Aug-2026 19:54:17 Asia/Riyadh] [QR LIB] Implicit conversion from float 15.5 to int loses precision
[24-Aug-2026 19:54:17 Asia/Riyadh] [QR LIB] Implicit conversion from float 15.75 to int loses precision
[24-Aug-2026 19:54:17 Asia/Riyadh] [QR LIB] Implicit conversion from float 16.25 to int loses precision
[24-Aug-2026 19:54:17 Asia/Riyadh] [QR LIB] Implicit conversion from float 16.5 to int loses precision
[24-Aug-2026 19:54:17 Asia/Riyadh] [QR LIB] Implicit conversion from float 16.75 to int loses precision
[24-Aug-2026 19:54:17 Asia/Riyadh] [QR LIB] Implicit conversion from float 17.25 to int loses precision
[24-Aug-2026 19:54:17 Asia/Riyadh] [QR LIB] Implicit conversion from float 17.5 to int loses precision
[24-Aug-2026 19:54:17 Asia/Riyadh] [QR LIB] Implicit conversion from float 17.75 to int loses precision
[24-Aug-2026 19:54:17 Asia/Riyadh] [QR LIB] Implicit conversion from float 18.25 to int loses precision
[24-Aug-2026 19:54:17 Asia/Riyadh] [QR LIB] Implicit conversion from float 18.5 to int loses precision
[24-Aug-2026 19:54:17 Asia/Riyadh] [QR LIB] Implicit conversion from float 18.75 to int loses precision
[24-Aug-2026 19:54:17 Asia/Riyadh] [QR LIB] Implicit conversion from float 19.25 to int loses precision
[24-Aug-2026 19:54:17 Asia/Riyadh] [QR LIB] Implicit conversion from float 19.5 to int loses precision
[24-Aug-2026 19:54:17 Asia/Riyadh] [QR LIB] Implicit conversion from float 19.75 to int loses precision
[24-Aug-2026 19:54:17 Asia/Riyadh] [QR LIB] Implicit conversion from float 20.25 to int loses precision
[24-Aug-2026 19:54:17 Asia/Riyadh] [QR LIB] Implicit conversion from float 20.5 to int loses precision
[24-Aug-2026 19:54:17 Asia/Riyadh] [QR LIB] Implicit conversion from float 20.75 to int loses precision
[24-Aug-2026 19:54:17 Asia/Riyadh] [QR LIB] Implicit conversion from float 21.25 to int loses precision
[24-Aug-2026 19:54:17 Asia/Riyadh] [QR LIB] Implicit conversion from float 21.5 to int loses precision
[24-Aug-2026 19:54:17 Asia/Riyadh] [QR LIB] Implicit conversion from float 21.75 to int loses precision
[24-Aug-2026 19:54:17 Asia/Riyadh] [QR LIB] Implicit conversion from float 22.25 to int loses precision
[24-Aug-2026 19:54:17 Asia/Riyadh] [QR LIB] Implicit conversion from float 22.5 to int loses precision
[24-Aug-2026 19:54:17 Asia/Riyadh] [QR LIB] Implicit conversion from float 22.75 to int loses precision
[24-Aug-2026 19:54:17 Asia/Riyadh] [QR LIB] Implicit conversion from float 23.25 to int loses precision
[24-Aug-2026 19:54:17 Asia/Riyadh] [QR LIB] Implicit conversion from float 23.5 to int loses precision
[24-Aug-2026 19:54:17 Asia/Riyadh] [QR LIB] Implicit conversion from float 23.75 to int loses precision
[24-Aug-2026 19:54:17 Asia/Riyadh] [QR LIB] Implicit conversion from float 24.25 to int loses precision
[24-Aug-2026 19:54:17 Asia/Riyadh] [QR LIB] Implicit conversion from float 24.5 to int loses precision
[24-Aug-2026 19:54:17 Asia/Riyadh] [QR LIB] Implicit conversion from float 24.75 to int loses precision
[24-Aug-2026 19:54:17 Asia/Riyadh] [QR LIB] Implicit conversion from float 25.25 to int loses precision
[24-Aug-2026 19:54:17 Asia/Riyadh] [QR LIB] Implicit conversion from float 25.5 to int loses precision
[24-Aug-2026 19:54:17 Asia/Riyadh] [QR LIB] Implicit conversion from float 25.75 to int loses precision
[24-Aug-2026 19:54:17 Asia/Riyadh] [QR LIB] Implicit conversion from float 26.25 to int loses precision
[24-Aug-2026 19:54:17 Asia/Riyadh] [QR LIB] Implicit conversion from float 26.5 to int loses precision
[24-Aug-2026 19:54:17 Asia/Riyadh] [QR LIB] Implicit conversion from float 26.75 to int loses precision
[24-Aug-2026 19:54:17 Asia/Riyadh] [QR LIB] Implicit conversion from float 27.25 to int loses precision
[24-Aug-2026 19:54:17 Asia/Riyadh] [QR LIB] Implicit conversion from float 27.5 to int loses precision
[24-Aug-2026 19:54:17 Asia/Riyadh] [QR LIB] Implicit conversion from float 27.75 to int loses precision
[24-Aug-2026 19:54:17 Asia/Riyadh] [REQ] sid=1f7a912cd8cd321d289795a802e3ecd9 user=yes GET /admin/documents cookie=yes
[24-Aug-2026 19:54:29 Asia/Riyadh] [REQ] sid=1f7a912cd8cd321d289795a802e3ecd9 user=yes POST /admin/documents/7/activate cookie=yes
[24-Aug-2026 19:54:29 Asia/Riyadh] [REQ] sid=1f7a912cd8cd321d289795a802e3ecd9 user=yes GET /admin/documents cookie=yes
[24-Aug-2026 19:54:34 Asia/Riyadh] [REQ] sid=1f7a912cd8cd321d289795a802e3ecd9 user=yes GET /admin/documents/7/qr cookie=yes
[24-Aug-2026 19:54:34 Asia/Riyadh] [REQ] sid=1f7a912cd8cd321d289795a802e3ecd9 user=yes GET /admin/documents/7/qr/image cookie=yes
[24-Aug-2026 19:54:37 Asia/Riyadh] [REQ] sid=1f7a912cd8cd321d289795a802e3ecd9 user=yes GET /admin/documents/7/qr/download cookie=yes
[24-Aug-2026 19:56:02 Asia/Riyadh] [REQ] sid=1f7a912cd8cd321d289795a802e3ecd9 user=yes POST /admin/documents/7/replace cookie=yes
[24-Aug-2026 19:56:02 Asia/Riyadh] [REQ] sid=1f7a912cd8cd321d289795a802e3ecd9 user=yes GET /admin/documents cookie=yes
[24-Aug-2026 19:56:08 Asia/Riyadh] [REQ] sid=1f7a912cd8cd321d289795a802e3ecd9 user=yes GET /admin/documents/7/qr cookie=yes
[24-Aug-2026 19:56:08 Asia/Riyadh] [REQ] sid=1f7a912cd8cd321d289795a802e3ecd9 user=yes GET /admin/documents/7/qr/image cookie=yes
[24-Aug-2026 19:56:11 Asia/Riyadh] [REQ] sid=1f7a912cd8cd321d289795a802e3ecd9 user=yes GET /verify/44fbb7fce242389748971380f3c2a66f cookie=yes
[24-Aug-2026 19:56:12 Asia/Riyadh] [REQ] sid=1f7a912cd8cd321d289795a802e3ecd9 user=yes GET /verify/44fbb7fce242389748971380f3c2a66f/file cookie=yes
[24-Aug-2026 19:56:19 Asia/Riyadh] [REQ] sid=1f7a912cd8cd321d289795a802e3ecd9 user=yes GET /verify/44fbb7fce242389748971380f3c2a66f/download cookie=yes
[24-Aug-2026 19:57:37 Asia/Riyadh] [REQ] sid=1f7a912cd8cd321d289795a802e3ecd9 user=yes GET /verify/44fbb7fce242389748971380f3c2a66f/file cookie=yes
[24-Aug-2026 19:57:38 Asia/Riyadh] [REQ] sid=1f7a912cd8cd321d289795a802e3ecd9 user=yes GET /favicon.ico cookie=yes
[24-Aug-2026 19:58:55 Asia/Riyadh] [REQ] sid=1f7a912cd8cd321d289795a802e3ecd9 user=yes GET /admin/documents cookie=yes
[24-Aug-2026 19:59:57 Asia/Riyadh] [REQ] sid=1f7a912cd8cd321d289795a802e3ecd9 user=yes GET /admin/change-password cookie=yes
[24-Aug-2026 20:00:02 Asia/Riyadh] [REQ] sid=1f7a912cd8cd321d289795a802e3ecd9 user=yes GET /admin/settings cookie=yes
[24-Aug-2026 20:00:04 Asia/Riyadh] [REQ] sid=1f7a912cd8cd321d289795a802e3ecd9 user=yes GET /admin/change-password cookie=yes
[24-Aug-2026 20:00:07 Asia/Riyadh] [REQ] sid=1f7a912cd8cd321d289795a802e3ecd9 user=yes GET /admin/settings cookie=yes
[24-Aug-2026 20:00:24 Asia/Riyadh] [REQ] sid=1f7a912cd8cd321d289795a802e3ecd9 user=yes POST /admin/settings cookie=yes
[24-Aug-2026 20:00:24 Asia/Riyadh] [REQ] sid=1f7a912cd8cd321d289795a802e3ecd9 user=yes GET /admin/settings cookie=yes
[24-Aug-2026 20:00:32 Asia/Riyadh] [REQ] sid=1f7a912cd8cd321d289795a802e3ecd9 user=yes POST /admin/settings cookie=yes
[24-Aug-2026 20:00:33 Asia/Riyadh] [REQ] sid=1f7a912cd8cd321d289795a802e3ecd9 user=yes GET /admin/settings cookie=yes
[24-Aug-2026 20:01:29 Asia/Riyadh] [REQ] sid=1f7a912cd8cd321d289795a802e3ecd9 user=yes POST /admin/settings cookie=yes
[24-Aug-2026 20:01:29 Asia/Riyadh] [REQ] sid=1f7a912cd8cd321d289795a802e3ecd9 user=yes GET /admin/settings cookie=yes
[24-Aug-2026 20:01:35 Asia/Riyadh] [REQ] sid=1f7a912cd8cd321d289795a802e3ecd9 user=yes GET /admin cookie=yes
[24-Aug-2026 21:32:16 Asia/Riyadh] [REQ] sid=856c080bf16080f12e3650ed691d79eb user=no GET /admin cookie=yes
[24-Aug-2026 21:32:16 Asia/Riyadh] [REQ] sid=856c080bf16080f12e3650ed691d79eb user=no GET /login cookie=yes
[24-Aug-2026 21:32:21 Asia/Riyadh] [REQ] sid=856c080bf16080f12e3650ed691d79eb user=no POST /login cookie=yes
[24-Aug-2026 21:32:21 Asia/Riyadh] [REQ] sid=856c080bf16080f12e3650ed691d79eb user=no GET /login cookie=yes
[24-Aug-2026 21:32:35 Asia/Riyadh] [REQ] sid=856c080bf16080f12e3650ed691d79eb user=no POST /login cookie=yes
[24-Aug-2026 21:32:35 Asia/Riyadh] [REQ] sid=856c080bf16080f12e3650ed691d79eb user=no GET /login cookie=yes
[24-Aug-2026 21:32:41 Asia/Riyadh] [REQ] sid=856c080bf16080f12e3650ed691d79eb user=no GET /login cookie=yes
[24-Aug-2026 21:32:44 Asia/Riyadh] [REQ] sid=856c080bf16080f12e3650ed691d79eb user=no POST /login cookie=yes
[24-Aug-2026 21:32:44 Asia/Riyadh] [REQ] sid=856c080bf16080f12e3650ed691d79eb user=no GET /login cookie=yes
[24-Aug-2026 21:34:39 Asia/Riyadh] [REQ] sid=856c080bf16080f12e3650ed691d79eb user=no POST /login cookie=yes
[24-Aug-2026 21:34:40 Asia/Riyadh] [REQ] sid=856c080bf16080f12e3650ed691d79eb user=no GET /login cookie=yes
[24-Aug-2026 21:34:47 Asia/Riyadh] [REQ] sid=856c080bf16080f12e3650ed691d79eb user=no POST /login cookie=yes
[24-Aug-2026 21:34:47 Asia/Riyadh] [REQ] sid=856c080bf16080f12e3650ed691d79eb user=no GET /login cookie=yes
[24-Aug-2026 21:38:22 Asia/Riyadh] [REQ] sid=856c080bf16080f12e3650ed691d79eb user=no GET /login cookie=yes
[24-Aug-2026 21:38:24 Asia/Riyadh] [REQ] sid=856c080bf16080f12e3650ed691d79eb user=no GET /login cookie=yes
[24-Aug-2026 21:38:31 Asia/Riyadh] [REQ] sid=856c080bf16080f12e3650ed691d79eb user=no POST /login cookie=yes
[24-Aug-2026 21:38:31 Asia/Riyadh] [REQ] sid=edd331c29e5cae5414f0a5f174e99942 user=yes GET /admin cookie=yes
[24-Aug-2026 21:38:31 Asia/Riyadh] [REQ] sid=edd331c29e5cae5414f0a5f174e99942 user=yes GET /admin/change-password cookie=yes
[24-Aug-2026 21:38:57 Asia/Riyadh] [REQ] sid=edd331c29e5cae5414f0a5f174e99942 user=yes POST /admin/change-password cookie=yes
[24-Aug-2026 21:38:58 Asia/Riyadh] [REQ] sid=edd331c29e5cae5414f0a5f174e99942 user=yes GET /admin cookie=yes
[24-Aug-2026 21:39:02 Asia/Riyadh] [REQ] sid=edd331c29e5cae5414f0a5f174e99942 user=yes GET /admin/clients cookie=yes
[24-Aug-2026 21:39:05 Asia/Riyadh] [REQ] sid=edd331c29e5cae5414f0a5f174e99942 user=yes GET /admin/clients/4/edit cookie=yes
[24-Aug-2026 21:39:07 Asia/Riyadh] [REQ] sid=edd331c29e5cae5414f0a5f174e99942 user=yes GET /admin/clients cookie=yes
[24-Aug-2026 21:39:09 Asia/Riyadh] [REQ] sid=edd331c29e5cae5414f0a5f174e99942 user=yes GET /admin/clients/create cookie=yes
[24-Aug-2026 21:39:13 Asia/Riyadh] [REQ] sid=edd331c29e5cae5414f0a5f174e99942 user=yes GET /admin/clients cookie=yes
[24-Aug-2026 21:39:17 Asia/Riyadh] [REQ] sid=edd331c29e5cae5414f0a5f174e99942 user=yes GET /admin/settings cookie=yes
[24-Aug-2026 21:39:20 Asia/Riyadh] [REQ] sid=edd331c29e5cae5414f0a5f174e99942 user=yes GET /admin/change-password cookie=yes
[24-Aug-2026 21:39:25 Asia/Riyadh] [REQ] sid=edd331c29e5cae5414f0a5f174e99942 user=yes GET /admin/settings cookie=yes
[24-Aug-2026 21:43:19 Asia/Riyadh] [REQ] sid=edd331c29e5cae5414f0a5f174e99942 user=yes GET /admin/clients cookie=yes
[24-Aug-2026 21:43:20 Asia/Riyadh] [REQ] sid=edd331c29e5cae5414f0a5f174e99942 user=yes GET /admin cookie=yes
[24-Aug-2026 21:53:17 Asia/Riyadh] [REQ] sid=7bacd23081b09d3134db3d8e6f3b0692 user=no GET /login cookie=no
[24-Aug-2026 21:54:10 Asia/Riyadh] [REQ] sid=edd331c29e5cae5414f0a5f174e99942 user=yes GET /admin/documents cookie=yes
[24-Aug-2026 21:54:49 Asia/Riyadh] [REQ] sid=edd331c29e5cae5414f0a5f174e99942 user=yes GET /admin/documents?q=&client_id=4&status=&type=&date_from=&date_to= cookie=yes
[24-Aug-2026 21:54:51 Asia/Riyadh] [REQ] sid=deab1d5426885cb54093d01aec3967bf user=no GET /login cookie=no
[24-Aug-2026 21:54:51 Asia/Riyadh] [REQ] sid=deab1d5426885cb54093d01aec3967bf user=no POST /login cookie=yes
[24-Aug-2026 21:54:51 Asia/Riyadh] [REQ] sid=deab1d5426885cb54093d01aec3967bf user=no GET /login cookie=yes
[24-Aug-2026 21:54:51 Asia/Riyadh] [REQ] sid=deab1d5426885cb54093d01aec3967bf user=no GET /login cookie=yes
[24-Aug-2026 21:54:51 Asia/Riyadh] [REQ] sid=deab1d5426885cb54093d01aec3967bf user=no POST /admin/settings/account cookie=yes
[24-Aug-2026 21:54:51 Asia/Riyadh] [REQ] sid=deab1d5426885cb54093d01aec3967bf user=no GET /login cookie=yes
[24-Aug-2026 21:54:51 Asia/Riyadh] [REQ] sid=deab1d5426885cb54093d01aec3967bf user=no POST /admin/settings/account cookie=yes
[24-Aug-2026 21:54:51 Asia/Riyadh] [REQ] sid=deab1d5426885cb54093d01aec3967bf user=no GET /login cookie=yes
[24-Aug-2026 21:54:51 Asia/Riyadh] [REQ] sid=deab1d5426885cb54093d01aec3967bf user=no GET /admin/settings cookie=yes
[24-Aug-2026 21:54:52 Asia/Riyadh] [REQ] sid=deab1d5426885cb54093d01aec3967bf user=no GET /login cookie=yes
[24-Aug-2026 21:54:52 Asia/Riyadh] [REQ] sid=deab1d5426885cb54093d01aec3967bf user=no POST /admin/settings/account cookie=yes
[24-Aug-2026 21:54:52 Asia/Riyadh] [REQ] sid=deab1d5426885cb54093d01aec3967bf user=no GET /login cookie=yes
[24-Aug-2026 21:54:52 Asia/Riyadh] [REQ] sid=deab1d5426885cb54093d01aec3967bf user=no GET /admin/change-password cookie=yes
[24-Aug-2026 21:54:52 Asia/Riyadh] [REQ] sid=deab1d5426885cb54093d01aec3967bf user=no POST /admin/settings cookie=yes
[24-Aug-2026 21:54:52 Asia/Riyadh] [REQ] sid=deab1d5426885cb54093d01aec3967bf user=no GET /login cookie=yes
[24-Aug-2026 21:54:55 Asia/Riyadh] [REQ] sid=edd331c29e5cae5414f0a5f174e99942 user=yes GET /admin/documents?q=&client_id=&status=inactive&type=&date_from=&date_to= cookie=yes
[24-Aug-2026 21:54:58 Asia/Riyadh] [REQ] sid=edd331c29e5cae5414f0a5f174e99942 user=yes GET /admin/documents?q=&client_id=&status=&type=&date_from=&date_to= cookie=yes
[24-Aug-2026 21:55:00 Asia/Riyadh] [REQ] sid=edd331c29e5cae5414f0a5f174e99942 user=yes GET /admin/documents cookie=yes
[24-Aug-2026 21:55:01 Asia/Riyadh] [REQ] sid=edd331c29e5cae5414f0a5f174e99942 user=yes GET /admin/documents cookie=yes
[24-Aug-2026 21:55:23 Asia/Riyadh] [REQ] sid=edd331c29e5cae5414f0a5f174e99942 user=yes GET /admin/documents?q=&client_id=&status=&type=&date_from=&date_to=2027-01-01 cookie=yes
[24-Aug-2026 21:55:25 Asia/Riyadh] [REQ] sid=edd331c29e5cae5414f0a5f174e99942 user=yes GET /admin/documents cookie=yes
[24-Aug-2026 21:56:26 Asia/Riyadh] [REQ] sid=f49626560795066bda8f7d939b7159c4 user=no GET /login cookie=no
[24-Aug-2026 21:56:26 Asia/Riyadh] [REQ] sid=f49626560795066bda8f7d939b7159c4 user=no POST /login cookie=yes
[24-Aug-2026 21:56:27 Asia/Riyadh] [REQ] sid=d7116418acc2015b4b008fdfe413b1f7 user=yes GET /admin cookie=yes
[24-Aug-2026 21:56:27 Asia/Riyadh] [REQ] sid=d7116418acc2015b4b008fdfe413b1f7 user=yes GET /admin/settings cookie=yes
[24-Aug-2026 21:56:27 Asia/Riyadh] [REQ] sid=d7116418acc2015b4b008fdfe413b1f7 user=yes GET /login cookie=yes
[24-Aug-2026 21:56:27 Asia/Riyadh] [REQ] sid=d7116418acc2015b4b008fdfe413b1f7 user=yes GET /admin cookie=yes
[24-Aug-2026 21:56:27 Asia/Riyadh] [REQ] sid=d7116418acc2015b4b008fdfe413b1f7 user=yes GET /admin/settings cookie=yes
[24-Aug-2026 21:56:27 Asia/Riyadh] [REQ] sid=d7116418acc2015b4b008fdfe413b1f7 user=yes POST /admin/settings/account cookie=yes
[24-Aug-2026 21:56:28 Asia/Riyadh] [REQ] sid=d7116418acc2015b4b008fdfe413b1f7 user=yes GET /admin/settings cookie=yes
[24-Aug-2026 21:56:28 Asia/Riyadh] [REQ] sid=d7116418acc2015b4b008fdfe413b1f7 user=yes POST /admin/settings/account cookie=yes
[24-Aug-2026 21:56:29 Asia/Riyadh] [REQ] sid=d7116418acc2015b4b008fdfe413b1f7 user=yes GET /admin/settings cookie=yes
[24-Aug-2026 21:56:29 Asia/Riyadh] [REQ] sid=d7116418acc2015b4b008fdfe413b1f7 user=yes GET /admin/settings cookie=yes
[24-Aug-2026 21:56:29 Asia/Riyadh] [REQ] sid=d7116418acc2015b4b008fdfe413b1f7 user=yes POST /admin/settings/account cookie=yes
[24-Aug-2026 21:56:29 Asia/Riyadh] [REQ] sid=d7116418acc2015b4b008fdfe413b1f7 user=yes GET /admin/settings cookie=yes
[24-Aug-2026 21:56:30 Asia/Riyadh] [REQ] sid=d7116418acc2015b4b008fdfe413b1f7 user=yes GET /admin/change-password cookie=yes
[24-Aug-2026 21:56:30 Asia/Riyadh] [REQ] sid=d7116418acc2015b4b008fdfe413b1f7 user=yes POST /admin/settings cookie=yes
[24-Aug-2026 21:56:30 Asia/Riyadh] [REQ] sid=d7116418acc2015b4b008fdfe413b1f7 user=yes GET /admin/settings cookie=yes
[24-Aug-2026 21:57:25 Asia/Riyadh] [REQ] sid=949937df81492d43668811cf7b944985 user=no GET /login cookie=no
[24-Aug-2026 21:57:25 Asia/Riyadh] [REQ] sid=949937df81492d43668811cf7b944985 user=no POST /login cookie=yes
[24-Aug-2026 21:57:26 Asia/Riyadh] [REQ] sid=6b9d64ac5842b0e94b2b2234624871a3 user=yes GET /admin cookie=yes
[24-Aug-2026 21:57:26 Asia/Riyadh] [REQ] sid=6b9d64ac5842b0e94b2b2234624871a3 user=yes GET /admin/settings cookie=yes
[24-Aug-2026 21:57:26 Asia/Riyadh] [REQ] sid=6b9d64ac5842b0e94b2b2234624871a3 user=yes GET /login cookie=yes
[24-Aug-2026 21:57:26 Asia/Riyadh] [REQ] sid=6b9d64ac5842b0e94b2b2234624871a3 user=yes GET /admin cookie=yes
[24-Aug-2026 21:57:26 Asia/Riyadh] [REQ] sid=6b9d64ac5842b0e94b2b2234624871a3 user=yes GET /admin/settings cookie=yes
[24-Aug-2026 21:57:26 Asia/Riyadh] [REQ] sid=6b9d64ac5842b0e94b2b2234624871a3 user=yes POST /admin/settings/account cookie=yes
[24-Aug-2026 21:57:27 Asia/Riyadh] [REQ] sid=6b9d64ac5842b0e94b2b2234624871a3 user=yes GET /admin/settings cookie=yes
[24-Aug-2026 21:57:27 Asia/Riyadh] [REQ] sid=6b9d64ac5842b0e94b2b2234624871a3 user=yes POST /admin/settings/account cookie=yes
[24-Aug-2026 21:57:28 Asia/Riyadh] [REQ] sid=6b9d64ac5842b0e94b2b2234624871a3 user=yes GET /admin/settings cookie=yes
[24-Aug-2026 21:57:28 Asia/Riyadh] [REQ] sid=6b9d64ac5842b0e94b2b2234624871a3 user=yes GET /admin/settings cookie=yes
[24-Aug-2026 21:57:28 Asia/Riyadh] [REQ] sid=6b9d64ac5842b0e94b2b2234624871a3 user=yes POST /admin/settings/account cookie=yes
[24-Aug-2026 21:57:29 Asia/Riyadh] [REQ] sid=6b9d64ac5842b0e94b2b2234624871a3 user=yes GET /admin/settings cookie=yes
[24-Aug-2026 21:57:29 Asia/Riyadh] [REQ] sid=6b9d64ac5842b0e94b2b2234624871a3 user=yes GET /admin/change-password cookie=yes
[24-Aug-2026 21:57:29 Asia/Riyadh] [REQ] sid=6b9d64ac5842b0e94b2b2234624871a3 user=yes POST /admin/settings cookie=yes
[24-Aug-2026 21:57:29 Asia/Riyadh] [REQ] sid=6b9d64ac5842b0e94b2b2234624871a3 user=yes GET /admin/settings cookie=yes
[24-Aug-2026 21:57:47 Asia/Riyadh] [REQ] sid=edd331c29e5cae5414f0a5f174e99942 user=yes GET /admin/settings cookie=yes
[24-Aug-2026 21:59:20 Asia/Riyadh] [REQ] sid=edd331c29e5cae5414f0a5f174e99942 user=yes GET /admin/documents cookie=yes
[24-Aug-2026 21:59:22 Asia/Riyadh] [REQ] sid=edd331c29e5cae5414f0a5f174e99942 user=yes GET /admin/documents/7/qr cookie=yes
[24-Aug-2026 21:59:23 Asia/Riyadh] [REQ] sid=edd331c29e5cae5414f0a5f174e99942 user=yes GET /admin/documents/7/qr/image cookie=yes
[24-Aug-2026 21:59:25 Asia/Riyadh] [REQ] sid=edd331c29e5cae5414f0a5f174e99942 user=yes GET /verify/44fbb7fce242389748971380f3c2a66f cookie=yes
[24-Aug-2026 21:59:25 Asia/Riyadh] [REQ] sid=edd331c29e5cae5414f0a5f174e99942 user=yes GET /verify/44fbb7fce242389748971380f3c2a66f/file cookie=yes
[24-Aug-2026 21:59:30 Asia/Riyadh] [REQ] sid=edd331c29e5cae5414f0a5f174e99942 user=yes GET /verify/44fbb7fce242389748971380f3c2a66f/file cookie=yes
[24-Aug-2026 21:59:30 Asia/Riyadh] [REQ] sid=edd331c29e5cae5414f0a5f174e99942 user=yes GET /favicon.ico cookie=yes
[24-Aug-2026 22:00:56 Asia/Riyadh] [REQ] sid=edd331c29e5cae5414f0a5f174e99942 user=yes GET /admin cookie=yes
[24-Aug-2026 22:01:01 Asia/Riyadh] [REQ] sid=edd331c29e5cae5414f0a5f174e99942 user=yes GET /admin/clients cookie=yes
[24-Aug-2026 22:01:03 Asia/Riyadh] [REQ] sid=edd331c29e5cae5414f0a5f174e99942 user=yes GET /admin/documents cookie=yes
[24-Aug-2026 22:01:08 Asia/Riyadh] [REQ] sid=edd331c29e5cae5414f0a5f174e99942 user=yes GET /admin/verifications cookie=yes
[24-Aug-2026 22:01:11 Asia/Riyadh] [REQ] sid=edd331c29e5cae5414f0a5f174e99942 user=yes GET /admin/settings cookie=yes
[24-Aug-2026 22:01:23 Asia/Riyadh] [REQ] sid=c08db39080459f97d740957640b17c89 user=no GET /login cookie=no
[24-Aug-2026 22:01:23 Asia/Riyadh] [REQ] sid=c08db39080459f97d740957640b17c89 user=no POST /login cookie=yes
[24-Aug-2026 22:01:23 Asia/Riyadh] [REQ] sid=e32818a3851295736d9098f0c1becda1 user=yes GET /admin cookie=yes
[24-Aug-2026 22:01:23 Asia/Riyadh] [REQ] sid=e32818a3851295736d9098f0c1becda1 user=yes GET /admin/settings cookie=yes
[24-Aug-2026 22:01:24 Asia/Riyadh] [REQ] sid=e32818a3851295736d9098f0c1becda1 user=yes GET /admin/settings cookie=yes
[24-Aug-2026 22:01:24 Asia/Riyadh] [REQ] sid=e32818a3851295736d9098f0c1becda1 user=yes POST /admin/settings cookie=yes
[24-Aug-2026 22:01:24 Asia/Riyadh] [REQ] sid=e32818a3851295736d9098f0c1becda1 user=yes GET /admin/settings cookie=yes
[24-Aug-2026 22:01:24 Asia/Riyadh] [REQ] sid=e32818a3851295736d9098f0c1becda1 user=yes POST /admin/settings/account cookie=yes
[24-Aug-2026 22:01:24 Asia/Riyadh] [REQ] sid=e32818a3851295736d9098f0c1becda1 user=yes GET /admin/settings cookie=yes
[24-Aug-2026 22:06:47 Asia/Riyadh] [REQ] sid=edd331c29e5cae5414f0a5f174e99942 user=yes GET /admin/documents cookie=yes
[24-Aug-2026 22:06:48 Asia/Riyadh] [REQ] sid=edd331c29e5cae5414f0a5f174e99942 user=yes GET /admin/documents/7/qr cookie=yes
[24-Aug-2026 22:06:49 Asia/Riyadh] [REQ] sid=edd331c29e5cae5414f0a5f174e99942 user=yes GET /admin/documents/7/qr/image cookie=yes
[24-Aug-2026 22:06:50 Asia/Riyadh] [REQ] sid=3a3cad931146383aaf66d777a0108653 user=no GET /verify/44fbb7fce242389748971380f3c2a66f/file cookie=no
[24-Aug-2026 22:06:51 Asia/Riyadh] [REQ] sid=edd331c29e5cae5414f0a5f174e99942 user=yes GET /verify/44fbb7fce242389748971380f3c2a66f/file cookie=yes
[24-Aug-2026 22:07:22 Asia/Riyadh] [REQ] sid=edd331c29e5cae5414f0a5f174e99942 user=yes GET /verify/44fbb7fce242389748971380f3c2a66f/file cookie=yes
[24-Aug-2026 22:08:54 Asia/Riyadh] [REQ] sid=000f8f5ebdacc5e6803a9e3c3944e458 user=no GET /login cookie=no
[24-Aug-2026 22:08:54 Asia/Riyadh] [REQ] sid=000f8f5ebdacc5e6803a9e3c3944e458 user=no POST /login cookie=yes
[24-Aug-2026 22:08:55 Asia/Riyadh] [REQ] sid=a418a8dcaa77a0107f628eedf3caecf8 user=yes GET /admin cookie=yes
[24-Aug-2026 22:08:55 Asia/Riyadh] [REQ] sid=a418a8dcaa77a0107f628eedf3caecf8 user=yes GET /admin/settings cookie=yes
[24-Aug-2026 22:08:55 Asia/Riyadh] [REQ] sid=a418a8dcaa77a0107f628eedf3caecf8 user=yes GET /admin/documents/upload cookie=yes
[24-Aug-2026 22:08:55 Asia/Riyadh] [REQ] sid=a418a8dcaa77a0107f628eedf3caecf8 user=yes GET /admin/settings cookie=yes
[24-Aug-2026 22:08:55 Asia/Riyadh] [REQ] sid=a418a8dcaa77a0107f628eedf3caecf8 user=yes POST /admin/documents/store cookie=yes
[24-Aug-2026 22:08:55 Asia/Riyadh] [REQ] sid=a418a8dcaa77a0107f628eedf3caecf8 user=yes GET /admin/settings cookie=yes
[24-Aug-2026 22:09:13 Asia/Riyadh] [REQ] sid=fe10d58036fec8becb98bf91c3bed6c9 user=no GET /login cookie=no
[24-Aug-2026 22:09:14 Asia/Riyadh] [REQ] sid=fe10d58036fec8becb98bf91c3bed6c9 user=no POST /login cookie=yes
[24-Aug-2026 22:09:14 Asia/Riyadh] [REQ] sid=f17d20e47423e43272e0fe0653eeed0b user=yes GET /admin cookie=yes
[24-Aug-2026 22:09:14 Asia/Riyadh] [REQ] sid=f17d20e47423e43272e0fe0653eeed0b user=yes GET /admin/settings cookie=yes
[24-Aug-2026 22:09:14 Asia/Riyadh] [REQ] sid=f17d20e47423e43272e0fe0653eeed0b user=yes GET /admin/documents/upload cookie=yes
[24-Aug-2026 22:09:14 Asia/Riyadh] [REQ] sid=f17d20e47423e43272e0fe0653eeed0b user=yes GET /admin/settings cookie=yes
[24-Aug-2026 22:09:14 Asia/Riyadh] [REQ] sid=f17d20e47423e43272e0fe0653eeed0b user=yes POST /admin/documents/store cookie=yes
[24-Aug-2026 22:09:14 Asia/Riyadh] [REQ] sid=f17d20e47423e43272e0fe0653eeed0b user=yes GET /admin/settings cookie=yes
[24-Aug-2026 22:09:53 Asia/Riyadh] [REQ] sid=5924959860eb1194823ea7e7c246116c user=no GET /login cookie=no
[24-Aug-2026 22:09:53 Asia/Riyadh] [REQ] sid=5924959860eb1194823ea7e7c246116c user=no POST /login cookie=yes
[24-Aug-2026 22:09:54 Asia/Riyadh] [REQ] sid=c7edee5c188236edb338ac6d65fe7360 user=yes GET /admin cookie=yes
[24-Aug-2026 22:09:54 Asia/Riyadh] [REQ] sid=c7edee5c188236edb338ac6d65fe7360 user=yes GET /admin/settings cookie=yes
[24-Aug-2026 22:09:54 Asia/Riyadh] [REQ] sid=c7edee5c188236edb338ac6d65fe7360 user=yes POST /admin/settings/account cookie=yes
[24-Aug-2026 22:09:55 Asia/Riyadh] [REQ] sid=c7edee5c188236edb338ac6d65fe7360 user=yes GET /admin/settings cookie=yes
[24-Aug-2026 22:09:55 Asia/Riyadh] [REQ] sid=c7edee5c188236edb338ac6d65fe7360 user=yes GET /admin/documents/upload cookie=yes
[24-Aug-2026 22:09:55 Asia/Riyadh] [REQ] sid=c7edee5c188236edb338ac6d65fe7360 user=yes POST /admin/documents/store cookie=yes
[24-Aug-2026 22:10:55 Asia/Riyadh] [REQ] sid=99b607e5244b3f895bd010eadd88958f user=no GET /login cookie=no
[24-Aug-2026 22:10:55 Asia/Riyadh] [REQ] sid=99b607e5244b3f895bd010eadd88958f user=no POST /login cookie=yes
[24-Aug-2026 22:10:56 Asia/Riyadh] [REQ] sid=99b607e5244b3f895bd010eadd88958f user=no GET /login cookie=yes
[24-Aug-2026 22:10:56 Asia/Riyadh] [REQ] sid=99b607e5244b3f895bd010eadd88958f user=no POST /admin/settings/account cookie=yes
[24-Aug-2026 22:10:56 Asia/Riyadh] [REQ] sid=99b607e5244b3f895bd010eadd88958f user=no GET /login cookie=yes
[24-Aug-2026 22:10:56 Asia/Riyadh] [REQ] sid=99b607e5244b3f895bd010eadd88958f user=no POST /admin/documents/store cookie=yes
[24-Aug-2026 22:10:56 Asia/Riyadh] [REQ] sid=99b607e5244b3f895bd010eadd88958f user=no GET /login cookie=yes
[24-Aug-2026 22:12:26 Asia/Riyadh] [REQ] sid=1e74dea2e7e9742ca91679b282b9cbf7 user=no GET /login cookie=no
[24-Aug-2026 22:12:26 Asia/Riyadh] [REQ] sid=1e74dea2e7e9742ca91679b282b9cbf7 user=no POST /login cookie=yes
[24-Aug-2026 22:12:27 Asia/Riyadh] [REQ] sid=09b0756faf4b83cc6049ac74de06f6a8 user=yes GET /admin cookie=yes
[24-Aug-2026 22:12:27 Asia/Riyadh] [REQ] sid=09b0756faf4b83cc6049ac74de06f6a8 user=yes GET /admin/settings cookie=yes
[24-Aug-2026 22:12:27 Asia/Riyadh] [REQ] sid=09b0756faf4b83cc6049ac74de06f6a8 user=yes POST /admin/settings/account cookie=yes
[24-Aug-2026 22:12:28 Asia/Riyadh] [REQ] sid=09b0756faf4b83cc6049ac74de06f6a8 user=yes GET /admin/settings cookie=yes
[24-Aug-2026 22:12:28 Asia/Riyadh] [REQ] sid=09b0756faf4b83cc6049ac74de06f6a8 user=yes POST /admin/documents/store cookie=yes
[24-Aug-2026 22:12:28 Asia/Riyadh] PHP Deprecated:  QRimage::png(): Optional parameter $filename declared before required parameter $fore_color is implicitly treated as a required parameter in D:\client1\vendor\phpqrcode\qrimage.php on line 30
[24-Aug-2026 22:12:28 Asia/Riyadh] PHP Deprecated:  QRimage::png(): Optional parameter $pixelPerPoint declared before required parameter $fore_color is implicitly treated as a required parameter in D:\client1\vendor\phpqrcode\qrimage.php on line 30
[24-Aug-2026 22:12:28 Asia/Riyadh] PHP Deprecated:  QRimage::png(): Optional parameter $outerFrame declared before required parameter $fore_color is implicitly treated as a required parameter in D:\client1\vendor\phpqrcode\qrimage.php on line 30
[24-Aug-2026 22:12:28 Asia/Riyadh] PHP Deprecated:  QRimage::png(): Optional parameter $saveandprint declared before required parameter $fore_color is implicitly treated as a required parameter in D:\client1\vendor\phpqrcode\qrimage.php on line 30
[24-Aug-2026 22:12:28 Asia/Riyadh] PHP Deprecated:  QRvect::svg(): Optional parameter $filename declared before required parameter $fore_color is implicitly treated as a required parameter in D:\client1\vendor\phpqrcode\qrvect.php on line 140
[24-Aug-2026 22:12:28 Asia/Riyadh] PHP Deprecated:  QRvect::svg(): Optional parameter $pixelPerPoint declared before required parameter $fore_color is implicitly treated as a required parameter in D:\client1\vendor\phpqrcode\qrvect.php on line 140
[24-Aug-2026 22:12:28 Asia/Riyadh] PHP Deprecated:  QRvect::svg(): Optional parameter $outerFrame declared before required parameter $fore_color is implicitly treated as a required parameter in D:\client1\vendor\phpqrcode\qrvect.php on line 140
[24-Aug-2026 22:12:28 Asia/Riyadh] PHP Deprecated:  QRvect::svg(): Optional parameter $saveandprint declared before required parameter $fore_color is implicitly treated as a required parameter in D:\client1\vendor\phpqrcode\qrvect.php on line 140
[24-Aug-2026 22:12:28 Asia/Riyadh] [QR LIB] Creation of dynamic property QRencode::$cmyk is deprecated
[24-Aug-2026 22:12:28 Asia/Riyadh] [QR LIB] Implicit conversion from float 0.2 to int loses precision
[24-Aug-2026 22:12:28 Asia/Riyadh] [QR LIB] Implicit conversion from float 0.4 to int loses precision
[24-Aug-2026 22:12:28 Asia/Riyadh] [QR LIB] Implicit conversion from float 0.6 to int loses precision
[24-Aug-2026 22:12:28 Asia/Riyadh] [QR LIB] Implicit conversion from float 0.8 to int loses precision
[24-Aug-2026 22:12:28 Asia/Riyadh] [QR LIB] Implicit conversion from float 1.2 to int loses precision
[24-Aug-2026 22:12:28 Asia/Riyadh] [QR LIB] Implicit conversion from float 1.4 to int loses precision
[24-Aug-2026 22:12:28 Asia/Riyadh] [QR LIB] Implicit conversion from float 1.6 to int loses precision
[24-Aug-2026 22:12:28 Asia/Riyadh] [QR LIB] Implicit conversion from float 1.8 to int loses precision
[24-Aug-2026 22:12:28 Asia/Riyadh] [QR LIB] Implicit conversion from float 2.2 to int loses precision
[24-Aug-2026 22:12:28 Asia/Riyadh] [QR LIB] Implicit conversion from float 2.4 to int loses precision
[24-Aug-2026 22:12:28 Asia/Riyadh] [QR LIB] Implicit conversion from float 2.6 to int loses precision
[24-Aug-2026 22:12:28 Asia/Riyadh] [QR LIB] Implicit conversion from float 2.8 to int loses precision
[24-Aug-2026 22:12:28 Asia/Riyadh] [QR LIB] Implicit conversion from float 3.2 to int loses precision
[24-Aug-2026 22:12:28 Asia/Riyadh] [QR LIB] Implicit conversion from float 3.4 to int loses precision
[24-Aug-2026 22:12:28 Asia/Riyadh] [QR LIB] Implicit conversion from float 3.6 to int loses precision
[24-Aug-2026 22:12:28 Asia/Riyadh] [QR LIB] Implicit conversion from float 3.8 to int loses precision
[24-Aug-2026 22:12:28 Asia/Riyadh] [QR LIB] Implicit conversion from float 4.2 to int loses precision
[24-Aug-2026 22:12:28 Asia/Riyadh] [QR LIB] Implicit conversion from float 4.4 to int loses precision
[24-Aug-2026 22:12:28 Asia/Riyadh] [QR LIB] Implicit conversion from float 4.6 to int loses precision
[24-Aug-2026 22:12:28 Asia/Riyadh] [QR LIB] Implicit conversion from float 4.8 to int loses precision
[24-Aug-2026 22:12:28 Asia/Riyadh] [QR LIB] Implicit conversion from float 5.2 to int loses precision
[24-Aug-2026 22:12:28 Asia/Riyadh] [QR LIB] Implicit conversion from float 5.4 to int loses precision
[24-Aug-2026 22:12:28 Asia/Riyadh] [QR LIB] Implicit conversion from float 5.6 to int loses precision
[24-Aug-2026 22:12:28 Asia/Riyadh] [QR LIB] Implicit conversion from float 5.8 to int loses precision
[24-Aug-2026 22:12:28 Asia/Riyadh] [QR LIB] Implicit conversion from float 6.2 to int loses precision
[24-Aug-2026 22:12:28 Asia/Riyadh] [QR LIB] Implicit conversion from float 6.4 to int loses precision
[24-Aug-2026 22:12:28 Asia/Riyadh] [QR LIB] Implicit conversion from float 6.6 to int loses precision
[24-Aug-2026 22:12:28 Asia/Riyadh] [QR LIB] Implicit conversion from float 6.8 to int loses precision
[24-Aug-2026 22:12:28 Asia/Riyadh] [QR LIB] Implicit conversion from float 7.2 to int loses precision
[24-Aug-2026 22:12:28 Asia/Riyadh] [QR LIB] Implicit conversion from float 7.4 to int loses precision
[24-Aug-2026 22:12:28 Asia/Riyadh] [QR LIB] Implicit conversion from float 7.6 to int loses precision
[24-Aug-2026 22:12:28 Asia/Riyadh] [QR LIB] Implicit conversion from float 7.8 to int loses precision
[24-Aug-2026 22:12:28 Asia/Riyadh] [QR LIB] Implicit conversion from float 8.2 to int loses precision
[24-Aug-2026 22:12:28 Asia/Riyadh] [QR LIB] Implicit conversion from float 8.4 to int loses precision
[24-Aug-2026 22:12:28 Asia/Riyadh] [QR LIB] Implicit conversion from float 8.6 to int loses precision
[24-Aug-2026 22:12:28 Asia/Riyadh] [QR LIB] Implicit conversion from float 8.8 to int loses precision
[24-Aug-2026 22:12:28 Asia/Riyadh] [QR LIB] Implicit conversion from float 9.2 to int loses precision
[24-Aug-2026 22:12:28 Asia/Riyadh] [QR LIB] Implicit conversion from float 9.4 to int loses precision
[24-Aug-2026 22:12:28 Asia/Riyadh] [QR LIB] Implicit conversion from float 9.6 to int loses precision
[24-Aug-2026 22:12:28 Asia/Riyadh] [QR LIB] Implicit conversion from float 9.8 to int loses precision
[24-Aug-2026 22:12:28 Asia/Riyadh] [QR LIB] Implicit conversion from float 10.2 to int loses precision
[24-Aug-2026 22:12:28 Asia/Riyadh] [QR LIB] Implicit conversion from float 10.4 to int loses precision
[24-Aug-2026 22:12:28 Asia/Riyadh] [QR LIB] Implicit conversion from float 10.6 to int loses precision
[24-Aug-2026 22:12:28 Asia/Riyadh] [QR LIB] Implicit conversion from float 10.8 to int loses precision
[24-Aug-2026 22:12:28 Asia/Riyadh] [QR LIB] Implicit conversion from float 11.2 to int loses precision
[24-Aug-2026 22:12:28 Asia/Riyadh] [QR LIB] Implicit conversion from float 11.4 to int loses precision
[24-Aug-2026 22:12:28 Asia/Riyadh] [QR LIB] Implicit conversion from float 11.6 to int loses precision
[24-Aug-2026 22:12:28 Asia/Riyadh] [QR LIB] Implicit conversion from float 11.8 to int loses precision
[24-Aug-2026 22:12:28 Asia/Riyadh] [QR LIB] Implicit conversion from float 12.2 to int loses precision
[24-Aug-2026 22:12:28 Asia/Riyadh] [QR LIB] Implicit conversion from float 12.4 to int loses precision
[24-Aug-2026 22:12:28 Asia/Riyadh] [QR LIB] Implicit conversion from float 12.6 to int loses precision
[24-Aug-2026 22:12:28 Asia/Riyadh] [QR LIB] Implicit conversion from float 12.8 to int loses precision
[24-Aug-2026 22:12:28 Asia/Riyadh] [QR LIB] Implicit conversion from float 0.2 to int loses precision
[24-Aug-2026 22:12:28 Asia/Riyadh] [QR LIB] Implicit conversion from float 0.4 to int loses precision
[24-Aug-2026 22:12:28 Asia/Riyadh] [QR LIB] Implicit conversion from float 0.6 to int loses precision
[24-Aug-2026 22:12:28 Asia/Riyadh] [QR LIB] Implicit conversion from float 0.8 to int loses precision
[24-Aug-2026 22:12:28 Asia/Riyadh] [QR LIB] Implicit conversion from float 1.2 to int loses precision
[24-Aug-2026 22:12:28 Asia/Riyadh] [QR LIB] Implicit conversion from float 1.4 to int loses precision
[24-Aug-2026 22:12:28 Asia/Riyadh] [QR LIB] Implicit conversion from float 1.6 to int loses precision
[24-Aug-2026 22:12:28 Asia/Riyadh] [QR LIB] Implicit conversion from float 1.8 to int loses precision
[24-Aug-2026 22:12:28 Asia/Riyadh] [QR LIB] Implicit conversion from float 2.2 to int loses precision
[24-Aug-2026 22:12:28 Asia/Riyadh] [QR LIB] Implicit conversion from float 2.4 to int loses precision
[24-Aug-2026 22:12:28 Asia/Riyadh] [QR LIB] Implicit conversion from float 2.6 to int loses precision
[24-Aug-2026 22:12:28 Asia/Riyadh] [QR LIB] Implicit conversion from float 2.8 to int loses precision
[24-Aug-2026 22:12:28 Asia/Riyadh] [QR LIB] Implicit conversion from float 3.2 to int loses precision
[24-Aug-2026 22:12:28 Asia/Riyadh] [QR LIB] Implicit conversion from float 3.4 to int loses precision
[24-Aug-2026 22:12:28 Asia/Riyadh] [QR LIB] Implicit conversion from float 3.6 to int loses precision
[24-Aug-2026 22:12:28 Asia/Riyadh] [QR LIB] Implicit conversion from float 3.8 to int loses precision
[24-Aug-2026 22:12:28 Asia/Riyadh] [QR LIB] Implicit conversion from float 4.2 to int loses precision
[24-Aug-2026 22:12:28 Asia/Riyadh] [QR LIB] Implicit conversion from float 4.4 to int loses precision
[24-Aug-2026 22:12:28 Asia/Riyadh] [QR LIB] Implicit conversion from float 4.6 to int loses precision
[24-Aug-2026 22:12:28 Asia/Riyadh] [QR LIB] Implicit conversion from float 4.8 to int loses precision
[24-Aug-2026 22:12:28 Asia/Riyadh] [QR LIB] Implicit conversion from float 5.2 to int loses precision
[24-Aug-2026 22:12:28 Asia/Riyadh] [QR LIB] Implicit conversion from float 5.4 to int loses precision
[24-Aug-2026 22:12:28 Asia/Riyadh] [QR LIB] Implicit conversion from float 5.6 to int loses precision
[24-Aug-2026 22:12:28 Asia/Riyadh] [QR LIB] Implicit conversion from float 5.8 to int loses precision
[24-Aug-2026 22:12:28 Asia/Riyadh] [QR LIB] Implicit conversion from float 6.2 to int loses precision
[24-Aug-2026 22:12:28 Asia/Riyadh] [QR LIB] Implicit conversion from float 6.4 to int loses precision
[24-Aug-2026 22:12:28 Asia/Riyadh] [QR LIB] Implicit conversion from float 6.6 to int loses precision
[24-Aug-2026 22:12:28 Asia/Riyadh] [QR LIB] Implicit conversion from float 6.8 to int loses precision
[24-Aug-2026 22:12:28 Asia/Riyadh] [QR LIB] Implicit conversion from float 7.2 to int loses precision
[24-Aug-2026 22:12:28 Asia/Riyadh] [QR LIB] Implicit conversion from float 7.4 to int loses precision
[24-Aug-2026 22:12:28 Asia/Riyadh] [QR LIB] Implicit conversion from float 7.6 to int loses precision
[24-Aug-2026 22:12:28 Asia/Riyadh] [QR LIB] Implicit conversion from float 7.8 to int loses precision
[24-Aug-2026 22:12:28 Asia/Riyadh] [QR LIB] Implicit conversion from float 8.2 to int loses precision
[24-Aug-2026 22:12:28 Asia/Riyadh] [QR LIB] Implicit conversion from float 8.4 to int loses precision
[24-Aug-2026 22:12:28 Asia/Riyadh] [QR LIB] Implicit conversion from float 8.6 to int loses precision
[24-Aug-2026 22:12:28 Asia/Riyadh] [QR LIB] Implicit conversion from float 8.8 to int loses precision
[24-Aug-2026 22:12:28 Asia/Riyadh] [QR LIB] Implicit conversion from float 9.2 to int loses precision
[24-Aug-2026 22:12:28 Asia/Riyadh] [QR LIB] Implicit conversion from float 9.4 to int loses precision
[24-Aug-2026 22:12:28 Asia/Riyadh] [QR LIB] Implicit conversion from float 9.6 to int loses precision
[24-Aug-2026 22:12:28 Asia/Riyadh] [QR LIB] Implicit conversion from float 9.8 to int loses precision
[24-Aug-2026 22:12:28 Asia/Riyadh] [QR LIB] Implicit conversion from float 10.2 to int loses precision
[24-Aug-2026 22:12:28 Asia/Riyadh] [QR LIB] Implicit conversion from float 10.4 to int loses precision
[24-Aug-2026 22:12:28 Asia/Riyadh] [QR LIB] Implicit conversion from float 10.6 to int loses precision
[24-Aug-2026 22:12:28 Asia/Riyadh] [QR LIB] Implicit conversion from float 10.8 to int loses precision
[24-Aug-2026 22:12:28 Asia/Riyadh] [QR LIB] Implicit conversion from float 11.2 to int loses precision
[24-Aug-2026 22:12:28 Asia/Riyadh] [QR LIB] Implicit conversion from float 11.4 to int loses precision
[24-Aug-2026 22:12:28 Asia/Riyadh] [QR LIB] Implicit conversion from float 11.6 to int loses precision
[24-Aug-2026 22:12:28 Asia/Riyadh] [QR LIB] Implicit conversion from float 11.8 to int loses precision
[24-Aug-2026 22:12:28 Asia/Riyadh] [QR LIB] Implicit conversion from float 12.2 to int loses precision
[24-Aug-2026 22:12:28 Asia/Riyadh] [QR LIB] Implicit conversion from float 12.4 to int loses precision
[24-Aug-2026 22:12:28 Asia/Riyadh] [QR LIB] Implicit conversion from float 12.6 to int loses precision
[24-Aug-2026 22:12:28 Asia/Riyadh] [QR LIB] Implicit conversion from float 12.8 to int loses precision
[24-Aug-2026 22:12:28 Asia/Riyadh] [QR LIB] Implicit conversion from float 13.2 to int loses precision
[24-Aug-2026 22:12:28 Asia/Riyadh] [QR LIB] Implicit conversion from float 13.4 to int loses precision
[24-Aug-2026 22:12:28 Asia/Riyadh] [QR LIB] Implicit conversion from float 13.6 to int loses precision
[24-Aug-2026 22:12:28 Asia/Riyadh] [QR LIB] Implicit conversion from float 13.8 to int loses precision
[24-Aug-2026 22:12:28 Asia/Riyadh] [QR LIB] Implicit conversion from float 14.2 to int loses precision
[24-Aug-2026 22:12:28 Asia/Riyadh] [QR LIB] Implicit conversion from float 14.4 to int loses precision
[24-Aug-2026 22:12:28 Asia/Riyadh] [QR LIB] Implicit conversion from float 14.6 to int loses precision
[24-Aug-2026 22:12:28 Asia/Riyadh] [QR LIB] Implicit conversion from float 14.8 to int loses precision
[24-Aug-2026 22:12:28 Asia/Riyadh] [QR LIB] Implicit conversion from float 15.2 to int loses precision
[24-Aug-2026 22:12:28 Asia/Riyadh] [QR LIB] Implicit conversion from float 15.4 to int loses precision
[24-Aug-2026 22:12:28 Asia/Riyadh] [QR LIB] Implicit conversion from float 15.6 to int loses precision
[24-Aug-2026 22:12:28 Asia/Riyadh] [QR LIB] Implicit conversion from float 15.8 to int loses precision
[24-Aug-2026 22:12:28 Asia/Riyadh] [QR LIB] Implicit conversion from float 16.2 to int loses precision
[24-Aug-2026 22:12:28 Asia/Riyadh] [QR LIB] Implicit conversion from float 16.4 to int loses precision
[24-Aug-2026 22:12:28 Asia/Riyadh] [QR LIB] Implicit conversion from float 16.6 to int loses precision
[24-Aug-2026 22:12:28 Asia/Riyadh] [QR LIB] Implicit conversion from float 16.8 to int loses precision
[24-Aug-2026 22:12:28 Asia/Riyadh] [QR LIB] Implicit conversion from float 17.2 to int loses precision
[24-Aug-2026 22:12:28 Asia/Riyadh] [QR LIB] Implicit conversion from float 17.4 to int loses precision
[24-Aug-2026 22:12:28 Asia/Riyadh] [QR LIB] Implicit conversion from float 17.6 to int loses precision
[24-Aug-2026 22:12:28 Asia/Riyadh] [QR LIB] Implicit conversion from float 17.8 to int loses precision
[24-Aug-2026 22:12:28 Asia/Riyadh] [QR LIB] Implicit conversion from float 18.2 to int loses precision
[24-Aug-2026 22:12:28 Asia/Riyadh] [QR LIB] Implicit conversion from float 18.4 to int loses precision
[24-Aug-2026 22:12:28 Asia/Riyadh] [QR LIB] Implicit conversion from float 18.6 to int loses precision
[24-Aug-2026 22:12:28 Asia/Riyadh] [QR LIB] Implicit conversion from float 18.8 to int loses precision
[24-Aug-2026 22:12:28 Asia/Riyadh] [QR LIB] Implicit conversion from float 19.2 to int loses precision
[24-Aug-2026 22:12:28 Asia/Riyadh] [QR LIB] Implicit conversion from float 19.4 to int loses precision
[24-Aug-2026 22:12:28 Asia/Riyadh] [QR LIB] Implicit conversion from float 19.6 to int loses precision
[24-Aug-2026 22:12:28 Asia/Riyadh] [QR LIB] Implicit conversion from float 19.8 to int loses precision
[24-Aug-2026 22:12:28 Asia/Riyadh] [QR LIB] Implicit conversion from float 20.2 to int loses precision
[24-Aug-2026 22:12:28 Asia/Riyadh] [QR LIB] Implicit conversion from float 20.4 to int loses precision
[24-Aug-2026 22:12:28 Asia/Riyadh] [QR LIB] Implicit conversion from float 20.6 to int loses precision
[24-Aug-2026 22:12:28 Asia/Riyadh] [QR LIB] Implicit conversion from float 20.8 to int loses precision
[24-Aug-2026 22:12:28 Asia/Riyadh] [QR LIB] Implicit conversion from float 21.2 to int loses precision
[24-Aug-2026 22:12:28 Asia/Riyadh] [QR LIB] Implicit conversion from float 21.4 to int loses precision
[24-Aug-2026 22:12:28 Asia/Riyadh] [QR LIB] Implicit conversion from float 21.6 to int loses precision
[24-Aug-2026 22:12:28 Asia/Riyadh] [QR LIB] Implicit conversion from float 21.8 to int loses precision
[24-Aug-2026 22:12:28 Asia/Riyadh] [QR LIB] Implicit conversion from float 22.2 to int loses precision
[24-Aug-2026 22:12:28 Asia/Riyadh] [QR LIB] Implicit conversion from float 22.4 to int loses precision
[24-Aug-2026 22:12:28 Asia/Riyadh] [QR LIB] Implicit conversion from float 22.6 to int loses precision
[24-Aug-2026 22:12:28 Asia/Riyadh] [QR LIB] Implicit conversion from float 22.8 to int loses precision
[24-Aug-2026 22:12:28 Asia/Riyadh] [QR LIB] Implicit conversion from float 23.2 to int loses precision
[24-Aug-2026 22:12:28 Asia/Riyadh] [QR LIB] Implicit conversion from float 23.4 to int loses precision
[24-Aug-2026 22:12:28 Asia/Riyadh] [QR LIB] Implicit conversion from float 23.6 to int loses precision
[24-Aug-2026 22:12:28 Asia/Riyadh] [QR LIB] Implicit conversion from float 23.8 to int loses precision
[24-Aug-2026 22:12:28 Asia/Riyadh] [QR LIB] Implicit conversion from float 24.2 to int loses precision
[24-Aug-2026 22:12:28 Asia/Riyadh] [QR LIB] Implicit conversion from float 24.4 to int loses precision
[24-Aug-2026 22:12:28 Asia/Riyadh] [QR LIB] Implicit conversion from float 24.6 to int loses precision
[24-Aug-2026 22:12:28 Asia/Riyadh] [QR LIB] Implicit conversion from float 24.8 to int loses precision
[24-Aug-2026 22:12:28 Asia/Riyadh] [QR LIB] Implicit conversion from float 25.2 to int loses precision
[24-Aug-2026 22:12:28 Asia/Riyadh] [QR LIB] Implicit conversion from float 25.4 to int loses precision
[24-Aug-2026 22:12:28 Asia/Riyadh] [QR LIB] Implicit conversion from float 25.6 to int loses precision
[24-Aug-2026 22:12:28 Asia/Riyadh] [QR LIB] Implicit conversion from float 25.8 to int loses precision
[24-Aug-2026 22:12:29 Asia/Riyadh] [REQ] sid=09b0756faf4b83cc6049ac74de06f6a8 user=yes GET /admin/documents cookie=yes
[24-Aug-2026 22:20:46 Asia/Riyadh] [REQ] sid=edd331c29e5cae5414f0a5f174e99942 user=yes GET /admin/documents/7/qr cookie=yes
[24-Aug-2026 22:20:46 Asia/Riyadh] [REQ] sid=edd331c29e5cae5414f0a5f174e99942 user=yes GET /admin/documents/7/qr/image cookie=yes
